book	sheet	sheetRow	pp	subject	planThousand	factThousand	reason	detail
УЭР	ВСЕ	53	34	Образовательные услуги (курсы повышения квалификации)	85.535	0	year:noYear	P=""
УЭР	ВСЕ	60	32	Услуги по поверке узлов учета тепловой энергии	52.35	0	year:noYear	P=""
УЭР	ВСЕ	61	63	Проведение семинара по дополнительной образовательной программе «Контрактная система в сфе	190	0	year:noYear	P=""
УЭР	ВСЕ	63	38	Услуги связи (Ростелеком)	243.28	243.28	year:foreign	P=2025
УЭР	ВСЕ	64	39	Услуги связи, межгород (Ростелеком)	10.33	10.33	year:foreign	P=2025
УЭР	ВСЕ	65	37	Содержание общедомового имущества	164.69	164.69	year:foreign	P=2025
УЭР	ВСЕ	66	43	Услуги по ТКО	254.99	238.54	year:foreign	P=2025
УЭР	ВСЕ	67	1	Оказание услуг по техническому обслуживанию и ремонту узлов учета тепловой энергии (УУТЭ)	65	63	year:foreign	P=2025
УЭР	ВСЕ	68	2	Оказание услуг по профилактическому техническому обслуживанию и планово-предупредительному	110.5	99.6	year:foreign	P=2025
УЭР	ВСЕ	69	30	Услуги предоставления платной статистической информации	130	130	year:foreign	P=2025
УЭР	ВСЕ	70	40	Услуги теплоснабжения	3202.1	3202.1	year:foreign	P=2025
УЭР	ВСЕ	71	41	Услуги электроснабжения	833.15	833.15	year:foreign	P=2025
УЭР	ВСЕ	88	93	Поставка чугунных радиаторов и комплектующих к ним	196.96	0	year:noYear	P=""
УЭР	ВСЕ	89	94	Поставка офисной мебели (2)	65.09	0	year:noYear	P=""
УЭР	ВСЕ	90			0	0	filter:score<3	A="" G="" L="" F="" K="0" N=""
УЭР	ВСЕ	91			0	0	filter:score<3	A="" G="" L="" F="" K="0" N=""
УЭР	ВСЕ	92			0	0	filter:score<3	A="" G="" L="" F="" K="0" N=""
УЭР	ВСЕ	93			0	0	filter:score<3	A="" G="" L="" F="" K="0" N=""
УЭР	ВСЕ	94			0	0	filter:score<3	A="" G="" L="" F="" K="0" N=""
УЭР	ВСЕ	95			0	0	filter:score<3	A="" G="" L="" F="" K="0" N=""
УЭР	ВСЕ	96			0	0	filter:score<3	A="" G="" L="" F="" K="0" N=""
УЭР	ВСЕ	97			0	0	filter:score<3	A="" G="" L="" F="" K="0" N=""
УЭР	ВСЕ	98			0	0	filter:score<3	A="" G="" L="" F="" K="0" N=""
УЭР	ВСЕ	99			0	0	filter:score<3	A="" G="" L="" F="" K="0" N=""
УЭР	ВСЕ	100			0	0	filter:score<3	A="" G="" L="" F="" K="0" N=""
УЭР	ВСЕ	101			0	0	filter:score<3	A="" G="" L="" F="" K="0" N=""
УЭР	ВСЕ	102			0	0	filter:score<3	A="" G="" L="" F="" K="0" N=""
УЭР	ВСЕ	103			0	0	filter:score<3	A="" G="" L="" F="" K="0" N=""
УЭР	ВСЕ	104			0	0	filter:score<3	A="" G="" L="" F="" K="0" N=""
УЭР	ВСЕ	105			0	0	filter:score<3	A="" G="" L="" F="" K="0" N=""
УЭР	ВСЕ	106			0	0	filter:score<3	A="" G="" L="" F="" K="0" N=""
УЭР	ВСЕ	107			0	0	filter:score<3	A="" G="" L="" F="" K="0" N=""
УЭР	ВСЕ	108			0	0	filter:score<3	A="" G="" L="" F="" K="0" N=""
УЭР	ВСЕ	109			0	0	filter:score<3	A="" G="" L="" F="" K="0" N=""
УЭР	ВСЕ	110			0	0	filter:score<3	A="" G="" L="" F="" K="0" N=""
УЭР	ВСЕ	111			0	0	filter:score<3	A="" G="" L="" F="" K="0" N=""
УЭР	ВСЕ	112			0	0	filter:score<3	A="" G="" L="" F="" K="0" N=""
УЭР	ВСЕ	113			0	0	filter:score<3	A="" G="" L="" F="" K="0" N=""
УЭР	ВСЕ	114			0	0	filter:score<3	A="" G="" L="" F="" K="0" N=""
УЭР	ВСЕ	115			0	0	filter:score<3	A="" G="" L="" F="" K="0" N=""
УЭР	ВСЕ	116			0	0	filter:score<3	A="" G="" L="" F="" K="0" N=""
УЭР	ВСЕ	117			0	0	filter:score<3	A="" G="" L="" F="" K="0" N=""
УЭР	ВСЕ	118			0	0	filter:score<3	A="" G="" L="" F="" K="0" N=""
УЭР	ВСЕ	119			0	0	filter:score<3	A="" G="" L="" F="" K="0" N=""
УЭР	ВСЕ	120			0	0	filter:score<3	A="" G="" L="" F="" K="0" N=""
УЭР	ВСЕ	121			0	0	filter:score<3	A="" G="" L="" F="" K="0" N=""
УЭР	ВСЕ	122			0	0	filter:score<3	A="" G="" L="" F="" K="0" N=""
УЭР	ВСЕ	123			0	0	filter:score<3	A="" G="" L="" F="" K="0" N=""
УЭР	ВСЕ	124			0	0	filter:score<3	A="" G="" L="" F="" K="0" N=""
УЭР	ВСЕ	125			0	0	filter:score<3	A="" G="" L="" F="" K="0" N=""
УЭР	ВСЕ	126			0	0	filter:score<3	A="" G="" L="" F="" K="0" N=""
УЭР	ВСЕ	127			0	0	filter:score<3	A="" G="" L="" F="" K="0" N=""
УЭР	ВСЕ	128			0	0	filter:score<3	A="" G="" L="" F="" K="0" N=""
УЭР	ВСЕ	129			0	0	filter:score<3	A="" G="" L="" F="" K="0" N=""
УЭР	ВСЕ	130			0	0	filter:score<3	A="" G="" L="" F="" K="0" N=""
УЭР	ВСЕ	131			0	0	filter:score<3	A="" G="" L="" F="" K="0" N=""
УЭР	ВСЕ	132			0	0	filter:score<3	A="" G="" L="" F="" K="0" N=""
УЭР	ВСЕ	133			0	0	filter:score<3	A="" G="" L="" F="" K="0" N=""
УЭР	ВСЕ	134			0	0	filter:score<3	A="" G="" L="" F="" K="0" N=""
УЭР	ВСЕ	135			0	0	filter:score<3	A="" G="" L="" F="" K="0" N=""
УЭР	ВСЕ	136			0	0	filter:score<3	A="" G="" L="" F="" K="0" N=""
УЭР	ВСЕ	137			0	0	filter:score<3	A="" G="" L="" F="" K="0" N=""
УЭР	ВСЕ	138			0	0	filter:score<3	A="" G="" L="" F="" K="0" N=""
УЭР	ВСЕ	139			0	0	filter:score<3	A="" G="" L="" F="" K="0" N=""
УЭР	ВСЕ	140			0	0	filter:score<3	A="" G="" L="" F="" K="0" N=""
УЭР	ВСЕ	141			0	0	filter:score<3	A="" G="" L="" F="" K="0" N=""
УЭР	ВСЕ	142			0	0	filter:score<3	A="" G="" L="" F="" K="0" N=""
УЭР	ВСЕ	143			0	0	filter:score<3	A="" G="" L="" F="" K="0" N=""
УЭР	ВСЕ	144			0	0	filter:score<3	A="" G="" L="" F="" K="0" N=""
УЭР	ВСЕ	145			0	0	filter:score<3	A="" G="" L="" F="" K="0" N=""
УЭР	ВСЕ	146			0	0	filter:score<3	A="" G="" L="" F="" K="0" N=""
УЭР	ВСЕ	147			0	0	filter:score<3	A="" G="" L="" F="" K="0" N=""
УЭР	ВСЕ	148			0	0	filter:score<3	A="" G="" L="" F="" K="0" N=""
УЭР	ВСЕ	149			0	0	filter:score<3	A="" G="" L="" F="" K="0" N=""
УЭР	ВСЕ	150			0	0	filter:score<3	A="" G="" L="" F="" K="0" N=""
УЭР	ВСЕ	151			0	0	filter:score<3	A="" G="" L="" F="" K="0" N=""
УЭР	ВСЕ	152			0	0	filter:score<3	A="" G="" L="" F="" K="0" N=""
УЭР	ВСЕ	153			0	0	filter:score<3	A="" G="" L="" F="" K="0" N=""
УЭР	ВСЕ	154			0	0	filter:score<3	A="" G="" L="" F="" K="0" N=""
УЭР	ВСЕ	155			0	0	filter:score<3	A="" G="" L="" F="" K="0" N=""
УЭР	ВСЕ	156			0	0	filter:score<3	A="" G="" L="" F="" K="0" N=""
УЭР	ВСЕ	157			0	0	filter:score<3	A="" G="" L="" F="" K="0" N=""
УЭР	ВСЕ	158			0	0	filter:score<3	A="" G="" L="" F="" K="0" N=""
УЭР	ВСЕ	159			0	0	filter:score<3	A="" G="" L="" F="" K="0" N=""
УЭР	ВСЕ	160			0	0	filter:score<3	A="" G="" L="" F="" K="0" N=""
УЭР	ВСЕ	161			0	0	filter:score<3	A="" G="" L="" F="" K="0" N=""
УЭР	ВСЕ	162			0	0	filter:score<3	A="" G="" L="" F="" K="0" N=""
УЭР	ВСЕ	163			0	0	filter:score<3	A="" G="" L="" F="" K="0" N=""
УЭР	ВСЕ	164			0	0	filter:score<3	A="" G="" L="" F="" K="0" N=""
УЭР	ВСЕ	165			0	0	filter:score<3	A="" G="" L="" F="" K="0" N=""
УЭР	ВСЕ	166			0	0	filter:score<3	A="" G="" L="" F="" K="0" N=""
УЭР	ВСЕ	167			0	0	filter:score<3	A="" G="" L="" F="" K="0" N=""
УЭР	ВСЕ	168			0	0	filter:score<3	A="" G="" L="" F="" K="0" N=""
УЭР	ВСЕ	169			0	0	filter:score<3	A="" G="" L="" F="" K="0" N=""
УЭР	ВСЕ	170			0	0	filter:score<3	A="" G="" L="" F="" K="0" N=""
УЭР	ВСЕ	171			0	0	filter:score<3	A="" G="" L="" F="" K="0" N=""
УЭР	ВСЕ	172			0	0	filter:score<3	A="" G="" L="" F="" K="0" N=""
УЭР	ВСЕ	173			0	0	filter:score<3	A="" G="" L="" F="" K="0" N=""
УЭР	ВСЕ	174			0	0	filter:score<3	A="" G="" L="" F="" K="0" N=""
УЭР	ВСЕ	175			0	0	filter:score<3	A="" G="" L="" F="" K="0" N=""
УЭР	ВСЕ	176			0	0	filter:score<3	A="" G="" L="" F="" K="0" N=""
УЭР	ВСЕ	177			0	0	filter:score<3	A="" G="" L="" F="" K="0" N=""
УЭР	ВСЕ	178			0	0	filter:score<3	A="" G="" L="" F="" K="0" N=""
УЭР	ВСЕ	179			0	0	filter:score<3	A="" G="" L="" F="" K="0" N=""
УЭР	ВСЕ	180			0	0	filter:score<3	A="" G="" L="" F="" K="0" N=""
УЭР	ВСЕ	181			0	0	filter:score<3	A="" G="" L="" F="" K="0" N=""
УЭР	ВСЕ	182			0	0	filter:score<3	A="" G="" L="" F="" K="0" N=""
УЭР	ВСЕ	183			0	0	filter:score<3	A="" G="" L="" F="" K="0" N=""
УЭР	ВСЕ	184			0	0	filter:score<3	A="" G="" L="" F="" K="0" N=""
УЭР	ВСЕ	185			0	0	filter:score<3	A="" G="" L="" F="" K="0" N=""
УЭР	ВСЕ	186			0	0	filter:score<3	A="" G="" L="" F="" K="0" N=""
УЭР	ВСЕ	187			0	0	filter:score<3	A="" G="" L="" F="" K="0" N=""
УЭР	ВСЕ	188			0	0	filter:score<3	A="" G="" L="" F="" K="0" N=""
УЭР	ВСЕ	189			0	0	filter:score<3	A="" G="" L="" F="" K="0" N=""
УЭР	ВСЕ	190			0	0	filter:score<3	A="" G="" L="" F="" K="0" N=""
УЭР	ВСЕ	191			0	0	filter:score<3	A="" G="" L="" F="" K="0" N=""
УЭР	ВСЕ	192			0	0	filter:score<3	A="" G="" L="" F="" K="0" N=""
УЭР	ВСЕ	193			0	0	filter:score<3	A="" G="" L="" F="" K="0" N=""
УЭР	ВСЕ	194			0	0	filter:score<3	A="" G="" L="" F="" K="0" N=""
УЭР	ВСЕ	195			0	0	filter:score<3	A="" G="" L="" F="" K="0" N=""
УЭР	ВСЕ	196			0	0	filter:score<3	A="" G="" L="" F="" K="0" N=""
УЭР	ВСЕ	197			0	0	filter:score<3	A="" G="" L="" F="" K="0" N=""
УЭР	ВСЕ	198			0	0	filter:score<3	A="" G="" L="" F="" K="0" N=""
УЭР	ВСЕ	199			0	0	filter:score<3	A="" G="" L="" F="" K="0" N=""
УЭР	ВСЕ	200			0	0	filter:score<3	A="" G="" L="" F="" K="0" N=""
УЭР	ВСЕ	201			0	0	filter:score<3	A="" G="" L="" F="" K="0" N=""
УЭР	ВСЕ	202			0	0	filter:score<3	A="" G="" L="" F="" K="0" N=""
УЭР	ВСЕ	203			0	0	filter:score<3	A="" G="" L="" F="" K="0" N=""
УЭР	ВСЕ	204			0	0	filter:score<3	A="" G="" L="" F="" K="0" N=""
УЭР	ВСЕ	205			0	0	filter:score<3	A="" G="" L="" F="" K="0" N=""
УЭР	ВСЕ	206			0	0	filter:score<3	A="" G="" L="" F="" K="0" N=""
УЭР	ВСЕ	207			0	0	filter:score<3	A="" G="" L="" F="" K="0" N=""
УЭР	ВСЕ	208			0	0	filter:score<3	A="" G="" L="" F="" K="0" N=""
УЭР	ВСЕ	209			0	0	filter:score<3	A="" G="" L="" F="" K="0" N=""
УЭР	ВСЕ	210			0	0	filter:score<3	A="" G="" L="" F="" K="0" N=""
УЭР	ВСЕ	211			0	0	filter:score<3	A="" G="" L="" F="" K="0" N=""
УЭР	ВСЕ	212			0	0	filter:score<3	A="" G="" L="" F="" K="0" N=""
УЭР	ВСЕ	213			0	0	filter:score<3	A="" G="" L="" F="" K="0" N=""
УЭР	ВСЕ	214			0	0	filter:score<3	A="" G="" L="" F="" K="0" N=""
УЭР	ВСЕ	215			0	0	filter:score<3	A="" G="" L="" F="" K="0" N=""
УЭР	ВСЕ	216			0	0	filter:score<3	A="" G="" L="" F="" K="0" N=""
УЭР	ВСЕ	217			0	0	filter:score<3	A="" G="" L="" F="" K="0" N=""
УЭР	ВСЕ	218			0	0	filter:score<3	A="" G="" L="" F="" K="0" N=""
УЭР	ВСЕ	219			0	0	filter:score<3	A="" G="" L="" F="" K="0" N=""
УЭР	ВСЕ	220			0	0	filter:score<3	A="" G="" L="" F="" K="0" N=""
УЭР	ВСЕ	221			0	0	filter:score<3	A="" G="" L="" F="" K="0" N=""
УЭР	ВСЕ	222			0	0	filter:score<3	A="" G="" L="" F="" K="0" N=""
УЭР	ВСЕ	223			0	0	filter:score<3	A="" G="" L="" F="" K="0" N=""
УЭР	ВСЕ	224			0	0	filter:score<3	A="" G="" L="" F="" K="0" N=""
УЭР	ВСЕ	225			0	0	filter:score<3	A="" G="" L="" F="" K="0" N=""
УЭР	ВСЕ	226			0	0	filter:score<3	A="" G="" L="" F="" K="0" N=""
УЭР	ВСЕ	227			0	0	filter:score<3	A="" G="" L="" F="" K="0" N=""
УЭР	ВСЕ	228			0	0	filter:score<3	A="" G="" L="" F="" K="0" N=""
УЭР	ВСЕ	229			0	0	filter:score<3	A="" G="" L="" F="" K="0" N=""
УЭР	ВСЕ	230			0	0	filter:score<3	A="" G="" L="" F="" K="0" N=""
УЭР	ВСЕ	231			0	0	filter:score<3	A="" G="" L="" F="" K="0" N=""
УЭР	ВСЕ	232			0	0	filter:score<3	A="" G="" L="" F="" K="0" N=""
УЭР	ВСЕ	233			0	0	filter:score<3	A="" G="" L="" F="" K="0" N=""
УЭР	ВСЕ	234			0	0	filter:score<3	A="" G="" L="" F="" K="0" N=""
УЭР	ВСЕ	235			0	0	filter:score<3	A="" G="" L="" F="" K="0" N=""
УЭР	ВСЕ	236			0	0	filter:score<3	A="" G="" L="" F="" K="0" N=""
УЭР	ВСЕ	237			0	0	filter:score<3	A="" G="" L="" F="" K="0" N=""
УЭР	ВСЕ	238			0	0	filter:score<3	A="" G="" L="" F="" K="0" N=""
УЭР	ВСЕ	239			0	0	filter:score<3	A="" G="" L="" F="" K="0" N=""
УЭР	ВСЕ	240			0	0	filter:score<3	A="" G="" L="" F="" K="0" N=""
УЭР	ВСЕ	241			0	0	filter:score<3	A="" G="" L="" F="" K="0" N=""
УЭР	ВСЕ	242			0	0	filter:score<3	A="" G="" L="" F="" K="0" N=""
УЭР	ВСЕ	243			0	0	filter:score<3	A="" G="" L="" F="" K="0" N=""
УЭР	ВСЕ	244			0	0	filter:score<3	A="" G="" L="" F="" K="0" N=""
УЭР	ВСЕ	245			0	0	filter:score<3	A="" G="" L="" F="" K="0" N=""
УЭР	ВСЕ	246			0	0	filter:score<3	A="" G="" L="" F="" K="0" N=""
УЭР	ВСЕ	247			0	0	filter:score<3	A="" G="" L="" F="" K="0" N=""
УЭР	ВСЕ	248			0	0	filter:score<3	A="" G="" L="" F="" K="0" N=""
УЭР	ВСЕ	249			0	0	filter:score<3	A="" G="" L="" F="" K="0" N=""
УЭР	ВСЕ	250			0	0	filter:score<3	A="" G="" L="" F="" K="0" N=""
УЭР	ВСЕ	251			0	0	filter:score<3	A="" G="" L="" F="" K="0" N=""
УЭР	ВСЕ	252			0	0	filter:score<3	A="" G="" L="" F="" K="0" N=""
УЭР	ВСЕ	253			0	0	filter:score<3	A="" G="" L="" F="" K="0" N=""
УЭР	ВСЕ	254			0	0	filter:score<3	A="" G="" L="" F="" K="0" N=""
УЭР	ВСЕ	255			0	0	filter:score<3	A="" G="" L="" F="" K="0" N=""
УЭР	ВСЕ	256			0	0	filter:score<3	A="" G="" L="" F="" K="0" N=""
УЭР	ВСЕ	257			0	0	filter:score<3	A="" G="" L="" F="" K="0" N=""
УЭР	ВСЕ	258			0	0	filter:score<3	A="" G="" L="" F="" K="0" N=""
УЭР	ВСЕ	259			0	0	filter:score<3	A="" G="" L="" F="" K="0" N=""
УЭР	ВСЕ	260			0	0	filter:score<3	A="" G="" L="" F="" K="0" N=""
УЭР	ВСЕ	261			0	0	filter:score<3	A="" G="" L="" F="" K="0" N=""
УЭР	ВСЕ	262			0	0	filter:score<3	A="" G="" L="" F="" K="0" N=""
УЭР	ВСЕ	263			0	0	filter:score<3	A="" G="" L="" F="" K="0" N=""
УЭР	ВСЕ	264			0	0	filter:score<3	A="" G="" L="" F="" K="0" N=""
УЭР	ВСЕ	265			0	0	filter:score<3	A="" G="" L="" F="" K="0" N=""
УЭР	ВСЕ	266			0	0	filter:score<3	A="" G="" L="" F="" K="0" N=""
УЭР	ВСЕ	267			0	0	filter:score<3	A="" G="" L="" F="" K="0" N=""
УЭР	ВСЕ	268			0	0	filter:score<3	A="" G="" L="" F="" K="0" N=""
УЭР	ВСЕ	269			0	0	filter:score<3	A="" G="" L="" F="" K="0" N=""
УЭР	ВСЕ	270			0	0	filter:score<3	A="" G="" L="" F="" K="0" N=""
УЭР	ВСЕ	271			0	0	filter:score<3	A="" G="" L="" F="" K="0" N=""
УЭР	ВСЕ	272			0	0	filter:score<3	A="" G="" L="" F="" K="0" N=""
УЭР	ВСЕ	273			0	0	filter:score<3	A="" G="" L="" F="" K="0" N=""
УЭР	ВСЕ	274			0	0	filter:score<3	A="" G="" L="" F="" K="0" N=""
УЭР	ВСЕ	275			0	0	filter:score<3	A="" G="" L="" F="" K="0" N=""
УЭР	ВСЕ	276			0	0	filter:score<3	A="" G="" L="" F="" K="0" N=""
УЭР	ВСЕ	277			0	0	filter:score<3	A="" G="" L="" F="" K="0" N=""
УЭР	ВСЕ	278			0	0	filter:score<3	A="" G="" L="" F="" K="0" N=""
УЭР	ВСЕ	279			0	0	filter:score<3	A="" G="" L="" F="" K="0" N=""
УЭР	ВСЕ	280			0	0	filter:score<3	A="" G="" L="" F="" K="0" N=""
УЭР	ВСЕ	281			0	0	filter:score<3	A="" G="" L="" F="" K="0" N=""
УЭР	ВСЕ	282			0	0	filter:score<3	A="" G="" L="" F="" K="0" N=""
УЭР	ВСЕ	283			0	0	filter:score<3	A="" G="" L="" F="" K="0" N=""
УЭР	ВСЕ	284			0	0	filter:score<3	A="" G="" L="" F="" K="0" N=""
УЭР	ВСЕ	285			0	0	filter:score<3	A="" G="" L="" F="" K="0" N=""
УЭР	ВСЕ	286			0	0	filter:score<3	A="" G="" L="" F="" K="0" N=""
УЭР	ВСЕ	287			0	0	filter:score<3	A="" G="" L="" F="" K="0" N=""
УЭР	ВСЕ	288			0	0	filter:score<3	A="" G="" L="" F="" K="0" N=""
УЭР	ВСЕ	289			0	0	filter:score<3	A="" G="" L="" F="" K="0" N=""
УЭР	ВСЕ	290			0	0	filter:score<3	A="" G="" L="" F="" K="0" N=""
УЭР	ВСЕ	291			0	0	filter:score<3	A="" G="" L="" F="" K="0" N=""
УЭР	ВСЕ	292			0	0	filter:score<3	A="" G="" L="" F="" K="0" N=""
УЭР	ВСЕ	293			0	0	filter:score<3	A="" G="" L="" F="" K="0" N=""
УЭР	ВСЕ	294			0	0	filter:score<3	A="" G="" L="" F="" K="0" N=""
УЭР	ВСЕ	295			0	0	filter:score<3	A="" G="" L="" F="" K="0" N=""
УЭР	ВСЕ	296			0	0	filter:score<3	A="" G="" L="" F="" K="0" N=""
УЭР	ВСЕ	297			0	0	filter:score<3	A="" G="" L="" F="" K="0" N=""
УЭР	ВСЕ	298			0	0	filter:score<3	A="" G="" L="" F="" K="0" N=""
УЭР	ВСЕ	299			0	0	filter:score<3	A="" G="" L="" F="" K="0" N=""
УЭР	ВСЕ	300			0	0	filter:score<3	A="" G="" L="" F="" K="0" N=""
УЭР	ВСЕ	301			0	0	filter:score<3	A="" G="" L="" F="" K="0" N=""
УЭР	ВСЕ	302			0	0	filter:score<3	A="" G="" L="" F="" K="0" N=""
УЭР	ВСЕ	303			0	0	filter:score<3	A="" G="" L="" F="" K="0" N=""
УЭР	ВСЕ	304			0	0	filter:score<3	A="" G="" L="" F="" K="0" N=""
УЭР	ВСЕ	305			0	0	filter:score<3	A="" G="" L="" F="" K="0" N=""
УЭР	ВСЕ	306			0	0	filter:score<3	A="" G="" L="" F="" K="0" N=""
УЭР	ВСЕ	307			0	0	filter:score<3	A="" G="" L="" F="" K="0" N=""
УЭР	ВСЕ	308			0	0	filter:score<3	A="" G="" L="" F="" K="0" N=""
УЭР	ВСЕ	309			0	0	filter:score<3	A="" G="" L="" F="" K="0" N=""
УЭР	ВСЕ	310			0	0	filter:score<3	A="" G="" L="" F="" K="0" N=""
УЭР	ВСЕ	311			0	0	filter:score<3	A="" G="" L="" F="" K="0" N=""
УЭР	ВСЕ	312			0	0	filter:score<3	A="" G="" L="" F="" K="0" N=""
УЭР	ВСЕ	313			0	0	filter:score<3	A="" G="" L="" F="" K="0" N=""
УЭР	ВСЕ	314			0	0	filter:score<3	A="" G="" L="" F="" K="0" N=""
УЭР	ВСЕ	315			0	0	filter:score<3	A="" G="" L="" F="" K="0" N=""
УЭР	ВСЕ	316			0	0	filter:score<3	A="" G="" L="" F="" K="0" N=""
УЭР	ВСЕ	317			0	0	filter:score<3	A="" G="" L="" F="" K="0" N=""
УЭР	ВСЕ	318			0	0	filter:score<3	A="" G="" L="" F="" K="0" N=""
УЭР	ВСЕ	319			0	0	filter:score<3	A="" G="" L="" F="" K="0" N=""
УЭР	ВСЕ	320			0	0	filter:score<3	A="" G="" L="" F="" K="0" N=""
УЭР	ВСЕ	321			0	0	filter:score<3	A="" G="" L="" F="" K="0" N=""
УЭР	ВСЕ	322			0	0	filter:score<3	A="" G="" L="" F="" K="0" N=""
УЭР	ВСЕ	323			0	0	filter:score<3	A="" G="" L="" F="" K="0" N=""
УЭР	ВСЕ	324			0	0	filter:score<3	A="" G="" L="" F="" K="0" N=""
УЭР	ВСЕ	325			0	0	filter:score<3	A="" G="" L="" F="" K="0" N=""
УЭР	ВСЕ	326			0	0	filter:score<3	A="" G="" L="" F="" K="0" N=""
УЭР	ВСЕ	327			0	0	filter:score<3	A="" G="" L="" F="" K="0" N=""
УЭР	ВСЕ	328			0	0	filter:score<3	A="" G="" L="" F="" K="0" N=""
УЭР	ВСЕ	329			0	0	filter:score<3	A="" G="" L="" F="" K="0" N=""
УЭР	ВСЕ	330			0	0	filter:score<3	A="" G="" L="" F="" K="0" N=""
УЭР	ВСЕ	331			0	0	filter:score<3	A="" G="" L="" F="" K="0" N=""
УЭР	ВСЕ	332			0	0	filter:score<3	A="" G="" L="" F="" K="0" N=""
УЭР	ВСЕ	333			0	0	filter:score<3	A="" G="" L="" F="" K="0" N=""
УЭР	ВСЕ	334			0	0	filter:score<3	A="" G="" L="" F="" K="0" N=""
УЭР	ВСЕ	335			0	0	filter:score<3	A="" G="" L="" F="" K="0" N=""
УЭР	ВСЕ	336			0	0	filter:score<3	A="" G="" L="" F="" K="0" N=""
УЭР	ВСЕ	337			0	0	filter:score<3	A="" G="" L="" F="" K="0" N=""
УЭР	ВСЕ	338			0	0	filter:score<3	A="" G="" L="" F="" K="0" N=""
УЭР	ВСЕ	339			0	0	filter:score<3	A="" G="" L="" F="" K="0" N=""
УЭР	ВСЕ	340			0	0	filter:score<3	A="" G="" L="" F="" K="0" N=""
УЭР	ВСЕ	341			0	0	filter:score<3	A="" G="" L="" F="" K="0" N=""
УЭР	ВСЕ	342			0	0	filter:score<3	A="" G="" L="" F="" K="0" N=""
УЭР	ВСЕ	343			0	0	filter:score<3	A="" G="" L="" F="" K="0" N=""
УЭР	ВСЕ	344			0	0	filter:score<3	A="" G="" L="" F="" K="0" N=""
УЭР	ВСЕ	345			0	0	filter:score<3	A="" G="" L="" F="" K="0" N=""
УЭР	ВСЕ	346			0	0	filter:score<3	A="" G="" L="" F="" K="0" N=""
УЭР	ВСЕ	347			0	0	filter:score<3	A="" G="" L="" F="" K="0" N=""
УЭР	ВСЕ	348			0	0	filter:score<3	A="" G="" L="" F="" K="0" N=""
УЭР	ВСЕ	349			0	0	filter:score<3	A="" G="" L="" F="" K="0" N=""
УЭР	ВСЕ	350			0	0	filter:score<3	A="" G="" L="" F="" K="0" N=""
УЭР	ВСЕ	351			0	0	filter:score<3	A="" G="" L="" F="" K="0" N=""
УЭР	ВСЕ	352			0	0	filter:score<3	A="" G="" L="" F="" K="0" N=""
УЭР	ВСЕ	353			0	0	filter:score<3	A="" G="" L="" F="" K="0" N=""
УЭР	ВСЕ	354			0	0	filter:score<3	A="" G="" L="" F="" K="0" N=""
УЭР	ВСЕ	355			0	0	filter:score<3	A="" G="" L="" F="" K="0" N=""
УЭР	ВСЕ	356			0	0	filter:score<3	A="" G="" L="" F="" K="0" N=""
УЭР	ВСЕ	357			0	0	filter:score<3	A="" G="" L="" F="" K="0" N=""
УЭР	ВСЕ	358			0	0	filter:score<3	A="" G="" L="" F="" K="0" N=""
УЭР	ВСЕ	359			0	0	filter:score<3	A="" G="" L="" F="" K="0" N=""
УЭР	ВСЕ	360			0	0	filter:score<3	A="" G="" L="" F="" K="0" N=""
УЭР	ВСЕ	361			0	0	filter:score<3	A="" G="" L="" F="" K="0" N=""
УЭР	ВСЕ	362			0	0	filter:score<3	A="" G="" L="" F="" K="0" N=""
УЭР	ВСЕ	363			0	0	filter:score<3	A="" G="" L="" F="" K="0" N=""
УЭР	ВСЕ	364			0	0	filter:score<3	A="" G="" L="" F="" K="0" N=""
УЭР	ВСЕ	365			0	0	filter:score<3	A="" G="" L="" F="" K="0" N=""
УЭР	ВСЕ	366			0	0	filter:score<3	A="" G="" L="" F="" K="0" N=""
УЭР	ВСЕ	367			0	0	filter:score<3	A="" G="" L="" F="" K="0" N=""
УЭР	ВСЕ	368			0	0	filter:score<3	A="" G="" L="" F="" K="0" N=""
УЭР	ВСЕ	369			0	0	filter:score<3	A="" G="" L="" F="" K="0" N=""
УЭР	ВСЕ	370			0	0	filter:score<3	A="" G="" L="" F="" K="0" N=""
УЭР	ВСЕ	371			0	0	filter:score<3	A="" G="" L="" F="" K="0" N=""
УЭР	ВСЕ	372			0	0	filter:score<3	A="" G="" L="" F="" K="0" N=""
УЭР	ВСЕ	373			0	0	filter:score<3	A="" G="" L="" F="" K="0" N=""
УЭР	ВСЕ	374			0	0	filter:score<3	A="" G="" L="" F="" K="0" N=""
УЭР	ВСЕ	375			0	0	filter:score<3	A="" G="" L="" F="" K="0" N=""
УЭР	ВСЕ	376			0	0	filter:score<3	A="" G="" L="" F="" K="0" N=""
УЭР	ВСЕ	377			0	0	filter:score<3	A="" G="" L="" F="" K="0" N=""
УЭР	ВСЕ	378			0	0	filter:score<3	A="" G="" L="" F="" K="0" N=""
УЭР	ВСЕ	379			0	0	filter:score<3	A="" G="" L="" F="" K="0" N=""
УЭР	ВСЕ	380			0	0	filter:score<3	A="" G="" L="" F="" K="0" N=""
УЭР	ВСЕ	381			0	0	filter:score<3	A="" G="" L="" F="" K="0" N=""
УЭР	ВСЕ	382			0	0	filter:score<3	A="" G="" L="" F="" K="0" N=""
УЭР	ВСЕ	383			0	0	filter:score<3	A="" G="" L="" F="" K="0" N=""
УЭР	ВСЕ	384			0	0	filter:score<3	A="" G="" L="" F="" K="0" N=""
УЭР	ВСЕ	385			0	0	filter:score<3	A="" G="" L="" F="" K="0" N=""
УЭР	ВСЕ	386			0	0	filter:score<3	A="" G="" L="" F="" K="0" N=""
УЭР	ВСЕ	387			0	0	filter:score<3	A="" G="" L="" F="" K="0" N=""
УЭР	ВСЕ	388			0	0	filter:score<3	A="" G="" L="" F="" K="0" N=""
УЭР	ВСЕ	389			0	0	filter:score<3	A="" G="" L="" F="" K="0" N=""
УЭР	ВСЕ	390			0	0	filter:score<3	A="" G="" L="" F="" K="0" N=""
УЭР	ВСЕ	391			0	0	filter:score<3	A="" G="" L="" F="" K="0" N=""
УЭР	ВСЕ	392			0	0	filter:score<3	A="" G="" L="" F="" K="0" N=""
УЭР	ВСЕ	393			0	0	filter:score<3	A="" G="" L="" F="" K="0" N=""
УЭР	ВСЕ	394			0	0	filter:score<3	A="" G="" L="" F="" K="0" N=""
УЭР	ВСЕ	395			0	0	filter:score<3	A="" G="" L="" F="" K="0" N=""
УЭР	ВСЕ	396			0	0	filter:score<3	A="" G="" L="" F="" K="0" N=""
УЭР	ВСЕ	397			0	0	filter:score<3	A="" G="" L="" F="" K="0" N=""
УЭР	ВСЕ	398			0	0	filter:score<3	A="" G="" L="" F="" K="0" N=""
УЭР	ВСЕ	399			0	0	filter:score<3	A="" G="" L="" F="" K="0" N=""
УЭР	ВСЕ	400			0	0	filter:score<3	A="" G="" L="" F="" K="0" N=""
УЭР	ВСЕ	401			0	0	filter:score<3	A="" G="" L="" F="" K="0" N=""
УЭР	ВСЕ	402			0	0	filter:score<3	A="" G="" L="" F="" K="0" N=""
УЭР	ВСЕ	403			0	0	filter:score<3	A="" G="" L="" F="" K="0" N=""
УЭР	ВСЕ	404			0	0	filter:score<3	A="" G="" L="" F="" K="0" N=""
УЭР	ВСЕ	405			0	0	filter:score<3	A="" G="" L="" F="" K="0" N=""
УЭР	ВСЕ	406			0	0	filter:score<3	A="" G="" L="" F="" K="0" N=""
УЭР	ВСЕ	407			0	0	filter:score<3	A="" G="" L="" F="" K="0" N=""
УЭР	ВСЕ	408			0	0	filter:score<3	A="" G="" L="" F="" K="0" N=""
УЭР	ВСЕ	409			0	0	filter:score<3	A="" G="" L="" F="" K="0" N=""
УЭР	ВСЕ	410			0	0	filter:score<3	A="" G="" L="" F="" K="0" N=""
УЭР	ВСЕ	411			0	0	filter:score<3	A="" G="" L="" F="" K="0" N=""
УЭР	ВСЕ	412			0	0	filter:score<3	A="" G="" L="" F="" K="0" N=""
УЭР	ВСЕ	413			0	0	filter:score<3	A="" G="" L="" F="" K="0" N=""
УЭР	ВСЕ	414			0	0	filter:score<3	A="" G="" L="" F="" K="0" N=""
УЭР	ВСЕ	415			0	0	filter:score<3	A="" G="" L="" F="" K="0" N=""
УЭР	ВСЕ	416			0	0	filter:score<3	A="" G="" L="" F="" K="0" N=""
УЭР	ВСЕ	417			0	0	filter:score<3	A="" G="" L="" F="" K="0" N=""
УЭР	ВСЕ	418			0	0	filter:score<3	A="" G="" L="" F="" K="0" N=""
УЭР	ВСЕ	419			0	0	filter:score<3	A="" G="" L="" F="" K="0" N=""
УЭР	ВСЕ	420			0	0	filter:score<3	A="" G="" L="" F="" K="0" N=""
УЭР	ВСЕ	421			0	0	filter:score<3	A="" G="" L="" F="" K="0" N=""
УЭР	ВСЕ	422			0	0	filter:score<3	A="" G="" L="" F="" K="0" N=""
УЭР	ВСЕ	423			0	0	filter:score<3	A="" G="" L="" F="" K="0" N=""
УЭР	ВСЕ	424			0	0	filter:score<3	A="" G="" L="" F="" K="0" N=""
УЭР	ВСЕ	425			0	0	filter:score<3	A="" G="" L="" F="" K="0" N=""
УЭР	ВСЕ	426			0	0	filter:score<3	A="" G="" L="" F="" K="0" N=""
УЭР	ВСЕ	427			0	0	filter:score<3	A="" G="" L="" F="" K="0" N=""
УЭР	ВСЕ	428			0	0	filter:score<3	A="" G="" L="" F="" K="0" N=""
УЭР	ВСЕ	429			0	0	filter:score<3	A="" G="" L="" F="" K="0" N=""
УЭР	ВСЕ	430			0	0	filter:score<3	A="" G="" L="" F="" K="0" N=""
УЭР	ВСЕ	431			0	0	filter:score<3	A="" G="" L="" F="" K="0" N=""
УЭР	ВСЕ	432			0	0	filter:score<3	A="" G="" L="" F="" K="0" N=""
УЭР	ВСЕ	433			0	0	filter:score<3	A="" G="" L="" F="" K="0" N=""
УЭР	ВСЕ	434			0	0	filter:score<3	A="" G="" L="" F="" K="0" N=""
УЭР	ВСЕ	435			0	0	filter:score<3	A="" G="" L="" F="" K="0" N=""
УЭР	ВСЕ	436			0	0	filter:score<3	A="" G="" L="" F="" K="0" N=""
УЭР	ВСЕ	437			0	0	filter:score<3	A="" G="" L="" F="" K="0" N=""
УЭР	ВСЕ	438			0	0	filter:score<3	A="" G="" L="" F="" K="0" N=""
УЭР	ВСЕ	439			0	0	filter:score<3	A="" G="" L="" F="" K="0" N=""
УЭР	ВСЕ	440			0	0	filter:score<3	A="" G="" L="" F="" K="0" N=""
УЭР	ВСЕ	441			0	0	filter:score<3	A="" G="" L="" F="" K="0" N=""
УЭР	ВСЕ	442			0	0	filter:score<3	A="" G="" L="" F="" K="0" N=""
УЭР	ВСЕ	443			0	0	filter:score<3	A="" G="" L="" F="" K="0" N=""
УЭР	ВСЕ	444			0	0	filter:score<3	A="" G="" L="" F="" K="0" N=""
УЭР	ВСЕ	445			0	0	filter:score<3	A="" G="" L="" F="" K="0" N=""
УЭР	ВСЕ	446			0	0	filter:score<3	A="" G="" L="" F="" K="0" N=""
УЭР	ВСЕ	447			0	0	filter:score<3	A="" G="" L="" F="" K="0" N=""
УЭР	ВСЕ	448			0	0	filter:score<3	A="" G="" L="" F="" K="0" N=""
УЭР	ВСЕ	449			0	0	filter:score<3	A="" G="" L="" F="" K="0" N=""
УЭР	ВСЕ	450			0	0	filter:score<3	A="" G="" L="" F="" K="0" N=""
УЭР	ВСЕ	451			0	0	filter:score<3	A="" G="" L="" F="" K="0" N=""
УЭР	ВСЕ	452			0	0	filter:score<3	A="" G="" L="" F="" K="0" N=""
УЭР	ВСЕ	453			0	0	filter:score<3	A="" G="" L="" F="" K="0" N=""
УЭР	ВСЕ	454			0	0	filter:score<3	A="" G="" L="" F="" K="0" N=""
УЭР	ВСЕ	455			0	0	filter:score<3	A="" G="" L="" F="" K="0" N=""
УЭР	ВСЕ	456			0	0	filter:score<3	A="" G="" L="" F="" K="0" N=""
УЭР	ВСЕ	457			0	0	filter:score<3	A="" G="" L="" F="" K="0" N=""
УЭР	ВСЕ	458			0	0	filter:score<3	A="" G="" L="" F="" K="0" N=""
УЭР	ВСЕ	459			0	0	filter:score<3	A="" G="" L="" F="" K="0" N=""
УЭР	ВСЕ	460			0	0	filter:score<3	A="" G="" L="" F="" K="0" N=""
УЭР	ВСЕ	461			0	0	filter:score<3	A="" G="" L="" F="" K="0" N=""
УЭР	ВСЕ	462			0	0	filter:score<3	A="" G="" L="" F="" K="0" N=""
УЭР	ВСЕ	463			0	0	filter:score<3	A="" G="" L="" F="" K="0" N=""
УЭР	ВСЕ	464			0	0	filter:score<3	A="" G="" L="" F="" K="0" N=""
УЭР	ВСЕ	465			0	0	filter:score<3	A="" G="" L="" F="" K="0" N=""
УЭР	ВСЕ	466			0	0	filter:score<3	A="" G="" L="" F="" K="0" N=""
УЭР	ВСЕ	467			0	0	filter:score<3	A="" G="" L="" F="" K="0" N=""
УЭР	ВСЕ	468			0	0	filter:score<3	A="" G="" L="" F="" K="0" N=""
УЭР	ВСЕ	469			0	0	filter:score<3	A="" G="" L="" F="" K="0" N=""
УЭР	ВСЕ	470			0	0	filter:score<3	A="" G="" L="" F="" K="0" N=""
УЭР	ВСЕ	471			0	0	filter:score<3	A="" G="" L="" F="" K="0" N=""
УЭР	ВСЕ	472			0	0	filter:score<3	A="" G="" L="" F="" K="0" N=""
УЭР	ВСЕ	473			0	0	filter:score<3	A="" G="" L="" F="" K="0" N=""
УЭР	ВСЕ	474			0	0	filter:score<3	A="" G="" L="" F="" K="0" N=""
УЭР	ВСЕ	475			0	0	filter:score<3	A="" G="" L="" F="" K="0" N=""
УЭР	ВСЕ	476			0	0	filter:score<3	A="" G="" L="" F="" K="0" N=""
УЭР	ВСЕ	477			0	0	filter:score<3	A="" G="" L="" F="" K="0" N=""
УЭР	ВСЕ	478			0	0	filter:score<3	A="" G="" L="" F="" K="0" N=""
УЭР	ВСЕ	479			0	0	filter:score<3	A="" G="" L="" F="" K="0" N=""
УЭР	ВСЕ	480			0	0	filter:score<3	A="" G="" L="" F="" K="0" N=""
УЭР	ВСЕ	481			0	0	filter:score<3	A="" G="" L="" F="" K="0" N=""
УЭР	ВСЕ	482			0	0	filter:score<3	A="" G="" L="" F="" K="0" N=""
УЭР	ВСЕ	483			0	0	filter:score<3	A="" G="" L="" F="" K="0" N=""
УЭР	ВСЕ	484			0	0	filter:score<3	A="" G="" L="" F="" K="0" N=""
УЭР	ВСЕ	485			0	0	filter:score<3	A="" G="" L="" F="" K="0" N=""
УЭР	ВСЕ	486			0	0	filter:score<3	A="" G="" L="" F="" K="0" N=""
УЭР	ВСЕ	487			0	0	filter:score<3	A="" G="" L="" F="" K="0" N=""
УЭР	ВСЕ	488			0	0	filter:score<3	A="" G="" L="" F="" K="0" N=""
УЭР	ВСЕ	489			0	0	filter:score<3	A="" G="" L="" F="" K="0" N=""
УЭР	ВСЕ	490			0	0	filter:score<3	A="" G="" L="" F="" K="0" N=""
УЭР	ВСЕ	491			0	0	filter:score<3	A="" G="" L="" F="" K="0" N=""
УЭР	ВСЕ	492			0	0	filter:score<3	A="" G="" L="" F="" K="0" N=""
УЭР	ВСЕ	493			0	0	filter:score<3	A="" G="" L="" F="" K="0" N=""
УЭР	ВСЕ	494			0	0	filter:score<3	A="" G="" L="" F="" K="0" N=""
УЭР	ВСЕ	495			0	0	filter:score<3	A="" G="" L="" F="" K="0" N=""
УЭР	ВСЕ	496			0	0	filter:score<3	A="" G="" L="" F="" K="0" N=""
УЭР	ВСЕ	497			0	0	filter:score<3	A="" G="" L="" F="" K="0" N=""
УЭР	ВСЕ	498			0	0	filter:score<3	A="" G="" L="" F="" K="0" N=""
УЭР	ВСЕ	499			0	0	filter:score<3	A="" G="" L="" F="" K="0" N=""
УЭР	ВСЕ	500			0	0	filter:score<3	A="" G="" L="" F="" K="0" N=""
УЭР	ВСЕ	501			0	0	filter:score<3	A="" G="" L="" F="" K="0" N=""
УЭР	ВСЕ	502			0	0	filter:score<3	A="" G="" L="" F="" K="0" N=""
УЭР	ВСЕ	503			0	0	filter:score<3	A="" G="" L="" F="" K="0" N=""
УЭР	ВСЕ	504			0	0	filter:score<3	A="" G="" L="" F="" K="0" N=""
УЭР	ВСЕ	505			0	0	filter:score<3	A="" G="" L="" F="" K="0" N=""
УЭР	ВСЕ	506			0	0	filter:score<3	A="" G="" L="" F="" K="0" N=""
УЭР	ВСЕ	507			0	0	filter:score<3	A="" G="" L="" F="" K="0" N=""
УЭР	ВСЕ	508			0	0	filter:score<3	A="" G="" L="" F="" K="0" N=""
УЭР	ВСЕ	509			0	0	filter:score<3	A="" G="" L="" F="" K="0" N=""
УЭР	ВСЕ	510			0	0	filter:score<3	A="" G="" L="" F="" K="0" N=""
УЭР	ВСЕ	511			0	0	filter:score<3	A="" G="" L="" F="" K="0" N=""
УЭР	ВСЕ	512			0	0	filter:score<3	A="" G="" L="" F="" K="0" N=""
УЭР	ВСЕ	513			0	0	filter:score<3	A="" G="" L="" F="" K="0" N=""
УЭР	ВСЕ	514			0	0	filter:score<3	A="" G="" L="" F="" K="0" N=""
УЭР	ВСЕ	515			0	0	filter:score<3	A="" G="" L="" F="" K="0" N=""
УЭР	ВСЕ	516			0	0	filter:score<3	A="" G="" L="" F="" K="0" N=""
УЭР	ВСЕ	517			0	0	filter:score<3	A="" G="" L="" F="" K="0" N=""
УЭР	ВСЕ	518			0	0	filter:score<3	A="" G="" L="" F="" K="0" N=""
УЭР	ВСЕ	519			0	0	filter:score<3	A="" G="" L="" F="" K="0" N=""
УЭР	ВСЕ	520			0	0	filter:score<3	A="" G="" L="" F="" K="0" N=""
УЭР	ВСЕ	521			0	0	filter:score<3	A="" G="" L="" F="" K="0" N=""
УЭР	ВСЕ	522			0	0	filter:score<3	A="" G="" L="" F="" K="0" N=""
УЭР	ВСЕ	523			0	0	filter:score<3	A="" G="" L="" F="" K="0" N=""
УЭР	ВСЕ	524			0	0	filter:score<3	A="" G="" L="" F="" K="0" N=""
УЭР	ВСЕ	525			0	0	filter:score<3	A="" G="" L="" F="" K="0" N=""
УЭР	ВСЕ	526			0	0	filter:score<3	A="" G="" L="" F="" K="0" N=""
УЭР	ВСЕ	527			0	0	filter:score<3	A="" G="" L="" F="" K="0" N=""
УЭР	ВСЕ	528			0	0	filter:score<3	A="" G="" L="" F="" K="0" N=""
УЭР	ВСЕ	529			0	0	filter:score<3	A="" G="" L="" F="" K="0" N=""
УЭР	ВСЕ	530			0	0	filter:score<3	A="" G="" L="" F="" K="0" N=""
УЭР	ВСЕ	531			0	0	filter:score<3	A="" G="" L="" F="" K="0" N=""
УЭР	ВСЕ	532			0	0	filter:score<3	A="" G="" L="" F="" K="0" N=""
УЭР	ВСЕ	533			0	0	filter:score<3	A="" G="" L="" F="" K="0" N=""
УЭР	ВСЕ	534			0	0	filter:score<3	A="" G="" L="" F="" K="0" N=""
УЭР	ВСЕ	535			0	0	filter:score<3	A="" G="" L="" F="" K="0" N=""
УЭР	ВСЕ	536			0	0	filter:score<3	A="" G="" L="" F="" K="0" N=""
УЭР	ВСЕ	537			0	0	filter:score<3	A="" G="" L="" F="" K="0" N=""
УЭР	ВСЕ	538			0	0	filter:score<3	A="" G="" L="" F="" K="0" N=""
УЭР	ВСЕ	539			0	0	filter:score<3	A="" G="" L="" F="" K="0" N=""
УЭР	ВСЕ	540			0	0	filter:score<3	A="" G="" L="" F="" K="0" N=""
УЭР	ВСЕ	541			0	0	filter:score<3	A="" G="" L="" F="" K="0" N=""
УЭР	ВСЕ	542			0	0	filter:score<3	A="" G="" L="" F="" K="0" N=""
УЭР	ВСЕ	543			0	0	filter:score<3	A="" G="" L="" F="" K="0" N=""
УЭР	ВСЕ	544			0	0	filter:score<3	A="" G="" L="" F="" K="0" N=""
УЭР	ВСЕ	545			0	0	filter:score<3	A="" G="" L="" F="" K="0" N=""
УЭР	ВСЕ	546			0	0	filter:score<3	A="" G="" L="" F="" K="0" N=""
УЭР	ВСЕ	547			0	0	filter:score<3	A="" G="" L="" F="" K="0" N=""
УЭР	ВСЕ	548			0	0	filter:score<3	A="" G="" L="" F="" K="0" N=""
УЭР	ВСЕ	549			0	0	filter:score<3	A="" G="" L="" F="" K="0" N=""
УЭР	ВСЕ	550			0	0	filter:score<3	A="" G="" L="" F="" K="0" N=""
УЭР	ВСЕ	551			0	0	filter:score<3	A="" G="" L="" F="" K="0" N=""
УЭР	ВСЕ	552			0	0	filter:score<3	A="" G="" L="" F="" K="0" N=""
УЭР	ВСЕ	553			0	0	filter:score<3	A="" G="" L="" F="" K="0" N=""
УЭР	ВСЕ	554			0	0	filter:score<3	A="" G="" L="" F="" K="0" N=""
УЭР	ВСЕ	555			0	0	filter:score<3	A="" G="" L="" F="" K="0" N=""
УЭР	ВСЕ	556			0	0	filter:score<3	A="" G="" L="" F="" K="0" N=""
УЭР	ВСЕ	557			0	0	filter:score<3	A="" G="" L="" F="" K="0" N=""
УЭР	ВСЕ	558			0	0	filter:score<3	A="" G="" L="" F="" K="0" N=""
УЭР	ВСЕ	559			0	0	filter:score<3	A="" G="" L="" F="" K="0" N=""
УЭР	ВСЕ	560			0	0	filter:score<3	A="" G="" L="" F="" K="0" N=""
УЭР	ВСЕ	561			0	0	filter:score<3	A="" G="" L="" F="" K="0" N=""
УЭР	ВСЕ	562			0	0	filter:score<3	A="" G="" L="" F="" K="0" N=""
УЭР	ВСЕ	563			0	0	filter:score<3	A="" G="" L="" F="" K="0" N=""
УЭР	ВСЕ	564			0	0	filter:score<3	A="" G="" L="" F="" K="0" N=""
УЭР	ВСЕ	565			0	0	filter:score<3	A="" G="" L="" F="" K="0" N=""
УЭР	ВСЕ	566			0	0	filter:score<3	A="" G="" L="" F="" K="0" N=""
УЭР	ВСЕ	567			0	0	filter:score<3	A="" G="" L="" F="" K="0" N=""
УЭР	ВСЕ	568			0	0	filter:score<3	A="" G="" L="" F="" K="0" N=""
УЭР	ВСЕ	569			0	0	filter:score<3	A="" G="" L="" F="" K="0" N=""
УЭР	ВСЕ	570			0	0	filter:score<3	A="" G="" L="" F="" K="0" N=""
УЭР	ВСЕ	571			0	0	filter:score<3	A="" G="" L="" F="" K="0" N=""
УЭР	ВСЕ	572			0	0	filter:score<3	A="" G="" L="" F="" K="0" N=""
УЭР	ВСЕ	573			0	0	filter:score<3	A="" G="" L="" F="" K="0" N=""
УЭР	ВСЕ	574			0	0	filter:score<3	A="" G="" L="" F="" K="0" N=""
УЭР	ВСЕ	575			0	0	filter:score<3	A="" G="" L="" F="" K="0" N=""
УЭР	ВСЕ	576			0	0	filter:score<3	A="" G="" L="" F="" K="0" N=""
УЭР	ВСЕ	577			0	0	filter:score<3	A="" G="" L="" F="" K="0" N=""
УЭР	ВСЕ	578			0	0	filter:score<3	A="" G="" L="" F="" K="0" N=""
УЭР	ВСЕ	579			0	0	filter:score<3	A="" G="" L="" F="" K="0" N=""
УЭР	ВСЕ	580			0	0	filter:score<3	A="" G="" L="" F="" K="0" N=""
УЭР	ВСЕ	581			0	0	filter:score<3	A="" G="" L="" F="" K="0" N=""
УЭР	ВСЕ	582			0	0	filter:score<3	A="" G="" L="" F="" K="0" N=""
УЭР	ВСЕ	583			0	0	filter:score<3	A="" G="" L="" F="" K="0" N=""
УЭР	ВСЕ	584			0	0	filter:score<3	A="" G="" L="" F="" K="0" N=""
УЭР	ВСЕ	585			0	0	filter:score<3	A="" G="" L="" F="" K="0" N=""
УЭР	ВСЕ	586			0	0	filter:score<3	A="" G="" L="" F="" K="0" N=""
УЭР	ВСЕ	587			0	0	filter:score<3	A="" G="" L="" F="" K="0" N=""
УЭР	ВСЕ	588			0	0	filter:score<3	A="" G="" L="" F="" K="0" N=""
УЭР	ВСЕ	589			0	0	filter:score<3	A="" G="" L="" F="" K="0" N=""
УЭР	ВСЕ	590			0	0	filter:score<3	A="" G="" L="" F="" K="0" N=""
УЭР	ВСЕ	591			0	0	filter:score<3	A="" G="" L="" F="" K="0" N=""
УЭР	ВСЕ	592			0	0	filter:score<3	A="" G="" L="" F="" K="0" N=""
УЭР	ВСЕ	593			0	0	filter:score<3	A="" G="" L="" F="" K="0" N=""
УЭР	ВСЕ	594			0	0	filter:score<3	A="" G="" L="" F="" K="0" N=""
УЭР	ВСЕ	595			0	0	filter:score<3	A="" G="" L="" F="" K="0" N=""
УЭР	ВСЕ	596			0	0	filter:score<3	A="" G="" L="" F="" K="0" N=""
УЭР	ВСЕ	597			0	0	filter:score<3	A="" G="" L="" F="" K="0" N=""
УЭР	ВСЕ	598			0	0	filter:score<3	A="" G="" L="" F="" K="0" N=""
УЭР	ВСЕ	599			0	0	filter:score<3	A="" G="" L="" F="" K="0" N=""
УЭР	ВСЕ	600			0	0	filter:score<3	A="" G="" L="" F="" K="0" N=""
УЭР	ВСЕ	601			0	0	filter:score<3	A="" G="" L="" F="" K="0" N=""
УЭР	ВСЕ	602			0	0	filter:score<3	A="" G="" L="" F="" K="0" N=""
УЭР	ВСЕ	603			0	0	filter:score<3	A="" G="" L="" F="" K="0" N=""
УЭР	ВСЕ	604			0	0	filter:score<3	A="" G="" L="" F="" K="0" N=""
УЭР	ВСЕ	605			0	0	filter:score<3	A="" G="" L="" F="" K="0" N=""
УЭР	ВСЕ	606			0	0	filter:score<3	A="" G="" L="" F="" K="0" N=""
УЭР	ВСЕ	607			0	0	filter:score<3	A="" G="" L="" F="" K="0" N=""
УЭР	ВСЕ	608			0	0	filter:score<3	A="" G="" L="" F="" K="0" N=""
УЭР	ВСЕ	609			0	0	filter:score<3	A="" G="" L="" F="" K="0" N=""
УЭР	ВСЕ	610			0	0	filter:score<3	A="" G="" L="" F="" K="0" N=""
УЭР	ВСЕ	611			0	0	filter:score<3	A="" G="" L="" F="" K="0" N=""
УЭР	ВСЕ	612			0	0	filter:score<3	A="" G="" L="" F="" K="0" N=""
УЭР	ВСЕ	613			0	0	filter:score<3	A="" G="" L="" F="" K="0" N=""
УЭР	ВСЕ	614			0	0	filter:score<3	A="" G="" L="" F="" K="0" N=""
УЭР	ВСЕ	615			0	0	filter:score<3	A="" G="" L="" F="" K="0" N=""
УЭР	ВСЕ	616			0	0	filter:score<3	A="" G="" L="" F="" K="0" N=""
УЭР	ВСЕ	617			0	0	filter:score<3	A="" G="" L="" F="" K="0" N=""
УЭР	ВСЕ	618			0	0	filter:score<3	A="" G="" L="" F="" K="0" N=""
УЭР	ВСЕ	619			0	0	filter:score<3	A="" G="" L="" F="" K="0" N=""
УЭР	ВСЕ	620			0	0	filter:score<3	A="" G="" L="" F="" K="0" N=""
УЭР	ВСЕ	621			0	0	filter:score<3	A="" G="" L="" F="" K="0" N=""
УЭР	ВСЕ	622			0	0	filter:score<3	A="" G="" L="" F="" K="0" N=""
УЭР	ВСЕ	623			0	0	filter:score<3	A="" G="" L="" F="" K="0" N=""
УЭР	ВСЕ	624			0	0	filter:score<3	A="" G="" L="" F="" K="0" N=""
УЭР	ВСЕ	625			0	0	filter:score<3	A="" G="" L="" F="" K="0" N=""
УЭР	ВСЕ	626			0	0	filter:score<3	A="" G="" L="" F="" K="0" N=""
УЭР	ВСЕ	627			0	0	filter:score<3	A="" G="" L="" F="" K="0" N=""
УЭР	ВСЕ	628			0	0	filter:score<3	A="" G="" L="" F="" K="0" N=""
УЭР	ВСЕ	629			0	0	filter:score<3	A="" G="" L="" F="" K="0" N=""
УЭР	ВСЕ	630			0	0	filter:score<3	A="" G="" L="" F="" K="0" N=""
УЭР	ВСЕ	631			0	0	filter:score<3	A="" G="" L="" F="" K="0" N=""
УЭР	ВСЕ	632			0	0	filter:score<3	A="" G="" L="" F="" K="0" N=""
УЭР	ВСЕ	633			0	0	filter:score<3	A="" G="" L="" F="" K="0" N=""
УЭР	ВСЕ	634			0	0	filter:score<3	A="" G="" L="" F="" K="0" N=""
УЭР	ВСЕ	635			0	0	filter:score<3	A="" G="" L="" F="" K="0" N=""
УЭР	ВСЕ	636			0	0	filter:score<3	A="" G="" L="" F="" K="0" N=""
УЭР	ВСЕ	637			0	0	filter:score<3	A="" G="" L="" F="" K="0" N=""
УЭР	ВСЕ	638			0	0	filter:score<3	A="" G="" L="" F="" K="0" N=""
УЭР	ВСЕ	639			0	0	filter:score<3	A="" G="" L="" F="" K="0" N=""
УЭР	ВСЕ	640			0	0	filter:score<3	A="" G="" L="" F="" K="0" N=""
УЭР	ВСЕ	641			0	0	filter:score<3	A="" G="" L="" F="" K="0" N=""
УЭР	ВСЕ	642			0	0	filter:score<3	A="" G="" L="" F="" K="0" N=""
УЭР	ВСЕ	643			0	0	filter:score<3	A="" G="" L="" F="" K="0" N=""
УЭР	ВСЕ	644			0	0	filter:score<3	A="" G="" L="" F="" K="0" N=""
УЭР	ВСЕ	645			0	0	filter:score<3	A="" G="" L="" F="" K="0" N=""
УЭР	ВСЕ	646			0	0	filter:score<3	A="" G="" L="" F="" K="0" N=""
УЭР	ВСЕ	647			0	0	filter:score<3	A="" G="" L="" F="" K="0" N=""
УЭР	ВСЕ	648			0	0	filter:score<3	A="" G="" L="" F="" K="0" N=""
УЭР	ВСЕ	649			0	0	filter:score<3	A="" G="" L="" F="" K="0" N=""
УЭР	ВСЕ	650			0	0	filter:score<3	A="" G="" L="" F="" K="0" N=""
УЭР	ВСЕ	651			0	0	filter:score<3	A="" G="" L="" F="" K="0" N=""
УЭР	ВСЕ	652			0	0	filter:score<3	A="" G="" L="" F="" K="0" N=""
УЭР	ВСЕ	653			0	0	filter:score<3	A="" G="" L="" F="" K="0" N=""
УЭР	ВСЕ	654			0	0	filter:score<3	A="" G="" L="" F="" K="0" N=""
УЭР	ВСЕ	655			0	0	filter:score<3	A="" G="" L="" F="" K="0" N=""
УЭР	ВСЕ	656			0	0	filter:score<3	A="" G="" L="" F="" K="0" N=""
УЭР	ВСЕ	657			0	0	filter:score<3	A="" G="" L="" F="" K="0" N=""
УЭР	ВСЕ	658			0	0	filter:score<3	A="" G="" L="" F="" K="0" N=""
УЭР	ВСЕ	659			0	0	filter:score<3	A="" G="" L="" F="" K="0" N=""
УЭР	ВСЕ	660			0	0	filter:score<3	A="" G="" L="" F="" K="0" N=""
УЭР	ВСЕ	661			0	0	filter:score<3	A="" G="" L="" F="" K="0" N=""
УЭР	ВСЕ	662			0	0	filter:score<3	A="" G="" L="" F="" K="0" N=""
УЭР	ВСЕ	663			0	0	filter:score<3	A="" G="" L="" F="" K="0" N=""
УЭР	ВСЕ	664			0	0	filter:score<3	A="" G="" L="" F="" K="0" N=""
УЭР	ВСЕ	665			0	0	filter:score<3	A="" G="" L="" F="" K="0" N=""
УЭР	ВСЕ	666			0	0	filter:score<3	A="" G="" L="" F="" K="0" N=""
УЭР	ВСЕ	667			0	0	filter:score<3	A="" G="" L="" F="" K="0" N=""
УЭР	ВСЕ	668			0	0	filter:score<3	A="" G="" L="" F="" K="0" N=""
УЭР	ВСЕ	669			0	0	filter:score<3	A="" G="" L="" F="" K="0" N=""
УЭР	ВСЕ	670			0	0	filter:score<3	A="" G="" L="" F="" K="0" N=""
УЭР	ВСЕ	671			0	0	filter:score<3	A="" G="" L="" F="" K="0" N=""
УЭР	ВСЕ	672			0	0	filter:score<3	A="" G="" L="" F="" K="0" N=""
УЭР	ВСЕ	673			0	0	filter:score<3	A="" G="" L="" F="" K="0" N=""
УЭР	ВСЕ	674			0	0	filter:score<3	A="" G="" L="" F="" K="0" N=""
УЭР	ВСЕ	675			0	0	filter:score<3	A="" G="" L="" F="" K="0" N=""
УЭР	ВСЕ	676			0	0	filter:score<3	A="" G="" L="" F="" K="0" N=""
УЭР	ВСЕ	677			0	0	filter:score<3	A="" G="" L="" F="" K="0" N=""
УЭР	ВСЕ	678			0	0	filter:score<3	A="" G="" L="" F="" K="0" N=""
УЭР	ВСЕ	679			0	0	filter:score<3	A="" G="" L="" F="" K="0" N=""
УЭР	ВСЕ	680			0	0	filter:score<3	A="" G="" L="" F="" K="0" N=""
УЭР	ВСЕ	681			0	0	filter:score<3	A="" G="" L="" F="" K="0" N=""
УЭР	ВСЕ	682			0	0	filter:score<3	A="" G="" L="" F="" K="0" N=""
УЭР	ВСЕ	683			0	0	filter:score<3	A="" G="" L="" F="" K="0" N=""
УЭР	ВСЕ	684			0	0	filter:score<3	A="" G="" L="" F="" K="0" N=""
УЭР	ВСЕ	685			0	0	filter:score<3	A="" G="" L="" F="" K="0" N=""
УЭР	ВСЕ	686			0	0	filter:score<3	A="" G="" L="" F="" K="0" N=""
УЭР	ВСЕ	687			0	0	filter:score<3	A="" G="" L="" F="" K="0" N=""
УЭР	ВСЕ	688			0	0	filter:score<3	A="" G="" L="" F="" K="0" N=""
УЭР	ВСЕ	689			0	0	filter:score<3	A="" G="" L="" F="" K="0" N=""
УЭР	ВСЕ	690			0	0	filter:score<3	A="" G="" L="" F="" K="0" N=""
УЭР	ВСЕ	691			0	0	filter:score<3	A="" G="" L="" F="" K="0" N=""
УЭР	ВСЕ	692			0	0	filter:score<3	A="" G="" L="" F="" K="0" N=""
УЭР	ВСЕ	693			0	0	filter:score<3	A="" G="" L="" F="" K="0" N=""
УЭР	ВСЕ	694			0	0	filter:score<3	A="" G="" L="" F="" K="0" N=""
УЭР	ВСЕ	695			0	0	filter:score<3	A="" G="" L="" F="" K="0" N=""
УЭР	ВСЕ	696			0	0	filter:score<3	A="" G="" L="" F="" K="0" N=""
УЭР	ВСЕ	697			0	0	filter:score<3	A="" G="" L="" F="" K="0" N=""
УЭР	ВСЕ	698			0	0	filter:score<3	A="" G="" L="" F="" K="0" N=""
УЭР	ВСЕ	699			0	0	filter:score<3	A="" G="" L="" F="" K="0" N=""
УЭР	ВСЕ	700			0	0	filter:score<3	A="" G="" L="" F="" K="0" N=""
УЭР	ВСЕ	701			0	0	filter:score<3	A="" G="" L="" F="" K="0" N=""
УЭР	ВСЕ	702			0	0	filter:score<3	A="" G="" L="" F="" K="0" N=""
УЭР	ВСЕ	703			0	0	filter:score<3	A="" G="" L="" F="" K="0" N=""
УЭР	ВСЕ	704			0	0	filter:score<3	A="" G="" L="" F="" K="0" N=""
УЭР	ВСЕ	705			0	0	filter:score<3	A="" G="" L="" F="" K="0" N=""
УЭР	ВСЕ	706			0	0	filter:score<3	A="" G="" L="" F="" K="0" N=""
УЭР	ВСЕ	707			0	0	filter:score<3	A="" G="" L="" F="" K="0" N=""
УЭР	ВСЕ	708			0	0	filter:score<3	A="" G="" L="" F="" K="0" N=""
УЭР	ВСЕ	709			0	0	filter:score<3	A="" G="" L="" F="" K="0" N=""
УЭР	ВСЕ	710			0	0	filter:score<3	A="" G="" L="" F="" K="0" N=""
УЭР	ВСЕ	711			0	0	filter:score<3	A="" G="" L="" F="" K="0" N=""
УЭР	ВСЕ	712			0	0	filter:score<3	A="" G="" L="" F="" K="0" N=""
УЭР	ВСЕ	713			0	0	filter:score<3	A="" G="" L="" F="" K="0" N=""
УЭР	ВСЕ	714			0	0	filter:score<3	A="" G="" L="" F="" K="0" N=""
УЭР	ВСЕ	715			0	0	filter:score<3	A="" G="" L="" F="" K="0" N=""
УЭР	ВСЕ	716			0	0	filter:score<3	A="" G="" L="" F="" K="0" N=""
УЭР	ВСЕ	717			0	0	filter:score<3	A="" G="" L="" F="" K="0" N=""
УЭР	ВСЕ	718			0	0	filter:score<3	A="" G="" L="" F="" K="0" N=""
УЭР	ВСЕ	719			0	0	filter:score<3	A="" G="" L="" F="" K="0" N=""
УЭР	ВСЕ	720			0	0	filter:score<3	A="" G="" L="" F="" K="0" N=""
УЭР	ВСЕ	721			0	0	filter:score<3	A="" G="" L="" F="" K="0" N=""
УЭР	ВСЕ	722			0	0	filter:score<3	A="" G="" L="" F="" K="0" N=""
УЭР	ВСЕ	723			0	0	filter:score<3	A="" G="" L="" F="" K="0" N=""
УЭР	ВСЕ	724			0	0	filter:score<3	A="" G="" L="" F="" K="0" N=""
УЭР	ВСЕ	725			0	0	filter:score<3	A="" G="" L="" F="" K="0" N=""
УЭР	ВСЕ	726			0	0	filter:score<3	A="" G="" L="" F="" K="0" N=""
УЭР	ВСЕ	727			0	0	filter:score<3	A="" G="" L="" F="" K="0" N=""
УЭР	ВСЕ	728			0	0	filter:score<3	A="" G="" L="" F="" K="0" N=""
УЭР	ВСЕ	729			0	0	filter:score<3	A="" G="" L="" F="" K="0" N=""
УЭР	ВСЕ	730			0	0	filter:score<3	A="" G="" L="" F="" K="0" N=""
УЭР	ВСЕ	731			0	0	filter:score<3	A="" G="" L="" F="" K="0" N=""
УЭР	ВСЕ	732			0	0	filter:score<3	A="" G="" L="" F="" K="0" N=""
УЭР	ВСЕ	733			0	0	filter:score<3	A="" G="" L="" F="" K="0" N=""
УЭР	ВСЕ	734			0	0	filter:score<3	A="" G="" L="" F="" K="0" N=""
УЭР	ВСЕ	735			0	0	filter:score<3	A="" G="" L="" F="" K="0" N=""
УЭР	ВСЕ	736			0	0	filter:score<3	A="" G="" L="" F="" K="0" N=""
УЭР	ВСЕ	737			0	0	filter:score<3	A="" G="" L="" F="" K="0" N=""
УЭР	ВСЕ	738			0	0	filter:score<3	A="" G="" L="" F="" K="0" N=""
УЭР	ВСЕ	739			0	0	filter:score<3	A="" G="" L="" F="" K="0" N=""
УЭР	ВСЕ	740			0	0	filter:score<3	A="" G="" L="" F="" K="0" N=""
УЭР	ВСЕ	741			0	0	filter:score<3	A="" G="" L="" F="" K="0" N=""
УЭР	ВСЕ	742			0	0	filter:score<3	A="" G="" L="" F="" K="0" N=""
УЭР	ВСЕ	743			0	0	filter:score<3	A="" G="" L="" F="" K="0" N=""
УЭР	ВСЕ	744			0	0	filter:score<3	A="" G="" L="" F="" K="0" N=""
УЭР	ВСЕ	745			0	0	filter:score<3	A="" G="" L="" F="" K="0" N=""
УЭР	ВСЕ	746			0	0	filter:score<3	A="" G="" L="" F="" K="0" N=""
УЭР	ВСЕ	747			0	0	filter:score<3	A="" G="" L="" F="" K="0" N=""
УЭР	ВСЕ	748			0	0	filter:score<3	A="" G="" L="" F="" K="0" N=""
УЭР	ВСЕ	749			0	0	filter:score<3	A="" G="" L="" F="" K="0" N=""
УЭР	ВСЕ	750			0	0	filter:score<3	A="" G="" L="" F="" K="0" N=""
УЭР	ВСЕ	751			0	0	filter:score<3	A="" G="" L="" F="" K="0" N=""
УЭР	ВСЕ	752			0	0	filter:score<3	A="" G="" L="" F="" K="0" N=""
УЭР	ВСЕ	753			0	0	filter:score<3	A="" G="" L="" F="" K="0" N=""
УЭР	ВСЕ	754			0	0	filter:score<3	A="" G="" L="" F="" K="0" N=""
УЭР	ВСЕ	755			0	0	filter:score<3	A="" G="" L="" F="" K="0" N=""
УЭР	ВСЕ	756			0	0	filter:score<3	A="" G="" L="" F="" K="0" N=""
УЭР	ВСЕ	757			0	0	filter:score<3	A="" G="" L="" F="" K="0" N=""
УЭР	ВСЕ	758			0	0	filter:score<3	A="" G="" L="" F="" K="0" N=""
УЭР	ВСЕ	759			0	0	filter:score<3	A="" G="" L="" F="" K="0" N=""
УЭР	ВСЕ	760			0	0	filter:score<3	A="" G="" L="" F="" K="0" N=""
УЭР	ВСЕ	761			0	0	filter:score<3	A="" G="" L="" F="" K="0" N=""
УЭР	ВСЕ	762			0	0	filter:score<3	A="" G="" L="" F="" K="0" N=""
УЭР	ВСЕ	763			0	0	filter:score<3	A="" G="" L="" F="" K="0" N=""
УЭР	ВСЕ	764			0	0	filter:score<3	A="" G="" L="" F="" K="0" N=""
УЭР	ВСЕ	765			0	0	filter:score<3	A="" G="" L="" F="" K="0" N=""
УЭР	ВСЕ	766			0	0	filter:score<3	A="" G="" L="" F="" K="0" N=""
УЭР	ВСЕ	767			0	0	filter:score<3	A="" G="" L="" F="" K="0" N=""
УЭР	ВСЕ	768			0	0	filter:score<3	A="" G="" L="" F="" K="0" N=""
УЭР	ВСЕ	769			0	0	filter:score<3	A="" G="" L="" F="" K="0" N=""
УЭР	ВСЕ	770			0	0	filter:score<3	A="" G="" L="" F="" K="0" N=""
УЭР	ВСЕ	771			0	0	filter:score<3	A="" G="" L="" F="" K="0" N=""
УЭР	ВСЕ	772			0	0	filter:score<3	A="" G="" L="" F="" K="0" N=""
УЭР	ВСЕ	773			0	0	filter:score<3	A="" G="" L="" F="" K="0" N=""
УЭР	ВСЕ	774			0	0	filter:score<3	A="" G="" L="" F="" K="0" N=""
УЭР	ВСЕ	775			0	0	filter:score<3	A="" G="" L="" F="" K="0" N=""
УЭР	ВСЕ	776			0	0	filter:score<3	A="" G="" L="" F="" K="0" N=""
УЭР	ВСЕ	777			0	0	filter:score<3	A="" G="" L="" F="" K="0" N=""
УЭР	ВСЕ	778			0	0	filter:score<3	A="" G="" L="" F="" K="0" N=""
УЭР	ВСЕ	779			0	0	filter:score<3	A="" G="" L="" F="" K="0" N=""
УЭР	ВСЕ	780			0	0	filter:score<3	A="" G="" L="" F="" K="0" N=""
УЭР	ВСЕ	781			0	0	filter:score<3	A="" G="" L="" F="" K="0" N=""
УЭР	ВСЕ	782			0	0	filter:score<3	A="" G="" L="" F="" K="0" N=""
УЭР	ВСЕ	783			0	0	filter:score<3	A="" G="" L="" F="" K="0" N=""
УЭР	ВСЕ	784			0	0	filter:score<3	A="" G="" L="" F="" K="0" N=""
УЭР	ВСЕ	785			0	0	filter:score<3	A="" G="" L="" F="" K="0" N=""
УЭР	ВСЕ	786			0	0	filter:score<3	A="" G="" L="" F="" K="0" N=""
УЭР	ВСЕ	787			0	0	filter:score<3	A="" G="" L="" F="" K="0" N=""
УЭР	ВСЕ	788			0	0	filter:score<3	A="" G="" L="" F="" K="0" N=""
УЭР	ВСЕ	789			0	0	filter:score<3	A="" G="" L="" F="" K="0" N=""
УЭР	ВСЕ	790			0	0	filter:score<3	A="" G="" L="" F="" K="0" N=""
УЭР	ВСЕ	791			0	0	filter:score<3	A="" G="" L="" F="" K="0" N=""
УЭР	ВСЕ	792			0	0	filter:score<3	A="" G="" L="" F="" K="0" N=""
УЭР	ВСЕ	793			0	0	filter:score<3	A="" G="" L="" F="" K="0" N=""
УЭР	ВСЕ	794			0	0	filter:score<3	A="" G="" L="" F="" K="0" N=""
УЭР	ВСЕ	795			0	0	filter:score<3	A="" G="" L="" F="" K="0" N=""
УЭР	ВСЕ	796			0	0	filter:score<3	A="" G="" L="" F="" K="0" N=""
УЭР	ВСЕ	797			0	0	filter:score<3	A="" G="" L="" F="" K="0" N=""
УЭР	ВСЕ	798			0	0	filter:score<3	A="" G="" L="" F="" K="0" N=""
УЭР	ВСЕ	799			0	0	filter:score<3	A="" G="" L="" F="" K="0" N=""
УЭР	ВСЕ	800			0	0	filter:score<3	A="" G="" L="" F="" K="0" N=""
УЭР	ВСЕ	801			0	0	filter:score<3	A="" G="" L="" F="" K="0" N=""
УЭР	ВСЕ	802			0	0	filter:score<3	A="" G="" L="" F="" K="0" N=""
УЭР	ВСЕ	803			0	0	filter:score<3	A="" G="" L="" F="" K="0" N=""
УЭР	ВСЕ	804			0	0	filter:score<3	A="" G="" L="" F="" K="0" N=""
УЭР	ВСЕ	805			0	0	filter:score<3	A="" G="" L="" F="" K="0" N=""
УЭР	ВСЕ	806			0	0	filter:score<3	A="" G="" L="" F="" K="0" N=""
УЭР	ВСЕ	807			0	0	filter:score<3	A="" G="" L="" F="" K="0" N=""
УЭР	ВСЕ	808			0	0	filter:score<3	A="" G="" L="" F="" K="0" N=""
УЭР	ВСЕ	809			0	0	filter:score<3	A="" G="" L="" F="" K="0" N=""
УЭР	ВСЕ	810			0	0	filter:score<3	A="" G="" L="" F="" K="0" N=""
УЭР	ВСЕ	811			0	0	filter:score<3	A="" G="" L="" F="" K="0" N=""
УЭР	ВСЕ	812			0	0	filter:score<3	A="" G="" L="" F="" K="0" N=""
УЭР	ВСЕ	813			0	0	filter:score<3	A="" G="" L="" F="" K="0" N=""
УЭР	ВСЕ	814			0	0	filter:score<3	A="" G="" L="" F="" K="0" N=""
УЭР	ВСЕ	815			0	0	filter:score<3	A="" G="" L="" F="" K="0" N=""
УЭР	ВСЕ	816			0	0	filter:score<3	A="" G="" L="" F="" K="0" N=""
УЭР	ВСЕ	817			0	0	filter:score<3	A="" G="" L="" F="" K="0" N=""
УЭР	ВСЕ	818			0	0	filter:score<3	A="" G="" L="" F="" K="0" N=""
УЭР	ВСЕ	819			0	0	filter:score<3	A="" G="" L="" F="" K="0" N=""
УЭР	ВСЕ	820			0	0	filter:score<3	A="" G="" L="" F="" K="0" N=""
УЭР	ВСЕ	821			0	0	filter:score<3	A="" G="" L="" F="" K="0" N=""
УЭР	ВСЕ	822			0	0	filter:score<3	A="" G="" L="" F="" K="0" N=""
УЭР	ВСЕ	823			0	0	filter:score<3	A="" G="" L="" F="" K="0" N=""
УЭР	ВСЕ	824			0	0	filter:score<3	A="" G="" L="" F="" K="0" N=""
УЭР	ВСЕ	825			0	0	filter:score<3	A="" G="" L="" F="" K="0" N=""
УЭР	ВСЕ	826			0	0	filter:score<3	A="" G="" L="" F="" K="0" N=""
УЭР	ВСЕ	827			0	0	filter:score<3	A="" G="" L="" F="" K="0" N=""
УЭР	ВСЕ	828			0	0	filter:score<3	A="" G="" L="" F="" K="0" N=""
УЭР	ВСЕ	829			0	0	filter:score<3	A="" G="" L="" F="" K="0" N=""
УЭР	ВСЕ	830			0	0	filter:score<3	A="" G="" L="" F="" K="0" N=""
УЭР	ВСЕ	831			0	0	filter:score<3	A="" G="" L="" F="" K="0" N=""
УЭР	ВСЕ	832			0	0	filter:score<3	A="" G="" L="" F="" K="0" N=""
УЭР	ВСЕ	833			0	0	filter:score<3	A="" G="" L="" F="" K="0" N=""
УЭР	ВСЕ	834			0	0	filter:score<3	A="" G="" L="" F="" K="0" N=""
УЭР	ВСЕ	835			0	0	filter:score<3	A="" G="" L="" F="" K="0" N=""
УЭР	ВСЕ	836			0	0	filter:score<3	A="" G="" L="" F="" K="0" N=""
УЭР	ВСЕ	837			0	0	filter:score<3	A="" G="" L="" F="" K="0" N=""
УЭР	ВСЕ	838			0	0	filter:score<3	A="" G="" L="" F="" K="0" N=""
УЭР	ВСЕ	839			0	0	filter:score<3	A="" G="" L="" F="" K="0" N=""
УЭР	ВСЕ	840			0	0	filter:score<3	A="" G="" L="" F="" K="0" N=""
УЭР	ВСЕ	841			0	0	filter:score<3	A="" G="" L="" F="" K="0" N=""
УЭР	ВСЕ	842			0	0	filter:score<3	A="" G="" L="" F="" K="0" N=""
УЭР	ВСЕ	843			0	0	filter:score<3	A="" G="" L="" F="" K="0" N=""
УЭР	ВСЕ	844			0	0	filter:score<3	A="" G="" L="" F="" K="0" N=""
УЭР	ВСЕ	845			0	0	filter:score<3	A="" G="" L="" F="" K="0" N=""
УЭР	ВСЕ	846			0	0	filter:score<3	A="" G="" L="" F="" K="0" N=""
УЭР	ВСЕ	847			0	0	filter:score<3	A="" G="" L="" F="" K="0" N=""
УЭР	ВСЕ	848			0	0	filter:score<3	A="" G="" L="" F="" K="0" N=""
УЭР	ВСЕ	849			0	0	filter:score<3	A="" G="" L="" F="" K="0" N=""
УЭР	ВСЕ	850			0	0	filter:score<3	A="" G="" L="" F="" K="0" N=""
УЭР	ВСЕ	851			0	0	filter:score<3	A="" G="" L="" F="" K="0" N=""
УЭР	ВСЕ	852			0	0	filter:score<3	A="" G="" L="" F="" K="0" N=""
УЭР	ВСЕ	853			0	0	filter:score<3	A="" G="" L="" F="" K="0" N=""
УЭР	ВСЕ	854			0	0	filter:score<3	A="" G="" L="" F="" K="0" N=""
УЭР	ВСЕ	855			0	0	filter:score<3	A="" G="" L="" F="" K="0" N=""
УЭР	ВСЕ	856			0	0	filter:score<3	A="" G="" L="" F="" K="0" N=""
УЭР	ВСЕ	857			0	0	filter:score<3	A="" G="" L="" F="" K="0" N=""
УЭР	ВСЕ	858			0	0	filter:score<3	A="" G="" L="" F="" K="0" N=""
УЭР	ВСЕ	859			0	0	filter:score<3	A="" G="" L="" F="" K="0" N=""
УЭР	ВСЕ	860			0	0	filter:score<3	A="" G="" L="" F="" K="0" N=""
УЭР	ВСЕ	861			0	0	filter:score<3	A="" G="" L="" F="" K="0" N=""
УЭР	ВСЕ	862			0	0	filter:score<3	A="" G="" L="" F="" K="0" N=""
УЭР	ВСЕ	863			0	0	filter:score<3	A="" G="" L="" F="" K="0" N=""
УЭР	ВСЕ	864			0	0	filter:score<3	A="" G="" L="" F="" K="0" N=""
УЭР	ВСЕ	865			0	0	filter:score<3	A="" G="" L="" F="" K="0" N=""
УЭР	ВСЕ	866			0	0	filter:score<3	A="" G="" L="" F="" K="0" N=""
УЭР	ВСЕ	867			0	0	filter:score<3	A="" G="" L="" F="" K="0" N=""
УЭР	ВСЕ	868			0	0	filter:score<3	A="" G="" L="" F="" K="0" N=""
УЭР	ВСЕ	869			0	0	filter:score<3	A="" G="" L="" F="" K="0" N=""
УЭР	ВСЕ	870			0	0	filter:score<3	A="" G="" L="" F="" K="0" N=""
УЭР	ВСЕ	871			0	0	filter:score<3	A="" G="" L="" F="" K="0" N=""
УЭР	ВСЕ	872			0	0	filter:score<3	A="" G="" L="" F="" K="0" N=""
УЭР	ВСЕ	873			0	0	filter:score<3	A="" G="" L="" F="" K="0" N=""
УЭР	ВСЕ	874			0	0	filter:score<3	A="" G="" L="" F="" K="0" N=""
УЭР	ВСЕ	875			0	0	filter:score<3	A="" G="" L="" F="" K="0" N=""
УЭР	ВСЕ	876			0	0	filter:score<3	A="" G="" L="" F="" K="0" N=""
УЭР	ВСЕ	877			0	0	filter:score<3	A="" G="" L="" F="" K="0" N=""
УЭР	ВСЕ	878			0	0	filter:score<3	A="" G="" L="" F="" K="0" N=""
УЭР	ВСЕ	879			0	0	filter:score<3	A="" G="" L="" F="" K="0" N=""
УЭР	ВСЕ	880			0	0	filter:score<3	A="" G="" L="" F="" K="0" N=""
УЭР	ВСЕ	881			0	0	filter:score<3	A="" G="" L="" F="" K="0" N=""
УЭР	ВСЕ	882			0	0	filter:score<3	A="" G="" L="" F="" K="0" N=""
УЭР	ВСЕ	883			0	0	filter:score<3	A="" G="" L="" F="" K="0" N=""
УЭР	ВСЕ	884			0	0	filter:score<3	A="" G="" L="" F="" K="0" N=""
УЭР	ВСЕ	885			0	0	filter:score<3	A="" G="" L="" F="" K="0" N=""
УЭР	ВСЕ	886			0	0	filter:score<3	A="" G="" L="" F="" K="0" N=""
УЭР	ВСЕ	887			0	0	filter:score<3	A="" G="" L="" F="" K="0" N=""
УЭР	ВСЕ	888			0	0	filter:score<3	A="" G="" L="" F="" K="0" N=""
УЭР	ВСЕ	889			0	0	filter:score<3	A="" G="" L="" F="" K="0" N=""
УЭР	ВСЕ	890			0	0	filter:score<3	A="" G="" L="" F="" K="0" N=""
УЭР	ВСЕ	891			0	0	filter:score<3	A="" G="" L="" F="" K="0" N=""
УЭР	ВСЕ	892			0	0	filter:score<3	A="" G="" L="" F="" K="0" N=""
УЭР	ВСЕ	893			0	0	filter:score<3	A="" G="" L="" F="" K="0" N=""
УЭР	ВСЕ	894			0	0	filter:score<3	A="" G="" L="" F="" K="0" N=""
УЭР	ВСЕ	895			0	0	filter:score<3	A="" G="" L="" F="" K="0" N=""
УЭР	ВСЕ	896			0	0	filter:score<3	A="" G="" L="" F="" K="0" N=""
УЭР	ВСЕ	897			0	0	filter:score<3	A="" G="" L="" F="" K="0" N=""
УЭР	ВСЕ	898			0	0	filter:score<3	A="" G="" L="" F="" K="0" N=""
УЭР	ВСЕ	899			0	0	filter:score<3	A="" G="" L="" F="" K="0" N=""
УЭР	ВСЕ	900			0	0	filter:score<3	A="" G="" L="" F="" K="0" N=""
УЭР	ВСЕ	901			0	0	filter:score<3	A="" G="" L="" F="" K="0" N=""
УЭР	ВСЕ	902			0	0	filter:score<3	A="" G="" L="" F="" K="0" N=""
УЭР	ВСЕ	903			0	0	filter:score<3	A="" G="" L="" F="" K="0" N=""
УЭР	ВСЕ	904			0	0	filter:score<3	A="" G="" L="" F="" K="0" N=""
УЭР	ВСЕ	905			0	0	filter:score<3	A="" G="" L="" F="" K="0" N=""
УЭР	ВСЕ	906			0	0	filter:score<3	A="" G="" L="" F="" K="0" N=""
УЭР	ВСЕ	907			0	0	filter:score<3	A="" G="" L="" F="" K="0" N=""
УЭР	ВСЕ	908			0	0	filter:score<3	A="" G="" L="" F="" K="0" N=""
УЭР	ВСЕ	909			0	0	filter:score<3	A="" G="" L="" F="" K="0" N=""
УЭР	ВСЕ	910			0	0	filter:score<3	A="" G="" L="" F="" K="0" N=""
УЭР	ВСЕ	911			0	0	filter:score<3	A="" G="" L="" F="" K="0" N=""
УЭР	ВСЕ	912			0	0	filter:score<3	A="" G="" L="" F="" K="0" N=""
УЭР	ВСЕ	913			0	0	filter:score<3	A="" G="" L="" F="" K="0" N=""
УЭР	ВСЕ	914			0	0	filter:score<3	A="" G="" L="" F="" K="0" N=""
УЭР	ВСЕ	915			0	0	filter:score<3	A="" G="" L="" F="" K="0" N=""
УЭР	ВСЕ	916			0	0	filter:score<3	A="" G="" L="" F="" K="0" N=""
УЭР	ВСЕ	917			0	0	filter:score<3	A="" G="" L="" F="" K="0" N=""
УЭР	ВСЕ	918			0	0	filter:score<3	A="" G="" L="" F="" K="0" N=""
УЭР	ВСЕ	919			0	0	filter:score<3	A="" G="" L="" F="" K="0" N=""
УЭР	ВСЕ	920			0	0	filter:score<3	A="" G="" L="" F="" K="0" N=""
УЭР	ВСЕ	921			0	0	filter:score<3	A="" G="" L="" F="" K="0" N=""
УЭР	ВСЕ	922			0	0	filter:score<3	A="" G="" L="" F="" K="0" N=""
УЭР	ВСЕ	923			0	0	filter:score<3	A="" G="" L="" F="" K="0" N=""
УЭР	ВСЕ	924			0	0	filter:score<3	A="" G="" L="" F="" K="0" N=""
УЭР	ВСЕ	925			0	0	filter:score<3	A="" G="" L="" F="" K="0" N=""
УЭР	ВСЕ	926			0	0	filter:score<3	A="" G="" L="" F="" K="0" N=""
УЭР	ВСЕ	927			0	0	filter:score<3	A="" G="" L="" F="" K="0" N=""
УЭР	ВСЕ	928			0	0	filter:score<3	A="" G="" L="" F="" K="0" N=""
УЭР	ВСЕ	929			0	0	filter:score<3	A="" G="" L="" F="" K="0" N=""
УЭР	ВСЕ	930			0	0	filter:score<3	A="" G="" L="" F="" K="0" N=""
УЭР	ВСЕ	931			0	0	filter:score<3	A="" G="" L="" F="" K="0" N=""
УЭР	ВСЕ	932			0	0	filter:score<3	A="" G="" L="" F="" K="0" N=""
УЭР	ВСЕ	933			0	0	filter:score<3	A="" G="" L="" F="" K="0" N=""
УЭР	ВСЕ	934			0	0	filter:score<3	A="" G="" L="" F="" K="0" N=""
УЭР	ВСЕ	935			0	0	filter:score<3	A="" G="" L="" F="" K="0" N=""
УЭР	ВСЕ	936			0	0	filter:score<3	A="" G="" L="" F="" K="0" N=""
УЭР	ВСЕ	937			0	0	filter:score<3	A="" G="" L="" F="" K="0" N=""
УЭР	ВСЕ	938			0	0	filter:score<3	A="" G="" L="" F="" K="0" N=""
УЭР	ВСЕ	939			0	0	filter:score<3	A="" G="" L="" F="" K="0" N=""
УЭР	ВСЕ	940			0	0	filter:score<3	A="" G="" L="" F="" K="0" N=""
УЭР	ВСЕ	941			0	0	filter:score<3	A="" G="" L="" F="" K="0" N=""
УЭР	ВСЕ	942			0	0	filter:score<3	A="" G="" L="" F="" K="0" N=""
УЭР	ВСЕ	943			0	0	filter:score<3	A="" G="" L="" F="" K="0" N=""
УЭР	ВСЕ	944			0	0	filter:score<3	A="" G="" L="" F="" K="0" N=""
УЭР	ВСЕ	945			0	0	filter:score<3	A="" G="" L="" F="" K="0" N=""
УЭР	ВСЕ	946			0	0	filter:score<3	A="" G="" L="" F="" K="0" N=""
УЭР	ВСЕ	947			0	0	filter:score<3	A="" G="" L="" F="" K="0" N=""
УЭР	ВСЕ	948			0	0	filter:score<3	A="" G="" L="" F="" K="0" N=""
УЭР	ВСЕ	949			0	0	filter:score<3	A="" G="" L="" F="" K="0" N=""
УЭР	ВСЕ	950			0	0	filter:score<3	A="" G="" L="" F="" K="0" N=""
УЭР	ВСЕ	951			0	0	filter:score<3	A="" G="" L="" F="" K="0" N=""
УЭР	ВСЕ	952			0	0	filter:score<3	A="" G="" L="" F="" K="0" N=""
УЭР	ВСЕ	953			0	0	filter:score<3	A="" G="" L="" F="" K="0" N=""
УЭР	ВСЕ	954			0	0	filter:score<3	A="" G="" L="" F="" K="0" N=""
УЭР	ВСЕ	955			0	0	filter:score<3	A="" G="" L="" F="" K="0" N=""
УЭР	ВСЕ	956			0	0	filter:score<3	A="" G="" L="" F="" K="0" N=""
УЭР	ВСЕ	957			0	0	filter:score<3	A="" G="" L="" F="" K="0" N=""
УЭР	ВСЕ	958			0	0	filter:score<3	A="" G="" L="" F="" K="0" N=""
УЭР	ВСЕ	959			0	0	filter:score<3	A="" G="" L="" F="" K="0" N=""
УЭР	ВСЕ	960			0	0	filter:score<3	A="" G="" L="" F="" K="0" N=""
УЭР	ВСЕ	961			0	0	filter:score<3	A="" G="" L="" F="" K="0" N=""
УЭР	ВСЕ	962			0	0	filter:score<3	A="" G="" L="" F="" K="0" N=""
УЭР	ВСЕ	963			0	0	filter:score<3	A="" G="" L="" F="" K="0" N=""
УЭР	ВСЕ	964			0	0	filter:score<3	A="" G="" L="" F="" K="0" N=""
УЭР	ВСЕ	965			0	0	filter:score<3	A="" G="" L="" F="" K="0" N=""
УЭР	ВСЕ	966			0	0	filter:score<3	A="" G="" L="" F="" K="0" N=""
УЭР	ВСЕ	967			0	0	filter:score<3	A="" G="" L="" F="" K="0" N=""
УЭР	ВСЕ	968			0	0	filter:score<3	A="" G="" L="" F="" K="0" N=""
УЭР	ВСЕ	969			0	0	filter:score<3	A="" G="" L="" F="" K="0" N=""
УЭР	ВСЕ	970			0	0	filter:score<3	A="" G="" L="" F="" K="0" N=""
УЭР	ВСЕ	971			0	0	filter:score<3	A="" G="" L="" F="" K="0" N=""
УЭР	ВСЕ	972			0	0	filter:score<3	A="" G="" L="" F="" K="0" N=""
УЭР	ВСЕ	973			0	0	filter:score<3	A="" G="" L="" F="" K="0" N=""
УЭР	ВСЕ	974			0	0	filter:score<3	A="" G="" L="" F="" K="0" N=""
УЭР	ВСЕ	975			0	0	filter:score<3	A="" G="" L="" F="" K="0" N=""
УЭР	ВСЕ	976			0	0	filter:score<3	A="" G="" L="" F="" K="0" N=""
УЭР	ВСЕ	977			0	0	filter:score<3	A="" G="" L="" F="" K="0" N=""
УЭР	ВСЕ	978			0	0	filter:score<3	A="" G="" L="" F="" K="0" N=""
УЭР	ВСЕ	979			0	0	filter:score<3	A="" G="" L="" F="" K="0" N=""
УЭР	ВСЕ	980			0	0	filter:score<3	A="" G="" L="" F="" K="0" N=""
УЭР	ВСЕ	981			0	0	filter:score<3	A="" G="" L="" F="" K="0" N=""
УЭР	ВСЕ	982			0	0	filter:score<3	A="" G="" L="" F="" K="0" N=""
УЭР	ВСЕ	983			0	0	filter:score<3	A="" G="" L="" F="" K="0" N=""
УЭР	ВСЕ	984			0	0	filter:score<3	A="" G="" L="" F="" K="0" N=""
УЭР	ВСЕ	985			0	0	filter:score<3	A="" G="" L="" F="" K="0" N=""
УЭР	ВСЕ	986			0	0	filter:score<3	A="" G="" L="" F="" K="0" N=""
УЭР	ВСЕ	987			0	0	filter:score<3	A="" G="" L="" F="" K="0" N=""
УЭР	ВСЕ	988			0	0	filter:score<3	A="" G="" L="" F="" K="0" N=""
УЭР	ВСЕ	989			0	0	filter:score<3	A="" G="" L="" F="" K="0" N=""
УЭР	ВСЕ	990			0	0	filter:score<3	A="" G="" L="" F="" K="0" N=""
УЭР	ВСЕ	991			0	0	filter:score<3	A="" G="" L="" F="" K="0" N=""
УЭР	ВСЕ	992			0	0	filter:score<3	A="" G="" L="" F="" K="0" N=""
УЭР	ВСЕ	993			0	0	filter:score<3	A="" G="" L="" F="" K="0" N=""
УЭР	ВСЕ	994			0	0	filter:score<3	A="" G="" L="" F="" K="0" N=""
УЭР	ВСЕ	995			0	0	filter:score<3	A="" G="" L="" F="" K="0" N=""
УЭР	ВСЕ	996			0	0	filter:score<3	A="" G="" L="" F="" K="0" N=""
УИО	УИО	5	2	Приобретение системы управления земельно-имущественным комплексом Елизовского муниципально	2200	0	year:noYear	P=""
УИО	УИО	7	4	Текущий ремонт жилого помещения по адресу: Камчатский край, Елизовский район, с.Коряки, ул	1200	0	year:noYear	P=""
УИО	УИО	8	5	Сопровождение программного обеспечения "БФТ.Имущество"	541.4	0	year:noYear	P=""
УИО	УИО	73	71	Капитальный ремонт жилого помещения по адресу: Камчатский край, г. Елизово, ул. Геофизичес	1700	0	year:noYear	P=""
УИО	УИО	74			0	0	filter:score<3	A="" G="" L="" F="" K="0" N=""
УИО	УИО	75			0	0	filter:score<3	A="" G="" L="" F="" K="0" N=""
УИО	УИО	76			0	0	filter:score<3	A="" G="" L="" F="" K="0" N=""
УИО	УИО	77			0	0	filter:score<3	A="" G="" L="" F="" K="0" N=""
УИО	УИО	78			0	0	filter:score<3	A="" G="" L="" F="" K="0" N=""
УИО	УИО	79			0	0	filter:score<3	A="" G="" L="" F="" K="0" N=""
УИО	УИО	80			0	0	filter:score<3	A="" G="" L="" F="" K="0" N=""
УИО	УИО	81			0	0	filter:score<3	A="" G="" L="" F="" K="0" N=""
УИО	УИО	82			0	0	filter:score<3	A="" G="" L="" F="" K="0" N=""
УИО	УИО	83			0	0	filter:score<3	A="" G="" L="" F="" K="0" N=""
УИО	УИО	84			0	0	filter:score<3	A="" G="" L="" F="" K="0" N=""
УИО	УИО	85			0	0	filter:score<3	A="" G="" L="" F="" K="0" N=""
УИО	УИО	86			0	0	filter:score<3	A="" G="" L="" F="" K="0" N=""
УИО	УИО	87			0	0	filter:score<3	A="" G="" L="" F="" K="0" N=""
УИО	УИО	88			0	0	filter:score<3	A="" G="" L="" F="" K="0" N=""
УИО	УИО	89			0	0	filter:score<3	A="" G="" L="" F="" K="0" N=""
УИО	УИО	90			0	0	filter:score<3	A="" G="" L="" F="" K="0" N=""
УИО	УИО	91			0	0	filter:score<3	A="" G="" L="" F="" K="0" N=""
УИО	УИО	92			0	0	filter:score<3	A="" G="" L="" F="" K="0" N=""
УИО	УИО	93			0	0	filter:score<3	A="" G="" L="" F="" K="0" N=""
УИО	УИО	94			0	0	filter:score<3	A="" G="" L="" F="" K="0" N=""
УИО	УИО	95			0	0	filter:score<3	A="" G="" L="" F="" K="0" N=""
УИО	УИО	96			0	0	filter:score<3	A="" G="" L="" F="" K="0" N=""
УИО	УИО	97			0	0	filter:score<3	A="" G="" L="" F="" K="0" N=""
УИО	УИО	98			0	0	filter:score<3	A="" G="" L="" F="" K="0" N=""
УИО	УИО	99			0	0	filter:score<3	A="" G="" L="" F="" K="0" N=""
УИО	УИО	100			0	0	filter:score<3	A="" G="" L="" F="" K="0" N=""
УИО	УИО	101			0	0	filter:score<3	A="" G="" L="" F="" K="0" N=""
УИО	УИО	102			0	0	filter:score<3	A="" G="" L="" F="" K="0" N=""
УИО	УИО	103			0	0	filter:score<3	A="" G="" L="" F="" K="0" N=""
УИО	УИО	104			0	0	filter:score<3	A="" G="" L="" F="" K="0" N=""
УИО	УИО	105			0	0	filter:score<3	A="" G="" L="" F="" K="0" N=""
УИО	УИО	106			0	0	filter:score<3	A="" G="" L="" F="" K="0" N=""
УИО	УИО	107			0	0	filter:score<3	A="" G="" L="" F="" K="0" N=""
УИО	УИО	108			0	0	filter:score<3	A="" G="" L="" F="" K="0" N=""
УИО	УИО	109			0	0	filter:score<3	A="" G="" L="" F="" K="0" N=""
УИО	УИО	110			0	0	filter:score<3	A="" G="" L="" F="" K="0" N=""
УИО	УИО	111			0	0	filter:score<3	A="" G="" L="" F="" K="0" N=""
УИО	УИО	112			0	0	filter:score<3	A="" G="" L="" F="" K="0" N=""
УИО	УИО	113			0	0	filter:score<3	A="" G="" L="" F="" K="0" N=""
УИО	УИО	114			0	0	filter:score<3	A="" G="" L="" F="" K="0" N=""
УИО	УИО	115			0	0	filter:score<3	A="" G="" L="" F="" K="0" N=""
УИО	УИО	116			0	0	filter:score<3	A="" G="" L="" F="" K="0" N=""
УИО	УИО	117			0	0	filter:score<3	A="" G="" L="" F="" K="0" N=""
УИО	УИО	118			0	0	filter:score<3	A="" G="" L="" F="" K="0" N=""
УИО	УИО	119			0	0	filter:score<3	A="" G="" L="" F="" K="0" N=""
УИО	УИО	120			0	0	filter:score<3	A="" G="" L="" F="" K="0" N=""
УИО	УИО	121			0	0	filter:score<3	A="" G="" L="" F="" K="0" N=""
УИО	УИО	122			0	0	filter:score<3	A="" G="" L="" F="" K="0" N=""
УИО	УИО	123			0	0	filter:score<3	A="" G="" L="" F="" K="0" N=""
УИО	УИО	124			0	0	filter:score<3	A="" G="" L="" F="" K="0" N=""
УИО	УИО	125			0	0	filter:score<3	A="" G="" L="" F="" K="0" N=""
УИО	УИО	126			0	0	filter:score<3	A="" G="" L="" F="" K="0" N=""
УИО	УИО	127			0	0	filter:score<3	A="" G="" L="" F="" K="0" N=""
УИО	УИО	128			0	0	filter:score<3	A="" G="" L="" F="" K="0" N=""
УИО	УИО	129			0	0	filter:score<3	A="" G="" L="" F="" K="0" N=""
УИО	УИО	130			0	0	filter:score<3	A="" G="" L="" F="" K="0" N=""
УИО	УИО	131			0	0	filter:score<3	A="" G="" L="" F="" K="0" N=""
УИО	УИО	132			0	0	filter:score<3	A="" G="" L="" F="" K="0" N=""
УИО	УИО	133			0	0	filter:score<3	A="" G="" L="" F="" K="0" N=""
УИО	УИО	134			0	0	filter:score<3	A="" G="" L="" F="" K="0" N=""
УИО	УИО	135			0	0	filter:score<3	A="" G="" L="" F="" K="0" N=""
УИО	УИО	136			0	0	filter:score<3	A="" G="" L="" F="" K="0" N=""
УИО	УИО	137			0	0	filter:score<3	A="" G="" L="" F="" K="0" N=""
УИО	УИО	138			0	0	filter:score<3	A="" G="" L="" F="" K="0" N=""
УИО	УИО	139			0	0	filter:score<3	A="" G="" L="" F="" K="0" N=""
УИО	УИО	140			0	0	filter:score<3	A="" G="" L="" F="" K="0" N=""
УИО	УИО	141			0	0	filter:score<3	A="" G="" L="" F="" K="0" N=""
УИО	УИО	142			0	0	filter:score<3	A="" G="" L="" F="" K="0" N=""
УИО	УИО	143			0	0	filter:score<3	A="" G="" L="" F="" K="0" N=""
УИО	УИО	144			0	0	filter:score<3	A="" G="" L="" F="" K="0" N=""
УИО	УИО	145			0	0	filter:score<3	A="" G="" L="" F="" K="0" N=""
УИО	УИО	146			0	0	filter:score<3	A="" G="" L="" F="" K="0" N=""
УИО	УИО	147			0	0	filter:score<3	A="" G="" L="" F="" K="0" N=""
УИО	УИО	148			0	0	filter:score<3	A="" G="" L="" F="" K="0" N=""
УИО	УИО	149			0	0	filter:score<3	A="" G="" L="" F="" K="0" N=""
УИО	УИО	150			0	0	filter:score<3	A="" G="" L="" F="" K="0" N=""
УИО	УИО	151			0	0	filter:score<3	A="" G="" L="" F="" K="0" N=""
УИО	УИО	152			0	0	filter:score<3	A="" G="" L="" F="" K="0" N=""
УИО	УИО	153			0	0	filter:score<3	A="" G="" L="" F="" K="0" N=""
УИО	УИО	154			0	0	filter:score<3	A="" G="" L="" F="" K="0" N=""
УИО	УИО	155			0	0	filter:score<3	A="" G="" L="" F="" K="0" N=""
УИО	УИО	156			0	0	filter:score<3	A="" G="" L="" F="" K="0" N=""
УИО	УИО	157			0	0	filter:score<3	A="" G="" L="" F="" K="0" N=""
УИО	УИО	158			0	0	filter:score<3	A="" G="" L="" F="" K="0" N=""
УИО	УИО	159			0	0	filter:score<3	A="" G="" L="" F="" K="0" N=""
УИО	УИО	160			0	0	filter:score<3	A="" G="" L="" F="" K="0" N=""
УИО	УИО	161			0	0	filter:score<3	A="" G="" L="" F="" K="0" N=""
УИО	УИО	162			0	0	filter:score<3	A="" G="" L="" F="" K="0" N=""
УИО	УИО	163			0	0	filter:score<3	A="" G="" L="" F="" K="0" N=""
УИО	УИО	164			0	0	filter:score<3	A="" G="" L="" F="" K="0" N=""
УИО	УИО	165			0	0	filter:score<3	A="" G="" L="" F="" K="0" N=""
УИО	УИО	166			0	0	filter:score<3	A="" G="" L="" F="" K="0" N=""
УИО	УИО	167			0	0	filter:score<3	A="" G="" L="" F="" K="0" N=""
УИО	УИО	168			0	0	filter:score<3	A="" G="" L="" F="" K="0" N=""
УИО	УИО	169			0	0	filter:score<3	A="" G="" L="" F="" K="0" N=""
УИО	УИО	170			0	0	filter:score<3	A="" G="" L="" F="" K="0" N=""
УИО	УИО	171			0	0	filter:score<3	A="" G="" L="" F="" K="0" N=""
УИО	УИО	172			0	0	filter:score<3	A="" G="" L="" F="" K="0" N=""
УИО	УИО	173			0	0	filter:score<3	A="" G="" L="" F="" K="0" N=""
УИО	УИО	174			0	0	filter:score<3	A="" G="" L="" F="" K="0" N=""
УИО	УИО	175			0	0	filter:score<3	A="" G="" L="" F="" K="0" N=""
УИО	УИО	176			0	0	filter:score<3	A="" G="" L="" F="" K="0" N=""
УИО	УИО	177			0	0	filter:score<3	A="" G="" L="" F="" K="0" N=""
УИО	УИО	178			0	0	filter:score<3	A="" G="" L="" F="" K="0" N=""
УИО	УИО	179			0	0	filter:score<3	A="" G="" L="" F="" K="0" N=""
УИО	УИО	180			0	0	filter:score<3	A="" G="" L="" F="" K="0" N=""
УИО	УИО	181			0	0	filter:score<3	A="" G="" L="" F="" K="0" N=""
УИО	УИО	182			0	0	filter:score<3	A="" G="" L="" F="" K="0" N=""
УИО	УИО	183			0	0	filter:score<3	A="" G="" L="" F="" K="0" N=""
УИО	УИО	184			0	0	filter:score<3	A="" G="" L="" F="" K="0" N=""
УИО	УИО	185			0	0	filter:score<3	A="" G="" L="" F="" K="0" N=""
УИО	УИО	186			0	0	filter:score<3	A="" G="" L="" F="" K="0" N=""
УИО	УИО	187			0	0	filter:score<3	A="" G="" L="" F="" K="0" N=""
УИО	УИО	188			0	0	filter:score<3	A="" G="" L="" F="" K="0" N=""
УИО	УИО	189			0	0	filter:score<3	A="" G="" L="" F="" K="0" N=""
УИО	УИО	190			0	0	filter:score<3	A="" G="" L="" F="" K="0" N=""
УИО	УИО	191			0	0	filter:score<3	A="" G="" L="" F="" K="0" N=""
УИО	УИО	192			0	0	filter:score<3	A="" G="" L="" F="" K="0" N=""
УИО	УИО	193			0	0	filter:score<3	A="" G="" L="" F="" K="0" N=""
УИО	УИО	194			0	0	filter:score<3	A="" G="" L="" F="" K="0" N=""
УИО	УИО	195			0	0	filter:score<3	A="" G="" L="" F="" K="0" N=""
УИО	УИО	196			0	0	filter:score<3	A="" G="" L="" F="" K="0" N=""
УИО	УИО	197			0	0	filter:score<3	A="" G="" L="" F="" K="0" N=""
УИО	УИО	198			0	0	filter:score<3	A="" G="" L="" F="" K="0" N=""
УИО	УИО	199			0	0	filter:score<3	A="" G="" L="" F="" K="0" N=""
УИО	УИО	200			0	0	filter:score<3	A="" G="" L="" F="" K="0" N=""
УИО	УИО	201			0	0	filter:score<3	A="" G="" L="" F="" K="0" N=""
УИО	УИО	202			0	0	filter:score<3	A="" G="" L="" F="" K="0" N=""
УИО	УИО	203			0	0	filter:score<3	A="" G="" L="" F="" K="0" N=""
УИО	УИО	204			0	0	filter:score<3	A="" G="" L="" F="" K="0" N=""
УИО	УИО	205			0	0	filter:score<3	A="" G="" L="" F="" K="0" N=""
УИО	УИО	206			0	0	filter:score<3	A="" G="" L="" F="" K="0" N=""
УИО	УИО	207			0	0	filter:score<3	A="" G="" L="" F="" K="0" N=""
УИО	УИО	208			0	0	filter:score<3	A="" G="" L="" F="" K="0" N=""
УИО	УИО	209			0	0	filter:score<3	A="" G="" L="" F="" K="0" N=""
УИО	УИО	210			0	0	filter:score<3	A="" G="" L="" F="" K="0" N=""
УИО	УИО	211			0	0	filter:score<3	A="" G="" L="" F="" K="0" N=""
УИО	УИО	212			0	0	filter:score<3	A="" G="" L="" F="" K="0" N=""
УИО	УИО	213			0	0	filter:score<3	A="" G="" L="" F="" K="0" N=""
УИО	УИО	214			0	0	filter:score<3	A="" G="" L="" F="" K="0" N=""
УИО	УИО	215			0	0	filter:score<3	A="" G="" L="" F="" K="0" N=""
УИО	УИО	216			0	0	filter:score<3	A="" G="" L="" F="" K="0" N=""
УИО	УИО	217			0	0	filter:score<3	A="" G="" L="" F="" K="0" N=""
УИО	УИО	218			0	0	filter:score<3	A="" G="" L="" F="" K="0" N=""
УИО	УИО	219			0	0	filter:score<3	A="" G="" L="" F="" K="0" N=""
УИО	УИО	220			0	0	filter:score<3	A="" G="" L="" F="" K="0" N=""
УИО	УИО	221			0	0	filter:score<3	A="" G="" L="" F="" K="0" N=""
УИО	УИО	222			0	0	filter:score<3	A="" G="" L="" F="" K="0" N=""
УИО	УИО	223			0	0	filter:score<3	A="" G="" L="" F="" K="0" N=""
УИО	УИО	224			0	0	filter:score<3	A="" G="" L="" F="" K="0" N=""
УИО	УИО	225			0	0	filter:score<3	A="" G="" L="" F="" K="0" N=""
УИО	УИО	226			0	0	filter:score<3	A="" G="" L="" F="" K="0" N=""
УИО	УИО	227			0	0	filter:score<3	A="" G="" L="" F="" K="0" N=""
УИО	УИО	228			0	0	filter:score<3	A="" G="" L="" F="" K="0" N=""
УИО	УИО	229			0	0	filter:score<3	A="" G="" L="" F="" K="0" N=""
УИО	УИО	230			0	0	filter:score<3	A="" G="" L="" F="" K="0" N=""
УИО	УИО	231			0	0	filter:score<3	A="" G="" L="" F="" K="0" N=""
УИО	УИО	232			0	0	filter:score<3	A="" G="" L="" F="" K="0" N=""
УИО	УИО	233			0	0	filter:score<3	A="" G="" L="" F="" K="0" N=""
УИО	УИО	234			0	0	filter:score<3	A="" G="" L="" F="" K="0" N=""
УИО	УИО	235			0	0	filter:score<3	A="" G="" L="" F="" K="0" N=""
УИО	УИО	236			0	0	filter:score<3	A="" G="" L="" F="" K="0" N=""
УИО	УИО	237			0	0	filter:score<3	A="" G="" L="" F="" K="0" N=""
УИО	УИО	238			0	0	filter:score<3	A="" G="" L="" F="" K="0" N=""
УИО	УИО	239			0	0	filter:score<3	A="" G="" L="" F="" K="0" N=""
УИО	УИО	240			0	0	filter:score<3	A="" G="" L="" F="" K="0" N=""
УИО	УИО	241			0	0	filter:score<3	A="" G="" L="" F="" K="0" N=""
УИО	УИО	242			0	0	filter:score<3	A="" G="" L="" F="" K="0" N=""
УИО	УИО	243			0	0	filter:score<3	A="" G="" L="" F="" K="0" N=""
УИО	УИО	244			0	0	filter:score<3	A="" G="" L="" F="" K="0" N=""
УИО	УИО	245			0	0	filter:score<3	A="" G="" L="" F="" K="0" N=""
УИО	УИО	246			0	0	filter:score<3	A="" G="" L="" F="" K="0" N=""
УИО	УИО	247			0	0	filter:score<3	A="" G="" L="" F="" K="0" N=""
УИО	УИО	248			0	0	filter:score<3	A="" G="" L="" F="" K="0" N=""
УИО	УИО	249			0	0	filter:score<3	A="" G="" L="" F="" K="0" N=""
УИО	УИО	250			0	0	filter:score<3	A="" G="" L="" F="" K="0" N=""
УИО	УИО	251			0	0	filter:score<3	A="" G="" L="" F="" K="0" N=""
УИО	УИО	252			0	0	filter:score<3	A="" G="" L="" F="" K="0" N=""
УИО	УИО	253			0	0	filter:score<3	A="" G="" L="" F="" K="0" N=""
УИО	УИО	254			0	0	filter:score<3	A="" G="" L="" F="" K="0" N=""
УИО	УИО	255			0	0	filter:score<3	A="" G="" L="" F="" K="0" N=""
УИО	УИО	256			0	0	filter:score<3	A="" G="" L="" F="" K="0" N=""
УИО	УИО	257			0	0	filter:score<3	A="" G="" L="" F="" K="0" N=""
УИО	УИО	258			0	0	filter:score<3	A="" G="" L="" F="" K="0" N=""
УИО	УИО	259			0	0	filter:score<3	A="" G="" L="" F="" K="0" N=""
УИО	УИО	260			0	0	filter:score<3	A="" G="" L="" F="" K="0" N=""
УИО	УИО	261			0	0	filter:score<3	A="" G="" L="" F="" K="0" N=""
УИО	УИО	262			0	0	filter:score<3	A="" G="" L="" F="" K="0" N=""
УИО	УИО	263			0	0	filter:score<3	A="" G="" L="" F="" K="0" N=""
УИО	УИО	264			0	0	filter:score<3	A="" G="" L="" F="" K="0" N=""
УИО	УИО	265			0	0	filter:score<3	A="" G="" L="" F="" K="0" N=""
УИО	УИО	266			0	0	filter:score<3	A="" G="" L="" F="" K="0" N=""
УИО	УИО	267			0	0	filter:score<3	A="" G="" L="" F="" K="0" N=""
УИО	УИО	268			0	0	filter:score<3	A="" G="" L="" F="" K="0" N=""
УИО	УИО	269			0	0	filter:score<3	A="" G="" L="" F="" K="0" N=""
УИО	УИО	270			0	0	filter:score<3	A="" G="" L="" F="" K="0" N=""
УИО	УИО	271			0	0	filter:score<3	A="" G="" L="" F="" K="0" N=""
УИО	УИО	272			0	0	filter:score<3	A="" G="" L="" F="" K="0" N=""
УИО	УИО	273			0	0	filter:score<3	A="" G="" L="" F="" K="0" N=""
УИО	УИО	274			0	0	filter:score<3	A="" G="" L="" F="" K="0" N=""
УИО	УИО	275			0	0	filter:score<3	A="" G="" L="" F="" K="0" N=""
УИО	УИО	276			0	0	filter:score<3	A="" G="" L="" F="" K="0" N=""
УИО	УИО	277			0	0	filter:score<3	A="" G="" L="" F="" K="0" N=""
УИО	УИО	278			0	0	filter:score<3	A="" G="" L="" F="" K="0" N=""
УИО	УИО	279			0	0	filter:score<3	A="" G="" L="" F="" K="0" N=""
УИО	УИО	280			0	0	filter:score<3	A="" G="" L="" F="" K="0" N=""
УИО	УИО	281			0	0	filter:score<3	A="" G="" L="" F="" K="0" N=""
УИО	УИО	282			0	0	filter:score<3	A="" G="" L="" F="" K="0" N=""
УИО	УИО	283			0	0	filter:score<3	A="" G="" L="" F="" K="0" N=""
УИО	УИО	284			0	0	filter:score<3	A="" G="" L="" F="" K="0" N=""
УИО	УИО	285			0	0	filter:score<3	A="" G="" L="" F="" K="0" N=""
УИО	УИО	286			0	0	filter:score<3	A="" G="" L="" F="" K="0" N=""
УИО	УИО	287			0	0	filter:score<3	A="" G="" L="" F="" K="0" N=""
УИО	УИО	288			0	0	filter:score<3	A="" G="" L="" F="" K="0" N=""
УИО	УИО	289			0	0	filter:score<3	A="" G="" L="" F="" K="0" N=""
УИО	УИО	290			0	0	filter:score<3	A="" G="" L="" F="" K="0" N=""
УИО	УИО	291			0	0	filter:score<3	A="" G="" L="" F="" K="0" N=""
УИО	УИО	292			0	0	filter:score<3	A="" G="" L="" F="" K="0" N=""
УИО	УИО	293			0	0	filter:score<3	A="" G="" L="" F="" K="0" N=""
УИО	УИО	294			0	0	filter:score<3	A="" G="" L="" F="" K="0" N=""
УИО	УИО	295			0	0	filter:score<3	A="" G="" L="" F="" K="0" N=""
УИО	УИО	296			0	0	filter:score<3	A="" G="" L="" F="" K="0" N=""
УИО	УИО	297			0	0	filter:score<3	A="" G="" L="" F="" K="0" N=""
УИО	УИО	298			0	0	filter:score<3	A="" G="" L="" F="" K="0" N=""
УИО	УИО	299			0	0	filter:score<3	A="" G="" L="" F="" K="0" N=""
УИО	УИО	300			0	0	filter:score<3	A="" G="" L="" F="" K="0" N=""
УИО	УИО	301			0	0	filter:score<3	A="" G="" L="" F="" K="0" N=""
УИО	УИО	302			0	0	filter:score<3	A="" G="" L="" F="" K="0" N=""
УИО	УИО	303			0	0	filter:score<3	A="" G="" L="" F="" K="0" N=""
УИО	УИО	304			0	0	filter:score<3	A="" G="" L="" F="" K="0" N=""
УИО	УИО	305			0	0	filter:score<3	A="" G="" L="" F="" K="0" N=""
УИО	УИО	306			0	0	filter:score<3	A="" G="" L="" F="" K="0" N=""
УИО	УИО	307			0	0	filter:score<3	A="" G="" L="" F="" K="0" N=""
УИО	УИО	308			0	0	filter:score<3	A="" G="" L="" F="" K="0" N=""
УИО	УИО	309			0	0	filter:score<3	A="" G="" L="" F="" K="0" N=""
УИО	УИО	310			0	0	filter:score<3	A="" G="" L="" F="" K="0" N=""
УИО	УИО	311			0	0	filter:score<3	A="" G="" L="" F="" K="0" N=""
УИО	УИО	312			0	0	filter:score<3	A="" G="" L="" F="" K="0" N=""
УИО	УИО	313			0	0	filter:score<3	A="" G="" L="" F="" K="0" N=""
УИО	УИО	314			0	0	filter:score<3	A="" G="" L="" F="" K="0" N=""
УИО	УИО	315			0	0	filter:score<3	A="" G="" L="" F="" K="0" N=""
УИО	УИО	316			0	0	filter:score<3	A="" G="" L="" F="" K="0" N=""
УИО	УИО	317			0	0	filter:score<3	A="" G="" L="" F="" K="0" N=""
УИО	УИО	318			0	0	filter:score<3	A="" G="" L="" F="" K="0" N=""
УИО	УИО	319			0	0	filter:score<3	A="" G="" L="" F="" K="0" N=""
УИО	УИО	320			0	0	filter:score<3	A="" G="" L="" F="" K="0" N=""
УИО	УИО	321			0	0	filter:score<3	A="" G="" L="" F="" K="0" N=""
УИО	УИО	322			0	0	filter:score<3	A="" G="" L="" F="" K="0" N=""
УИО	УИО	323			0	0	filter:score<3	A="" G="" L="" F="" K="0" N=""
УИО	УИО	324			0	0	filter:score<3	A="" G="" L="" F="" K="0" N=""
УИО	УИО	325			0	0	filter:score<3	A="" G="" L="" F="" K="0" N=""
УИО	УИО	326			0	0	filter:score<3	A="" G="" L="" F="" K="0" N=""
УИО	УИО	327			0	0	filter:score<3	A="" G="" L="" F="" K="0" N=""
УИО	УИО	328			0	0	filter:score<3	A="" G="" L="" F="" K="0" N=""
УИО	УИО	329			0	0	filter:score<3	A="" G="" L="" F="" K="0" N=""
УИО	УИО	330			0	0	filter:score<3	A="" G="" L="" F="" K="0" N=""
УИО	УИО	331			0	0	filter:score<3	A="" G="" L="" F="" K="0" N=""
УИО	УИО	332			0	0	filter:score<3	A="" G="" L="" F="" K="0" N=""
УИО	УИО	333			0	0	filter:score<3	A="" G="" L="" F="" K="0" N=""
УИО	УИО	334			0	0	filter:score<3	A="" G="" L="" F="" K="0" N=""
УИО	УИО	335			0	0	filter:score<3	A="" G="" L="" F="" K="0" N=""
УИО	УИО	336			0	0	filter:score<3	A="" G="" L="" F="" K="0" N=""
УИО	УИО	337			0	0	filter:score<3	A="" G="" L="" F="" K="0" N=""
УИО	УИО	338			0	0	filter:score<3	A="" G="" L="" F="" K="0" N=""
УИО	УИО	339			0	0	filter:score<3	A="" G="" L="" F="" K="0" N=""
УИО	УИО	340			0	0	filter:score<3	A="" G="" L="" F="" K="0" N=""
УИО	УИО	341			0	0	filter:score<3	A="" G="" L="" F="" K="0" N=""
УИО	УИО	342			0	0	filter:score<3	A="" G="" L="" F="" K="0" N=""
УИО	УИО	343			0	0	filter:score<3	A="" G="" L="" F="" K="0" N=""
УИО	УИО	344			0	0	filter:score<3	A="" G="" L="" F="" K="0" N=""
УИО	УИО	345			0	0	filter:score<3	A="" G="" L="" F="" K="0" N=""
УИО	УИО	346			0	0	filter:score<3	A="" G="" L="" F="" K="0" N=""
УИО	УИО	347			0	0	filter:score<3	A="" G="" L="" F="" K="0" N=""
УИО	УИО	348			0	0	filter:score<3	A="" G="" L="" F="" K="0" N=""
УИО	УИО	349			0	0	filter:score<3	A="" G="" L="" F="" K="0" N=""
УИО	УИО	350			0	0	filter:score<3	A="" G="" L="" F="" K="0" N=""
УИО	УИО	351			0	0	filter:score<3	A="" G="" L="" F="" K="0" N=""
УИО	УИО	352			0	0	filter:score<3	A="" G="" L="" F="" K="0" N=""
УИО	УИО	353			0	0	filter:score<3	A="" G="" L="" F="" K="0" N=""
УИО	УИО	354			0	0	filter:score<3	A="" G="" L="" F="" K="0" N=""
УИО	УИО	355			0	0	filter:score<3	A="" G="" L="" F="" K="0" N=""
УИО	УИО	356			0	0	filter:score<3	A="" G="" L="" F="" K="0" N=""
УИО	УИО	357			0	0	filter:score<3	A="" G="" L="" F="" K="0" N=""
УИО	УИО	358			0	0	filter:score<3	A="" G="" L="" F="" K="0" N=""
УИО	УИО	359			0	0	filter:score<3	A="" G="" L="" F="" K="0" N=""
УИО	УИО	360			0	0	filter:score<3	A="" G="" L="" F="" K="0" N=""
УИО	УИО	361			0	0	filter:score<3	A="" G="" L="" F="" K="0" N=""
УИО	УИО	362			0	0	filter:score<3	A="" G="" L="" F="" K="0" N=""
УИО	УИО	363			0	0	filter:score<3	A="" G="" L="" F="" K="0" N=""
УИО	УИО	364			0	0	filter:score<3	A="" G="" L="" F="" K="0" N=""
УИО	УИО	365			0	0	filter:score<3	A="" G="" L="" F="" K="0" N=""
УИО	УИО	366			0	0	filter:score<3	A="" G="" L="" F="" K="0" N=""
УИО	УИО	367			0	0	filter:score<3	A="" G="" L="" F="" K="0" N=""
УИО	УИО	368			0	0	filter:score<3	A="" G="" L="" F="" K="0" N=""
УИО	УИО	369			0	0	filter:score<3	A="" G="" L="" F="" K="0" N=""
УИО	УИО	370			0	0	filter:score<3	A="" G="" L="" F="" K="0" N=""
УИО	УИО	371			0	0	filter:score<3	A="" G="" L="" F="" K="0" N=""
УИО	УИО	372			0	0	filter:score<3	A="" G="" L="" F="" K="0" N=""
УИО	УИО	373			0	0	filter:score<3	A="" G="" L="" F="" K="0" N=""
УИО	УИО	374			0	0	filter:score<3	A="" G="" L="" F="" K="0" N=""
УИО	УИО	375			0	0	filter:score<3	A="" G="" L="" F="" K="0" N=""
УИО	УИО	376			0	0	filter:score<3	A="" G="" L="" F="" K="0" N=""
УИО	УИО	377			0	0	filter:score<3	A="" G="" L="" F="" K="0" N=""
УИО	УИО	378			0	0	filter:score<3	A="" G="" L="" F="" K="0" N=""
УИО	УИО	379			0	0	filter:score<3	A="" G="" L="" F="" K="0" N=""
УИО	УИО	380			0	0	filter:score<3	A="" G="" L="" F="" K="0" N=""
УИО	УИО	381			0	0	filter:score<3	A="" G="" L="" F="" K="0" N=""
УИО	УИО	382			0	0	filter:score<3	A="" G="" L="" F="" K="0" N=""
УИО	УИО	383			0	0	filter:score<3	A="" G="" L="" F="" K="0" N=""
УИО	УИО	384			0	0	filter:score<3	A="" G="" L="" F="" K="0" N=""
УИО	УИО	385			0	0	filter:score<3	A="" G="" L="" F="" K="0" N=""
УИО	УИО	386			0	0	filter:score<3	A="" G="" L="" F="" K="0" N=""
УИО	УИО	387			0	0	filter:score<3	A="" G="" L="" F="" K="0" N=""
УИО	УИО	388			0	0	filter:score<3	A="" G="" L="" F="" K="0" N=""
УИО	УИО	389			0	0	filter:score<3	A="" G="" L="" F="" K="0" N=""
УИО	УИО	390			0	0	filter:score<3	A="" G="" L="" F="" K="0" N=""
УИО	УИО	391			0	0	filter:score<3	A="" G="" L="" F="" K="0" N=""
УИО	УИО	392			0	0	filter:score<3	A="" G="" L="" F="" K="0" N=""
УИО	УИО	393			0	0	filter:score<3	A="" G="" L="" F="" K="0" N=""
УИО	УИО	394			0	0	filter:score<3	A="" G="" L="" F="" K="0" N=""
УИО	УИО	395			0	0	filter:score<3	A="" G="" L="" F="" K="0" N=""
УИО	УИО	396			0	0	filter:score<3	A="" G="" L="" F="" K="0" N=""
УИО	УИО	397			0	0	filter:score<3	A="" G="" L="" F="" K="0" N=""
УИО	УИО	398			0	0	filter:score<3	A="" G="" L="" F="" K="0" N=""
УИО	УИО	399			0	0	filter:score<3	A="" G="" L="" F="" K="0" N=""
УИО	УИО	400			0	0	filter:score<3	A="" G="" L="" F="" K="0" N=""
УИО	УИО	401			0	0	filter:score<3	A="" G="" L="" F="" K="0" N=""
УИО	УИО	402			0	0	filter:score<3	A="" G="" L="" F="" K="0" N=""
УИО	УИО	403			0	0	filter:score<3	A="" G="" L="" F="" K="0" N=""
УИО	УИО	404			0	0	filter:score<3	A="" G="" L="" F="" K="0" N=""
УИО	УИО	405			0	0	filter:score<3	A="" G="" L="" F="" K="0" N=""
УИО	УИО	406			0	0	filter:score<3	A="" G="" L="" F="" K="0" N=""
УИО	УИО	407			0	0	filter:score<3	A="" G="" L="" F="" K="0" N=""
УИО	УИО	408			0	0	filter:score<3	A="" G="" L="" F="" K="0" N=""
УИО	УИО	409			0	0	filter:score<3	A="" G="" L="" F="" K="0" N=""
УИО	УИО	410			0	0	filter:score<3	A="" G="" L="" F="" K="0" N=""
УИО	УИО	411			0	0	filter:score<3	A="" G="" L="" F="" K="0" N=""
УИО	УИО	412			0	0	filter:score<3	A="" G="" L="" F="" K="0" N=""
УИО	УИО	413			0	0	filter:score<3	A="" G="" L="" F="" K="0" N=""
УИО	УИО	414			0	0	filter:score<3	A="" G="" L="" F="" K="0" N=""
УИО	УИО	415			0	0	filter:score<3	A="" G="" L="" F="" K="0" N=""
УИО	УИО	416			0	0	filter:score<3	A="" G="" L="" F="" K="0" N=""
УИО	УИО	417			0	0	filter:score<3	A="" G="" L="" F="" K="0" N=""
УИО	УИО	418			0	0	filter:score<3	A="" G="" L="" F="" K="0" N=""
УИО	УИО	419			0	0	filter:score<3	A="" G="" L="" F="" K="0" N=""
УИО	УИО	420			0	0	filter:score<3	A="" G="" L="" F="" K="0" N=""
УИО	УИО	421			0	0	filter:score<3	A="" G="" L="" F="" K="0" N=""
УИО	УИО	422			0	0	filter:score<3	A="" G="" L="" F="" K="0" N=""
УИО	УИО	423			0	0	filter:score<3	A="" G="" L="" F="" K="0" N=""
УИО	УИО	424			0	0	filter:score<3	A="" G="" L="" F="" K="0" N=""
УИО	УИО	425			0	0	filter:score<3	A="" G="" L="" F="" K="0" N=""
УИО	УИО	426			0	0	filter:score<3	A="" G="" L="" F="" K="0" N=""
УИО	УИО	427			0	0	filter:score<3	A="" G="" L="" F="" K="0" N=""
УИО	УИО	428			0	0	filter:score<3	A="" G="" L="" F="" K="0" N=""
УИО	УИО	429			0	0	filter:score<3	A="" G="" L="" F="" K="0" N=""
УИО	УИО	430			0	0	filter:score<3	A="" G="" L="" F="" K="0" N=""
УИО	УИО	431			0	0	filter:score<3	A="" G="" L="" F="" K="0" N=""
УИО	УИО	432			0	0	filter:score<3	A="" G="" L="" F="" K="0" N=""
УИО	УИО	433			0	0	filter:score<3	A="" G="" L="" F="" K="0" N=""
УИО	УИО	434			0	0	filter:score<3	A="" G="" L="" F="" K="0" N=""
УИО	УИО	435			0	0	filter:score<3	A="" G="" L="" F="" K="0" N=""
УИО	УИО	436			0	0	filter:score<3	A="" G="" L="" F="" K="0" N=""
УИО	УИО	437			0	0	filter:score<3	A="" G="" L="" F="" K="0" N=""
УИО	УИО	438			0	0	filter:score<3	A="" G="" L="" F="" K="0" N=""
УИО	УИО	439			0	0	filter:score<3	A="" G="" L="" F="" K="0" N=""
УИО	УИО	440			0	0	filter:score<3	A="" G="" L="" F="" K="0" N=""
УИО	УИО	441			0	0	filter:score<3	A="" G="" L="" F="" K="0" N=""
УИО	УИО	442			0	0	filter:score<3	A="" G="" L="" F="" K="0" N=""
УИО	УИО	443			0	0	filter:score<3	A="" G="" L="" F="" K="0" N=""
УИО	УИО	444			0	0	filter:score<3	A="" G="" L="" F="" K="0" N=""
УИО	УИО	445			0	0	filter:score<3	A="" G="" L="" F="" K="0" N=""
УИО	УИО	446			0	0	filter:score<3	A="" G="" L="" F="" K="0" N=""
УИО	УИО	447			0	0	filter:score<3	A="" G="" L="" F="" K="0" N=""
УИО	УИО	448			0	0	filter:score<3	A="" G="" L="" F="" K="0" N=""
УИО	УИО	449			0	0	filter:score<3	A="" G="" L="" F="" K="0" N=""
УИО	УИО	450			0	0	filter:score<3	A="" G="" L="" F="" K="0" N=""
УИО	УИО	451			0	0	filter:score<3	A="" G="" L="" F="" K="0" N=""
УИО	УИО	452			0	0	filter:score<3	A="" G="" L="" F="" K="0" N=""
УИО	УИО	453			0	0	filter:score<3	A="" G="" L="" F="" K="0" N=""
УИО	УИО	454			0	0	filter:score<3	A="" G="" L="" F="" K="0" N=""
УИО	УИО	455			0	0	filter:score<3	A="" G="" L="" F="" K="0" N=""
УИО	УИО	456			0	0	filter:score<3	A="" G="" L="" F="" K="0" N=""
УИО	УИО	457			0	0	filter:score<3	A="" G="" L="" F="" K="0" N=""
УИО	УИО	458			0	0	filter:score<3	A="" G="" L="" F="" K="0" N=""
УИО	УИО	459			0	0	filter:score<3	A="" G="" L="" F="" K="0" N=""
УИО	УИО	460			0	0	filter:score<3	A="" G="" L="" F="" K="0" N=""
УИО	УИО	461			0	0	filter:score<3	A="" G="" L="" F="" K="0" N=""
УИО	УИО	462			0	0	filter:score<3	A="" G="" L="" F="" K="0" N=""
УИО	УИО	463			0	0	filter:score<3	A="" G="" L="" F="" K="0" N=""
УИО	УИО	464			0	0	filter:score<3	A="" G="" L="" F="" K="0" N=""
УИО	УИО	465			0	0	filter:score<3	A="" G="" L="" F="" K="0" N=""
УИО	УИО	466			0	0	filter:score<3	A="" G="" L="" F="" K="0" N=""
УИО	УИО	467			0	0	filter:score<3	A="" G="" L="" F="" K="0" N=""
УИО	УИО	468			0	0	filter:score<3	A="" G="" L="" F="" K="0" N=""
УИО	УИО	469			0	0	filter:score<3	A="" G="" L="" F="" K="0" N=""
УИО	УИО	470			0	0	filter:score<3	A="" G="" L="" F="" K="0" N=""
УИО	УИО	471			0	0	filter:score<3	A="" G="" L="" F="" K="0" N=""
УИО	УИО	472			0	0	filter:score<3	A="" G="" L="" F="" K="0" N=""
УИО	УИО	473			0	0	filter:score<3	A="" G="" L="" F="" K="0" N=""
УИО	УИО	474			0	0	filter:score<3	A="" G="" L="" F="" K="0" N=""
УИО	УИО	475			0	0	filter:score<3	A="" G="" L="" F="" K="0" N=""
УИО	УИО	476			0	0	filter:score<3	A="" G="" L="" F="" K="0" N=""
УИО	УИО	477			0	0	filter:score<3	A="" G="" L="" F="" K="0" N=""
УИО	УИО	478			0	0	filter:score<3	A="" G="" L="" F="" K="0" N=""
УИО	УИО	479			0	0	filter:score<3	A="" G="" L="" F="" K="0" N=""
УИО	УИО	480			0	0	filter:score<3	A="" G="" L="" F="" K="0" N=""
УИО	УИО	481			0	0	filter:score<3	A="" G="" L="" F="" K="0" N=""
УИО	УИО	482			0	0	filter:score<3	A="" G="" L="" F="" K="0" N=""
УИО	УИО	483			0	0	filter:score<3	A="" G="" L="" F="" K="0" N=""
УИО	УИО	484			0	0	filter:score<3	A="" G="" L="" F="" K="0" N=""
УИО	УИО	485			0	0	filter:score<3	A="" G="" L="" F="" K="0" N=""
УИО	УИО	486			0	0	filter:score<3	A="" G="" L="" F="" K="0" N=""
УИО	УИО	487			0	0	filter:score<3	A="" G="" L="" F="" K="0" N=""
УИО	УИО	488			0	0	filter:score<3	A="" G="" L="" F="" K="0" N=""
УИО	УИО	489			0	0	filter:score<3	A="" G="" L="" F="" K="0" N=""
УИО	УИО	490			0	0	filter:score<3	A="" G="" L="" F="" K="0" N=""
УИО	УИО	491			0	0	filter:score<3	A="" G="" L="" F="" K="0" N=""
УИО	УИО	492			0	0	filter:score<3	A="" G="" L="" F="" K="0" N=""
УИО	УИО	493			0	0	filter:score<3	A="" G="" L="" F="" K="0" N=""
УИО	УИО	494			0	0	filter:score<3	A="" G="" L="" F="" K="0" N=""
УИО	УИО	495			0	0	filter:score<3	A="" G="" L="" F="" K="0" N=""
УИО	УИО	496			0	0	filter:score<3	A="" G="" L="" F="" K="0" N=""
УИО	УИО	497			0	0	filter:score<3	A="" G="" L="" F="" K="0" N=""
УИО	УИО	498			0	0	filter:score<3	A="" G="" L="" F="" K="0" N=""
УИО	УИО	499			0	0	filter:score<3	A="" G="" L="" F="" K="0" N=""
УИО	УИО	500			0	0	filter:score<3	A="" G="" L="" F="" K="0" N=""
УИО	УИО	501			0	0	filter:score<3	A="" G="" L="" F="" K="0" N=""
УИО	УИО	502			0	0	filter:score<3	A="" G="" L="" F="" K="0" N=""
УИО	УИО	503			0	0	filter:score<3	A="" G="" L="" F="" K="0" N=""
УИО	УИО	504			0	0	filter:score<3	A="" G="" L="" F="" K="0" N=""
УИО	УИО	505			0	0	filter:score<3	A="" G="" L="" F="" K="0" N=""
УИО	УИО	506			0	0	filter:score<3	A="" G="" L="" F="" K="0" N=""
УИО	УИО	507			0	0	filter:score<3	A="" G="" L="" F="" K="0" N=""
УИО	УИО	508			0	0	filter:score<3	A="" G="" L="" F="" K="0" N=""
УИО	УИО	509			0	0	filter:score<3	A="" G="" L="" F="" K="0" N=""
УИО	УИО	510			0	0	filter:score<3	A="" G="" L="" F="" K="0" N=""
УИО	УИО	511			0	0	filter:score<3	A="" G="" L="" F="" K="0" N=""
УИО	УИО	512			0	0	filter:score<3	A="" G="" L="" F="" K="0" N=""
УИО	УИО	513			0	0	filter:score<3	A="" G="" L="" F="" K="0" N=""
УИО	УИО	514			0	0	filter:score<3	A="" G="" L="" F="" K="0" N=""
УИО	УИО	515			0	0	filter:score<3	A="" G="" L="" F="" K="0" N=""
УИО	УИО	516			0	0	filter:score<3	A="" G="" L="" F="" K="0" N=""
УИО	УИО	517			0	0	filter:score<3	A="" G="" L="" F="" K="0" N=""
УИО	УИО	518			0	0	filter:score<3	A="" G="" L="" F="" K="0" N=""
УИО	УИО	519			0	0	filter:score<3	A="" G="" L="" F="" K="0" N=""
УИО	УИО	520			0	0	filter:score<3	A="" G="" L="" F="" K="0" N=""
УИО	УИО	521			0	0	filter:score<3	A="" G="" L="" F="" K="0" N=""
УИО	УИО	522			0	0	filter:score<3	A="" G="" L="" F="" K="0" N=""
УИО	УИО	523			0	0	filter:score<3	A="" G="" L="" F="" K="0" N=""
УИО	УИО	524			0	0	filter:score<3	A="" G="" L="" F="" K="0" N=""
УИО	УИО	525			0	0	filter:score<3	A="" G="" L="" F="" K="0" N=""
УИО	УИО	526			0	0	filter:score<3	A="" G="" L="" F="" K="0" N=""
УИО	УИО	527			0	0	filter:score<3	A="" G="" L="" F="" K="0" N=""
УИО	УИО	528			0	0	filter:score<3	A="" G="" L="" F="" K="0" N=""
УИО	УИО	529			0	0	filter:score<3	A="" G="" L="" F="" K="0" N=""
УИО	УИО	530			0	0	filter:score<3	A="" G="" L="" F="" K="0" N=""
УИО	УИО	531			0	0	filter:score<3	A="" G="" L="" F="" K="0" N=""
УИО	УИО	532			0	0	filter:score<3	A="" G="" L="" F="" K="0" N=""
УИО	УИО	533			0	0	filter:score<3	A="" G="" L="" F="" K="0" N=""
УИО	УИО	534			0	0	filter:score<3	A="" G="" L="" F="" K="0" N=""
УИО	УИО	535			0	0	filter:score<3	A="" G="" L="" F="" K="0" N=""
УИО	УИО	536			0	0	filter:score<3	A="" G="" L="" F="" K="0" N=""
УИО	УИО	537			0	0	filter:score<3	A="" G="" L="" F="" K="0" N=""
УИО	УИО	538			0	0	filter:score<3	A="" G="" L="" F="" K="0" N=""
УИО	УИО	539			0	0	filter:score<3	A="" G="" L="" F="" K="0" N=""
УИО	УИО	540			0	0	filter:score<3	A="" G="" L="" F="" K="0" N=""
УИО	УИО	541			0	0	filter:score<3	A="" G="" L="" F="" K="0" N=""
УИО	УИО	542			0	0	filter:score<3	A="" G="" L="" F="" K="0" N=""
УИО	УИО	543			0	0	filter:score<3	A="" G="" L="" F="" K="0" N=""
УИО	УИО	544			0	0	filter:score<3	A="" G="" L="" F="" K="0" N=""
УИО	УИО	545			0	0	filter:score<3	A="" G="" L="" F="" K="0" N=""
УИО	УИО	546			0	0	filter:score<3	A="" G="" L="" F="" K="0" N=""
УИО	УИО	547			0	0	filter:score<3	A="" G="" L="" F="" K="0" N=""
УИО	УИО	548			0	0	filter:score<3	A="" G="" L="" F="" K="0" N=""
УИО	УИО	549			0	0	filter:score<3	A="" G="" L="" F="" K="0" N=""
УИО	УИО	550			0	0	filter:score<3	A="" G="" L="" F="" K="0" N=""
УИО	УИО	551			0	0	filter:score<3	A="" G="" L="" F="" K="0" N=""
УИО	УИО	552			0	0	filter:score<3	A="" G="" L="" F="" K="0" N=""
УИО	УИО	553			0	0	filter:score<3	A="" G="" L="" F="" K="0" N=""
УИО	УИО	554			0	0	filter:score<3	A="" G="" L="" F="" K="0" N=""
УИО	УИО	555			0	0	filter:score<3	A="" G="" L="" F="" K="0" N=""
УИО	УИО	556			0	0	filter:score<3	A="" G="" L="" F="" K="0" N=""
УИО	УИО	557			0	0	filter:score<3	A="" G="" L="" F="" K="0" N=""
УИО	УИО	558			0	0	filter:score<3	A="" G="" L="" F="" K="0" N=""
УИО	УИО	559			0	0	filter:score<3	A="" G="" L="" F="" K="0" N=""
УИО	УИО	560			0	0	filter:score<3	A="" G="" L="" F="" K="0" N=""
УИО	УИО	561			0	0	filter:score<3	A="" G="" L="" F="" K="0" N=""
УИО	УИО	562			0	0	filter:score<3	A="" G="" L="" F="" K="0" N=""
УИО	УИО	563			0	0	filter:score<3	A="" G="" L="" F="" K="0" N=""
УИО	УИО	564			0	0	filter:score<3	A="" G="" L="" F="" K="0" N=""
УИО	УИО	565			0	0	filter:score<3	A="" G="" L="" F="" K="0" N=""
УИО	УИО	566			0	0	filter:score<3	A="" G="" L="" F="" K="0" N=""
УИО	УИО	567			0	0	filter:score<3	A="" G="" L="" F="" K="0" N=""
УИО	УИО	568			0	0	filter:score<3	A="" G="" L="" F="" K="0" N=""
УИО	УИО	569			0	0	filter:score<3	A="" G="" L="" F="" K="0" N=""
УИО	УИО	570			0	0	filter:score<3	A="" G="" L="" F="" K="0" N=""
УИО	УИО	571			0	0	filter:score<3	A="" G="" L="" F="" K="0" N=""
УИО	УИО	572			0	0	filter:score<3	A="" G="" L="" F="" K="0" N=""
УИО	УИО	573			0	0	filter:score<3	A="" G="" L="" F="" K="0" N=""
УИО	УИО	574			0	0	filter:score<3	A="" G="" L="" F="" K="0" N=""
УИО	УИО	575			0	0	filter:score<3	A="" G="" L="" F="" K="0" N=""
УИО	УИО	576			0	0	filter:score<3	A="" G="" L="" F="" K="0" N=""
УИО	УИО	577			0	0	filter:score<3	A="" G="" L="" F="" K="0" N=""
УИО	УИО	578			0	0	filter:score<3	A="" G="" L="" F="" K="0" N=""
УИО	УИО	579			0	0	filter:score<3	A="" G="" L="" F="" K="0" N=""
УИО	УИО	580			0	0	filter:score<3	A="" G="" L="" F="" K="0" N=""
УИО	УИО	581			0	0	filter:score<3	A="" G="" L="" F="" K="0" N=""
УИО	УИО	582			0	0	filter:score<3	A="" G="" L="" F="" K="0" N=""
УИО	УИО	583			0	0	filter:score<3	A="" G="" L="" F="" K="0" N=""
УИО	УИО	584			0	0	filter:score<3	A="" G="" L="" F="" K="0" N=""
УИО	УИО	585			0	0	filter:score<3	A="" G="" L="" F="" K="0" N=""
УИО	УИО	586			0	0	filter:score<3	A="" G="" L="" F="" K="0" N=""
УИО	УИО	587			0	0	filter:score<3	A="" G="" L="" F="" K="0" N=""
УИО	УИО	588			0	0	filter:score<3	A="" G="" L="" F="" K="0" N=""
УИО	УИО	589			0	0	filter:score<3	A="" G="" L="" F="" K="0" N=""
УИО	УИО	590			0	0	filter:score<3	A="" G="" L="" F="" K="0" N=""
УИО	УИО	591			0	0	filter:score<3	A="" G="" L="" F="" K="0" N=""
УИО	УИО	592			0	0	filter:score<3	A="" G="" L="" F="" K="0" N=""
УИО	УИО	593			0	0	filter:score<3	A="" G="" L="" F="" K="0" N=""
УИО	УИО	594			0	0	filter:score<3	A="" G="" L="" F="" K="0" N=""
УИО	УИО	595			0	0	filter:score<3	A="" G="" L="" F="" K="0" N=""
УИО	УИО	596			0	0	filter:score<3	A="" G="" L="" F="" K="0" N=""
УИО	УИО	597			0	0	filter:score<3	A="" G="" L="" F="" K="0" N=""
УИО	УИО	598			0	0	filter:score<3	A="" G="" L="" F="" K="0" N=""
УИО	УИО	599			0	0	filter:score<3	A="" G="" L="" F="" K="0" N=""
УИО	УИО	600			0	0	filter:score<3	A="" G="" L="" F="" K="0" N=""
УИО	УИО	601			0	0	filter:score<3	A="" G="" L="" F="" K="0" N=""
УИО	УИО	602			0	0	filter:score<3	A="" G="" L="" F="" K="0" N=""
УИО	УИО	603			0	0	filter:score<3	A="" G="" L="" F="" K="0" N=""
УИО	УИО	604			0	0	filter:score<3	A="" G="" L="" F="" K="0" N=""
УИО	УИО	605			0	0	filter:score<3	A="" G="" L="" F="" K="0" N=""
УИО	УИО	606			0	0	filter:score<3	A="" G="" L="" F="" K="0" N=""
УИО	УИО	607			0	0	filter:score<3	A="" G="" L="" F="" K="0" N=""
УИО	УИО	608			0	0	filter:score<3	A="" G="" L="" F="" K="0" N=""
УИО	УИО	609			0	0	filter:score<3	A="" G="" L="" F="" K="0" N=""
УИО	УИО	610			0	0	filter:score<3	A="" G="" L="" F="" K="0" N=""
УИО	УИО	611			0	0	filter:score<3	A="" G="" L="" F="" K="0" N=""
УИО	УИО	612			0	0	filter:score<3	A="" G="" L="" F="" K="0" N=""
УИО	УИО	613			0	0	filter:score<3	A="" G="" L="" F="" K="0" N=""
УИО	УИО	614			0	0	filter:score<3	A="" G="" L="" F="" K="0" N=""
УИО	УИО	615			0	0	filter:score<3	A="" G="" L="" F="" K="0" N=""
УИО	УИО	616			0	0	filter:score<3	A="" G="" L="" F="" K="0" N=""
УИО	УИО	617			0	0	filter:score<3	A="" G="" L="" F="" K="0" N=""
УИО	УИО	618			0	0	filter:score<3	A="" G="" L="" F="" K="0" N=""
УИО	УИО	619			0	0	filter:score<3	A="" G="" L="" F="" K="0" N=""
УИО	УИО	620			0	0	filter:score<3	A="" G="" L="" F="" K="0" N=""
УИО	УИО	621			0	0	filter:score<3	A="" G="" L="" F="" K="0" N=""
УИО	УИО	622			0	0	filter:score<3	A="" G="" L="" F="" K="0" N=""
УИО	УИО	623			0	0	filter:score<3	A="" G="" L="" F="" K="0" N=""
УИО	УИО	624			0	0	filter:score<3	A="" G="" L="" F="" K="0" N=""
УИО	УИО	625			0	0	filter:score<3	A="" G="" L="" F="" K="0" N=""
УИО	УИО	626			0	0	filter:score<3	A="" G="" L="" F="" K="0" N=""
УИО	УИО	627			0	0	filter:score<3	A="" G="" L="" F="" K="0" N=""
УИО	УИО	628			0	0	filter:score<3	A="" G="" L="" F="" K="0" N=""
УИО	УИО	629			0	0	filter:score<3	A="" G="" L="" F="" K="0" N=""
УИО	УИО	630			0	0	filter:score<3	A="" G="" L="" F="" K="0" N=""
УИО	УИО	631			0	0	filter:score<3	A="" G="" L="" F="" K="0" N=""
УИО	УИО	632			0	0	filter:score<3	A="" G="" L="" F="" K="0" N=""
УИО	УИО	633			0	0	filter:score<3	A="" G="" L="" F="" K="0" N=""
УИО	УИО	634			0	0	filter:score<3	A="" G="" L="" F="" K="0" N=""
УИО	УИО	635			0	0	filter:score<3	A="" G="" L="" F="" K="0" N=""
УИО	УИО	636			0	0	filter:score<3	A="" G="" L="" F="" K="0" N=""
УИО	УИО	637			0	0	filter:score<3	A="" G="" L="" F="" K="0" N=""
УИО	УИО	638			0	0	filter:score<3	A="" G="" L="" F="" K="0" N=""
УИО	УИО	639			0	0	filter:score<3	A="" G="" L="" F="" K="0" N=""
УИО	УИО	640			0	0	filter:score<3	A="" G="" L="" F="" K="0" N=""
УИО	УИО	641			0	0	filter:score<3	A="" G="" L="" F="" K="0" N=""
УИО	УИО	642			0	0	filter:score<3	A="" G="" L="" F="" K="0" N=""
УИО	УИО	643			0	0	filter:score<3	A="" G="" L="" F="" K="0" N=""
УИО	УИО	644			0	0	filter:score<3	A="" G="" L="" F="" K="0" N=""
УИО	УИО	645			0	0	filter:score<3	A="" G="" L="" F="" K="0" N=""
УИО	УИО	646			0	0	filter:score<3	A="" G="" L="" F="" K="0" N=""
УИО	УИО	647			0	0	filter:score<3	A="" G="" L="" F="" K="0" N=""
УИО	УИО	648			0	0	filter:score<3	A="" G="" L="" F="" K="0" N=""
УИО	УИО	649			0	0	filter:score<3	A="" G="" L="" F="" K="0" N=""
УИО	УИО	650			0	0	filter:score<3	A="" G="" L="" F="" K="0" N=""
УИО	УИО	651			0	0	filter:score<3	A="" G="" L="" F="" K="0" N=""
УИО	УИО	652			0	0	filter:score<3	A="" G="" L="" F="" K="0" N=""
УИО	УИО	653			0	0	filter:score<3	A="" G="" L="" F="" K="0" N=""
УИО	УИО	654			0	0	filter:score<3	A="" G="" L="" F="" K="0" N=""
УИО	УИО	655			0	0	filter:score<3	A="" G="" L="" F="" K="0" N=""
УИО	УИО	656			0	0	filter:score<3	A="" G="" L="" F="" K="0" N=""
УИО	УИО	657			0	0	filter:score<3	A="" G="" L="" F="" K="0" N=""
УИО	УИО	658			0	0	filter:score<3	A="" G="" L="" F="" K="0" N=""
УИО	УИО	659			0	0	filter:score<3	A="" G="" L="" F="" K="0" N=""
УИО	УИО	660			0	0	filter:score<3	A="" G="" L="" F="" K="0" N=""
УИО	УИО	661			0	0	filter:score<3	A="" G="" L="" F="" K="0" N=""
УИО	УИО	662			0	0	filter:score<3	A="" G="" L="" F="" K="0" N=""
УИО	УИО	663			0	0	filter:score<3	A="" G="" L="" F="" K="0" N=""
УИО	УИО	664			0	0	filter:score<3	A="" G="" L="" F="" K="0" N=""
УИО	УИО	665			0	0	filter:score<3	A="" G="" L="" F="" K="0" N=""
УИО	УИО	666			0	0	filter:score<3	A="" G="" L="" F="" K="0" N=""
УИО	УИО	667			0	0	filter:score<3	A="" G="" L="" F="" K="0" N=""
УИО	УИО	668			0	0	filter:score<3	A="" G="" L="" F="" K="0" N=""
УИО	УИО	669			0	0	filter:score<3	A="" G="" L="" F="" K="0" N=""
УИО	УИО	670			0	0	filter:score<3	A="" G="" L="" F="" K="0" N=""
УИО	УИО	671			0	0	filter:score<3	A="" G="" L="" F="" K="0" N=""
УИО	УИО	672			0	0	filter:score<3	A="" G="" L="" F="" K="0" N=""
УИО	УИО	673			0	0	filter:score<3	A="" G="" L="" F="" K="0" N=""
УИО	УИО	674			0	0	filter:score<3	A="" G="" L="" F="" K="0" N=""
УИО	УИО	675			0	0	filter:score<3	A="" G="" L="" F="" K="0" N=""
УИО	УИО	676			0	0	filter:score<3	A="" G="" L="" F="" K="0" N=""
УИО	УИО	677			0	0	filter:score<3	A="" G="" L="" F="" K="0" N=""
УИО	УИО	678			0	0	filter:score<3	A="" G="" L="" F="" K="0" N=""
УИО	УИО	679			0	0	filter:score<3	A="" G="" L="" F="" K="0" N=""
УИО	УИО	680			0	0	filter:score<3	A="" G="" L="" F="" K="0" N=""
УИО	УИО	681			0	0	filter:score<3	A="" G="" L="" F="" K="0" N=""
УИО	УИО	682			0	0	filter:score<3	A="" G="" L="" F="" K="0" N=""
УИО	УИО	683			0	0	filter:score<3	A="" G="" L="" F="" K="0" N=""
УИО	УИО	684			0	0	filter:score<3	A="" G="" L="" F="" K="0" N=""
УИО	УИО	685			0	0	filter:score<3	A="" G="" L="" F="" K="0" N=""
УИО	УИО	686			0	0	filter:score<3	A="" G="" L="" F="" K="0" N=""
УИО	УИО	687			0	0	filter:score<3	A="" G="" L="" F="" K="0" N=""
УИО	УИО	688			0	0	filter:score<3	A="" G="" L="" F="" K="0" N=""
УИО	УИО	689			0	0	filter:score<3	A="" G="" L="" F="" K="0" N=""
УИО	УИО	690			0	0	filter:score<3	A="" G="" L="" F="" K="0" N=""
УИО	УИО	691			0	0	filter:score<3	A="" G="" L="" F="" K="0" N=""
УИО	УИО	692			0	0	filter:score<3	A="" G="" L="" F="" K="0" N=""
УИО	УИО	693			0	0	filter:score<3	A="" G="" L="" F="" K="0" N=""
УИО	УИО	694			0	0	filter:score<3	A="" G="" L="" F="" K="0" N=""
УИО	УИО	695			0	0	filter:score<3	A="" G="" L="" F="" K="0" N=""
УИО	УИО	696			0	0	filter:score<3	A="" G="" L="" F="" K="0" N=""
УИО	УИО	697			0	0	filter:score<3	A="" G="" L="" F="" K="0" N=""
УИО	УИО	698			0	0	filter:score<3	A="" G="" L="" F="" K="0" N=""
УИО	УИО	699			0	0	filter:score<3	A="" G="" L="" F="" K="0" N=""
УИО	УИО	700			0	0	filter:score<3	A="" G="" L="" F="" K="0" N=""
УИО	УИО	701			0	0	filter:score<3	A="" G="" L="" F="" K="0" N=""
УИО	УИО	702			0	0	filter:score<3	A="" G="" L="" F="" K="0" N=""
УИО	УИО	703			0	0	filter:score<3	A="" G="" L="" F="" K="0" N=""
УИО	УИО	704			0	0	filter:score<3	A="" G="" L="" F="" K="0" N=""
УИО	УИО	705			0	0	filter:score<3	A="" G="" L="" F="" K="0" N=""
УИО	УИО	706			0	0	filter:score<3	A="" G="" L="" F="" K="0" N=""
УИО	УИО	707			0	0	filter:score<3	A="" G="" L="" F="" K="0" N=""
УИО	УИО	708			0	0	filter:score<3	A="" G="" L="" F="" K="0" N=""
УИО	УИО	709			0	0	filter:score<3	A="" G="" L="" F="" K="0" N=""
УИО	УИО	710			0	0	filter:score<3	A="" G="" L="" F="" K="0" N=""
УИО	УИО	711			0	0	filter:score<3	A="" G="" L="" F="" K="0" N=""
УИО	УИО	712			0	0	filter:score<3	A="" G="" L="" F="" K="0" N=""
УИО	УИО	713			0	0	filter:score<3	A="" G="" L="" F="" K="0" N=""
УИО	УИО	714			0	0	filter:score<3	A="" G="" L="" F="" K="0" N=""
УИО	УИО	715			0	0	filter:score<3	A="" G="" L="" F="" K="0" N=""
УИО	УИО	716			0	0	filter:score<3	A="" G="" L="" F="" K="0" N=""
УИО	УИО	717			0	0	filter:score<3	A="" G="" L="" F="" K="0" N=""
УИО	УИО	718			0	0	filter:score<3	A="" G="" L="" F="" K="0" N=""
УИО	УИО	719			0	0	filter:score<3	A="" G="" L="" F="" K="0" N=""
УИО	УИО	720			0	0	filter:score<3	A="" G="" L="" F="" K="0" N=""
УИО	УИО	721			0	0	filter:score<3	A="" G="" L="" F="" K="0" N=""
УИО	УИО	722			0	0	filter:score<3	A="" G="" L="" F="" K="0" N=""
УИО	УИО	723			0	0	filter:score<3	A="" G="" L="" F="" K="0" N=""
УИО	УИО	724			0	0	filter:score<3	A="" G="" L="" F="" K="0" N=""
УИО	УИО	725			0	0	filter:score<3	A="" G="" L="" F="" K="0" N=""
УИО	УИО	726			0	0	filter:score<3	A="" G="" L="" F="" K="0" N=""
УИО	УИО	727			0	0	filter:score<3	A="" G="" L="" F="" K="0" N=""
УИО	УИО	728			0	0	filter:score<3	A="" G="" L="" F="" K="0" N=""
УИО	УИО	729			0	0	filter:score<3	A="" G="" L="" F="" K="0" N=""
УИО	УИО	730			0	0	filter:score<3	A="" G="" L="" F="" K="0" N=""
УИО	УИО	731			0	0	filter:score<3	A="" G="" L="" F="" K="0" N=""
УИО	УИО	732			0	0	filter:score<3	A="" G="" L="" F="" K="0" N=""
УИО	УИО	733			0	0	filter:score<3	A="" G="" L="" F="" K="0" N=""
УИО	УИО	734			0	0	filter:score<3	A="" G="" L="" F="" K="0" N=""
УИО	УИО	735			0	0	filter:score<3	A="" G="" L="" F="" K="0" N=""
УИО	УИО	736			0	0	filter:score<3	A="" G="" L="" F="" K="0" N=""
УИО	УИО	737			0	0	filter:score<3	A="" G="" L="" F="" K="0" N=""
УИО	УИО	738			0	0	filter:score<3	A="" G="" L="" F="" K="0" N=""
УИО	УИО	739			0	0	filter:score<3	A="" G="" L="" F="" K="0" N=""
УИО	УИО	740			0	0	filter:score<3	A="" G="" L="" F="" K="0" N=""
УИО	УИО	741			0	0	filter:score<3	A="" G="" L="" F="" K="0" N=""
УИО	УИО	742			0	0	filter:score<3	A="" G="" L="" F="" K="0" N=""
УИО	УИО	743			0	0	filter:score<3	A="" G="" L="" F="" K="0" N=""
УИО	УИО	744			0	0	filter:score<3	A="" G="" L="" F="" K="0" N=""
УИО	УИО	745			0	0	filter:score<3	A="" G="" L="" F="" K="0" N=""
УИО	УИО	746			0	0	filter:score<3	A="" G="" L="" F="" K="0" N=""
УИО	УИО	747			0	0	filter:score<3	A="" G="" L="" F="" K="0" N=""
УИО	УИО	748			0	0	filter:score<3	A="" G="" L="" F="" K="0" N=""
УИО	УИО	749			0	0	filter:score<3	A="" G="" L="" F="" K="0" N=""
УИО	УИО	750			0	0	filter:score<3	A="" G="" L="" F="" K="0" N=""
УИО	УИО	751			0	0	filter:score<3	A="" G="" L="" F="" K="0" N=""
УИО	УИО	752			0	0	filter:score<3	A="" G="" L="" F="" K="0" N=""
УИО	УИО	753			0	0	filter:score<3	A="" G="" L="" F="" K="0" N=""
УИО	УИО	754			0	0	filter:score<3	A="" G="" L="" F="" K="0" N=""
УИО	УИО	755			0	0	filter:score<3	A="" G="" L="" F="" K="0" N=""
УИО	УИО	756			0	0	filter:score<3	A="" G="" L="" F="" K="0" N=""
УИО	УИО	757			0	0	filter:score<3	A="" G="" L="" F="" K="0" N=""
УИО	УИО	758			0	0	filter:score<3	A="" G="" L="" F="" K="0" N=""
УИО	УИО	759			0	0	filter:score<3	A="" G="" L="" F="" K="0" N=""
УИО	УИО	760			0	0	filter:score<3	A="" G="" L="" F="" K="0" N=""
УИО	УИО	761			0	0	filter:score<3	A="" G="" L="" F="" K="0" N=""
УИО	УИО	762			0	0	filter:score<3	A="" G="" L="" F="" K="0" N=""
УИО	УИО	763			0	0	filter:score<3	A="" G="" L="" F="" K="0" N=""
УИО	УИО	764			0	0	filter:score<3	A="" G="" L="" F="" K="0" N=""
УИО	УИО	765			0	0	filter:score<3	A="" G="" L="" F="" K="0" N=""
УИО	УИО	766			0	0	filter:score<3	A="" G="" L="" F="" K="0" N=""
УИО	УИО	767			0	0	filter:score<3	A="" G="" L="" F="" K="0" N=""
УИО	УИО	768			0	0	filter:score<3	A="" G="" L="" F="" K="0" N=""
УИО	УИО	769			0	0	filter:score<3	A="" G="" L="" F="" K="0" N=""
УИО	УИО	770			0	0	filter:score<3	A="" G="" L="" F="" K="0" N=""
УИО	УИО	771			0	0	filter:score<3	A="" G="" L="" F="" K="0" N=""
УИО	УИО	772			0	0	filter:score<3	A="" G="" L="" F="" K="0" N=""
УИО	УИО	773			0	0	filter:score<3	A="" G="" L="" F="" K="0" N=""
УИО	УИО	774			0	0	filter:score<3	A="" G="" L="" F="" K="0" N=""
УИО	УИО	775			0	0	filter:score<3	A="" G="" L="" F="" K="0" N=""
УИО	УИО	776			0	0	filter:score<3	A="" G="" L="" F="" K="0" N=""
УИО	УИО	777			0	0	filter:score<3	A="" G="" L="" F="" K="0" N=""
УИО	УИО	778			0	0	filter:score<3	A="" G="" L="" F="" K="0" N=""
УИО	УИО	779			0	0	filter:score<3	A="" G="" L="" F="" K="0" N=""
УИО	УИО	780			0	0	filter:score<3	A="" G="" L="" F="" K="0" N=""
УИО	УИО	781			0	0	filter:score<3	A="" G="" L="" F="" K="0" N=""
УИО	УИО	782			0	0	filter:score<3	A="" G="" L="" F="" K="0" N=""
УИО	УИО	783			0	0	filter:score<3	A="" G="" L="" F="" K="0" N=""
УИО	УИО	784			0	0	filter:score<3	A="" G="" L="" F="" K="0" N=""
УИО	УИО	785			0	0	filter:score<3	A="" G="" L="" F="" K="0" N=""
УИО	УИО	786			0	0	filter:score<3	A="" G="" L="" F="" K="0" N=""
УИО	УИО	787			0	0	filter:score<3	A="" G="" L="" F="" K="0" N=""
УИО	УИО	788			0	0	filter:score<3	A="" G="" L="" F="" K="0" N=""
УИО	УИО	789			0	0	filter:score<3	A="" G="" L="" F="" K="0" N=""
УИО	УИО	790			0	0	filter:score<3	A="" G="" L="" F="" K="0" N=""
УИО	УИО	791			0	0	filter:score<3	A="" G="" L="" F="" K="0" N=""
УИО	УИО	792			0	0	filter:score<3	A="" G="" L="" F="" K="0" N=""
УИО	УИО	793			0	0	filter:score<3	A="" G="" L="" F="" K="0" N=""
УИО	УИО	794			0	0	filter:score<3	A="" G="" L="" F="" K="0" N=""
УИО	УИО	795			0	0	filter:score<3	A="" G="" L="" F="" K="0" N=""
УИО	УИО	796			0	0	filter:score<3	A="" G="" L="" F="" K="0" N=""
УИО	УИО	797			0	0	filter:score<3	A="" G="" L="" F="" K="0" N=""
УИО	УИО	798			0	0	filter:score<3	A="" G="" L="" F="" K="0" N=""
УИО	УИО	799			0	0	filter:score<3	A="" G="" L="" F="" K="0" N=""
УИО	УИО	800			0	0	filter:score<3	A="" G="" L="" F="" K="0" N=""
УИО	УИО	801			0	0	filter:score<3	A="" G="" L="" F="" K="0" N=""
УИО	УИО	802			0	0	filter:score<3	A="" G="" L="" F="" K="0" N=""
УИО	УИО	803			0	0	filter:score<3	A="" G="" L="" F="" K="0" N=""
УИО	УИО	804			0	0	filter:score<3	A="" G="" L="" F="" K="0" N=""
УИО	УИО	805			0	0	filter:score<3	A="" G="" L="" F="" K="0" N=""
УИО	УИО	806			0	0	filter:score<3	A="" G="" L="" F="" K="0" N=""
УИО	УИО	807			0	0	filter:score<3	A="" G="" L="" F="" K="0" N=""
УИО	УИО	808			0	0	filter:score<3	A="" G="" L="" F="" K="0" N=""
УИО	УИО	809			0	0	filter:score<3	A="" G="" L="" F="" K="0" N=""
УИО	УИО	810			0	0	filter:score<3	A="" G="" L="" F="" K="0" N=""
УИО	УИО	811			0	0	filter:score<3	A="" G="" L="" F="" K="0" N=""
УИО	УИО	812			0	0	filter:score<3	A="" G="" L="" F="" K="0" N=""
УИО	УИО	813			0	0	filter:score<3	A="" G="" L="" F="" K="0" N=""
УИО	УИО	814			0	0	filter:score<3	A="" G="" L="" F="" K="0" N=""
УИО	УИО	815			0	0	filter:score<3	A="" G="" L="" F="" K="0" N=""
УИО	УИО	816			0	0	filter:score<3	A="" G="" L="" F="" K="0" N=""
УИО	УИО	817			0	0	filter:score<3	A="" G="" L="" F="" K="0" N=""
УИО	УИО	818			0	0	filter:score<3	A="" G="" L="" F="" K="0" N=""
УИО	УИО	819			0	0	filter:score<3	A="" G="" L="" F="" K="0" N=""
УИО	УИО	820			0	0	filter:score<3	A="" G="" L="" F="" K="0" N=""
УИО	УИО	821			0	0	filter:score<3	A="" G="" L="" F="" K="0" N=""
УИО	УИО	822			0	0	filter:score<3	A="" G="" L="" F="" K="0" N=""
УИО	УИО	823			0	0	filter:score<3	A="" G="" L="" F="" K="0" N=""
УИО	УИО	824			0	0	filter:score<3	A="" G="" L="" F="" K="0" N=""
УИО	УИО	825			0	0	filter:score<3	A="" G="" L="" F="" K="0" N=""
УИО	УИО	826			0	0	filter:score<3	A="" G="" L="" F="" K="0" N=""
УИО	УИО	827			0	0	filter:score<3	A="" G="" L="" F="" K="0" N=""
УИО	УИО	828			0	0	filter:score<3	A="" G="" L="" F="" K="0" N=""
УИО	УИО	829			0	0	filter:score<3	A="" G="" L="" F="" K="0" N=""
УИО	УИО	830			0	0	filter:score<3	A="" G="" L="" F="" K="0" N=""
УИО	УИО	831			0	0	filter:score<3	A="" G="" L="" F="" K="0" N=""
УИО	УИО	832			0	0	filter:score<3	A="" G="" L="" F="" K="0" N=""
УИО	УИО	833			0	0	filter:score<3	A="" G="" L="" F="" K="0" N=""
УИО	УИО	834			0	0	filter:score<3	A="" G="" L="" F="" K="0" N=""
УИО	УИО	835			0	0	filter:score<3	A="" G="" L="" F="" K="0" N=""
УИО	УИО	836			0	0	filter:score<3	A="" G="" L="" F="" K="0" N=""
УИО	УИО	837			0	0	filter:score<3	A="" G="" L="" F="" K="0" N=""
УИО	УИО	838			0	0	filter:score<3	A="" G="" L="" F="" K="0" N=""
УИО	УИО	839			0	0	filter:score<3	A="" G="" L="" F="" K="0" N=""
УИО	УИО	840			0	0	filter:score<3	A="" G="" L="" F="" K="0" N=""
УИО	УИО	841			0	0	filter:score<3	A="" G="" L="" F="" K="0" N=""
УИО	УИО	842			0	0	filter:score<3	A="" G="" L="" F="" K="0" N=""
УИО	УИО	843			0	0	filter:score<3	A="" G="" L="" F="" K="0" N=""
УИО	УИО	844			0	0	filter:score<3	A="" G="" L="" F="" K="0" N=""
УИО	УИО	845			0	0	filter:score<3	A="" G="" L="" F="" K="0" N=""
УИО	УИО	846			0	0	filter:score<3	A="" G="" L="" F="" K="0" N=""
УИО	УИО	847			0	0	filter:score<3	A="" G="" L="" F="" K="0" N=""
УИО	УИО	848			0	0	filter:score<3	A="" G="" L="" F="" K="0" N=""
УИО	УИО	849			0	0	filter:score<3	A="" G="" L="" F="" K="0" N=""
УИО	УИО	850			0	0	filter:score<3	A="" G="" L="" F="" K="0" N=""
УИО	УИО	851			0	0	filter:score<3	A="" G="" L="" F="" K="0" N=""
УИО	УИО	852			0	0	filter:score<3	A="" G="" L="" F="" K="0" N=""
УИО	УИО	853			0	0	filter:score<3	A="" G="" L="" F="" K="0" N=""
УИО	УИО	854			0	0	filter:score<3	A="" G="" L="" F="" K="0" N=""
УИО	УИО	855			0	0	filter:score<3	A="" G="" L="" F="" K="0" N=""
УИО	УИО	856			0	0	filter:score<3	A="" G="" L="" F="" K="0" N=""
УИО	УИО	857			0	0	filter:score<3	A="" G="" L="" F="" K="0" N=""
УИО	УИО	858			0	0	filter:score<3	A="" G="" L="" F="" K="0" N=""
УИО	УИО	859			0	0	filter:score<3	A="" G="" L="" F="" K="0" N=""
УИО	УИО	860			0	0	filter:score<3	A="" G="" L="" F="" K="0" N=""
УИО	УИО	861			0	0	filter:score<3	A="" G="" L="" F="" K="0" N=""
УИО	УИО	862			0	0	filter:score<3	A="" G="" L="" F="" K="0" N=""
УИО	УИО	863			0	0	filter:score<3	A="" G="" L="" F="" K="0" N=""
УИО	УИО	864			0	0	filter:score<3	A="" G="" L="" F="" K="0" N=""
УИО	УИО	865			0	0	filter:score<3	A="" G="" L="" F="" K="0" N=""
УИО	УИО	866			0	0	filter:score<3	A="" G="" L="" F="" K="0" N=""
УИО	УИО	867			0	0	filter:score<3	A="" G="" L="" F="" K="0" N=""
УИО	УИО	868			0	0	filter:score<3	A="" G="" L="" F="" K="0" N=""
УИО	УИО	869			0	0	filter:score<3	A="" G="" L="" F="" K="0" N=""
УИО	УИО	870			0	0	filter:score<3	A="" G="" L="" F="" K="0" N=""
УИО	УИО	871			0	0	filter:score<3	A="" G="" L="" F="" K="0" N=""
УИО	УИО	872			0	0	filter:score<3	A="" G="" L="" F="" K="0" N=""
УИО	УИО	873			0	0	filter:score<3	A="" G="" L="" F="" K="0" N=""
УИО	УИО	874			0	0	filter:score<3	A="" G="" L="" F="" K="0" N=""
УИО	УИО	875			0	0	filter:score<3	A="" G="" L="" F="" K="0" N=""
УИО	УИО	876			0	0	filter:score<3	A="" G="" L="" F="" K="0" N=""
УИО	УИО	877			0	0	filter:score<3	A="" G="" L="" F="" K="0" N=""
УИО	УИО	878			0	0	filter:score<3	A="" G="" L="" F="" K="0" N=""
УИО	УИО	879			0	0	filter:score<3	A="" G="" L="" F="" K="0" N=""
УИО	УИО	880			0	0	filter:score<3	A="" G="" L="" F="" K="0" N=""
УИО	УИО	881			0	0	filter:score<3	A="" G="" L="" F="" K="0" N=""
УИО	УИО	882			0	0	filter:score<3	A="" G="" L="" F="" K="0" N=""
УИО	УИО	883			0	0	filter:score<3	A="" G="" L="" F="" K="0" N=""
УИО	УИО	884			0	0	filter:score<3	A="" G="" L="" F="" K="0" N=""
УИО	УИО	885			0	0	filter:score<3	A="" G="" L="" F="" K="0" N=""
УИО	УИО	886			0	0	filter:score<3	A="" G="" L="" F="" K="0" N=""
УИО	УИО	887			0	0	filter:score<3	A="" G="" L="" F="" K="0" N=""
УИО	УИО	888			0	0	filter:score<3	A="" G="" L="" F="" K="0" N=""
УИО	УИО	889			0	0	filter:score<3	A="" G="" L="" F="" K="0" N=""
УИО	УИО	890			0	0	filter:score<3	A="" G="" L="" F="" K="0" N=""
УИО	УИО	891			0	0	filter:score<3	A="" G="" L="" F="" K="0" N=""
УИО	УИО	892			0	0	filter:score<3	A="" G="" L="" F="" K="0" N=""
УИО	УИО	893			0	0	filter:score<3	A="" G="" L="" F="" K="0" N=""
УИО	УИО	894			0	0	filter:score<3	A="" G="" L="" F="" K="0" N=""
УИО	УИО	895			0	0	filter:score<3	A="" G="" L="" F="" K="0" N=""
УИО	УИО	896			0	0	filter:score<3	A="" G="" L="" F="" K="0" N=""
УИО	УИО	897			0	0	filter:score<3	A="" G="" L="" F="" K="0" N=""
УИО	УИО	898			0	0	filter:score<3	A="" G="" L="" F="" K="0" N=""
УИО	УИО	899			0	0	filter:score<3	A="" G="" L="" F="" K="0" N=""
УИО	УИО	900			0	0	filter:score<3	A="" G="" L="" F="" K="0" N=""
УИО	УИО	901			0	0	filter:score<3	A="" G="" L="" F="" K="0" N=""
УИО	УИО	902			0	0	filter:score<3	A="" G="" L="" F="" K="0" N=""
УИО	УИО	903			0	0	filter:score<3	A="" G="" L="" F="" K="0" N=""
УИО	УИО	904			0	0	filter:score<3	A="" G="" L="" F="" K="0" N=""
УИО	УИО	905			0	0	filter:score<3	A="" G="" L="" F="" K="0" N=""
УИО	УИО	906			0	0	filter:score<3	A="" G="" L="" F="" K="0" N=""
УИО	УИО	907			0	0	filter:score<3	A="" G="" L="" F="" K="0" N=""
УИО	УИО	908			0	0	filter:score<3	A="" G="" L="" F="" K="0" N=""
УИО	УИО	909			0	0	filter:score<3	A="" G="" L="" F="" K="0" N=""
УИО	УИО	910			0	0	filter:score<3	A="" G="" L="" F="" K="0" N=""
УИО	УИО	911			0	0	filter:score<3	A="" G="" L="" F="" K="0" N=""
УИО	УИО	912			0	0	filter:score<3	A="" G="" L="" F="" K="0" N=""
УИО	УИО	913			0	0	filter:score<3	A="" G="" L="" F="" K="0" N=""
УИО	УИО	914			0	0	filter:score<3	A="" G="" L="" F="" K="0" N=""
УИО	УИО	915			0	0	filter:score<3	A="" G="" L="" F="" K="0" N=""
УИО	УИО	916			0	0	filter:score<3	A="" G="" L="" F="" K="0" N=""
УИО	УИО	917			0	0	filter:score<3	A="" G="" L="" F="" K="0" N=""
УИО	УИО	918			0	0	filter:score<3	A="" G="" L="" F="" K="0" N=""
УИО	УИО	919			0	0	filter:score<3	A="" G="" L="" F="" K="0" N=""
УИО	УИО	920			0	0	filter:score<3	A="" G="" L="" F="" K="0" N=""
УИО	УИО	921			0	0	filter:score<3	A="" G="" L="" F="" K="0" N=""
УИО	УИО	922			0	0	filter:score<3	A="" G="" L="" F="" K="0" N=""
УИО	УИО	923			0	0	filter:score<3	A="" G="" L="" F="" K="0" N=""
УИО	УИО	924			0	0	filter:score<3	A="" G="" L="" F="" K="0" N=""
УИО	УИО	925			0	0	filter:score<3	A="" G="" L="" F="" K="0" N=""
УИО	УИО	926			0	0	filter:score<3	A="" G="" L="" F="" K="0" N=""
УИО	УИО	927			0	0	filter:score<3	A="" G="" L="" F="" K="0" N=""
УИО	УИО	928			0	0	filter:score<3	A="" G="" L="" F="" K="0" N=""
УИО	УИО	929			0	0	filter:score<3	A="" G="" L="" F="" K="0" N=""
УИО	УИО	930			0	0	filter:score<3	A="" G="" L="" F="" K="0" N=""
УИО	УИО	931			0	0	filter:score<3	A="" G="" L="" F="" K="0" N=""
УИО	УИО	932			0	0	filter:score<3	A="" G="" L="" F="" K="0" N=""
УИО	УИО	933			0	0	filter:score<3	A="" G="" L="" F="" K="0" N=""
УИО	УИО	934			0	0	filter:score<3	A="" G="" L="" F="" K="0" N=""
УИО	УИО	935			0	0	filter:score<3	A="" G="" L="" F="" K="0" N=""
УИО	УИО	936			0	0	filter:score<3	A="" G="" L="" F="" K="0" N=""
УИО	УИО	937			0	0	filter:score<3	A="" G="" L="" F="" K="0" N=""
УИО	УИО	938			0	0	filter:score<3	A="" G="" L="" F="" K="0" N=""
УИО	УИО	939			0	0	filter:score<3	A="" G="" L="" F="" K="0" N=""
УИО	УИО	940			0	0	filter:score<3	A="" G="" L="" F="" K="0" N=""
УИО	УИО	941			0	0	filter:score<3	A="" G="" L="" F="" K="0" N=""
УИО	УИО	942			0	0	filter:score<3	A="" G="" L="" F="" K="0" N=""
УИО	УИО	943			0	0	filter:score<3	A="" G="" L="" F="" K="0" N=""
УИО	УИО	944			0	0	filter:score<3	A="" G="" L="" F="" K="0" N=""
УИО	УИО	945			0	0	filter:score<3	A="" G="" L="" F="" K="0" N=""
УИО	УИО	946			0	0	filter:score<3	A="" G="" L="" F="" K="0" N=""
УИО	УИО	947			0	0	filter:score<3	A="" G="" L="" F="" K="0" N=""
УИО	УИО	948			0	0	filter:score<3	A="" G="" L="" F="" K="0" N=""
УИО	УИО	949			0	0	filter:score<3	A="" G="" L="" F="" K="0" N=""
УИО	УИО	950			0	0	filter:score<3	A="" G="" L="" F="" K="0" N=""
УИО	УИО	951			0	0	filter:score<3	A="" G="" L="" F="" K="0" N=""
УИО	УИО	952			0	0	filter:score<3	A="" G="" L="" F="" K="0" N=""
УИО	УИО	953			0	0	filter:score<3	A="" G="" L="" F="" K="0" N=""
УИО	УИО	954			0	0	filter:score<3	A="" G="" L="" F="" K="0" N=""
УИО	УИО	955			0	0	filter:score<3	A="" G="" L="" F="" K="0" N=""
УИО	УИО	956			0	0	filter:score<3	A="" G="" L="" F="" K="0" N=""
УИО	УИО	957			0	0	filter:score<3	A="" G="" L="" F="" K="0" N=""
УИО	УИО	958			0	0	filter:score<3	A="" G="" L="" F="" K="0" N=""
УИО	УИО	959			0	0	filter:score<3	A="" G="" L="" F="" K="0" N=""
УИО	УИО	960			0	0	filter:score<3	A="" G="" L="" F="" K="0" N=""
УИО	УИО	961			0	0	filter:score<3	A="" G="" L="" F="" K="0" N=""
УИО	УИО	962			0	0	filter:score<3	A="" G="" L="" F="" K="0" N=""
УИО	УИО	963			0	0	filter:score<3	A="" G="" L="" F="" K="0" N=""
УИО	УИО	964			0	0	filter:score<3	A="" G="" L="" F="" K="0" N=""
УИО	УИО	965			0	0	filter:score<3	A="" G="" L="" F="" K="0" N=""
УИО	УИО	966			0	0	filter:score<3	A="" G="" L="" F="" K="0" N=""
УИО	УИО	967			0	0	filter:score<3	A="" G="" L="" F="" K="0" N=""
УИО	УИО	968			0	0	filter:score<3	A="" G="" L="" F="" K="0" N=""
УИО	УИО	969			0	0	filter:score<3	A="" G="" L="" F="" K="0" N=""
УИО	УИО	970			0	0	filter:score<3	A="" G="" L="" F="" K="0" N=""
УИО	УИО	971			0	0	filter:score<3	A="" G="" L="" F="" K="0" N=""
УИО	УИО	972			0	0	filter:score<3	A="" G="" L="" F="" K="0" N=""
УИО	УИО	973			0	0	filter:score<3	A="" G="" L="" F="" K="0" N=""
УИО	УИО	974			0	0	filter:score<3	A="" G="" L="" F="" K="0" N=""
УИО	УИО	975			0	0	filter:score<3	A="" G="" L="" F="" K="0" N=""
УИО	УИО	976			0	0	filter:score<3	A="" G="" L="" F="" K="0" N=""
УИО	УИО	977			0	0	filter:score<3	A="" G="" L="" F="" K="0" N=""
УИО	УИО	978			0	0	filter:score<3	A="" G="" L="" F="" K="0" N=""
УИО	УИО	979			0	0	filter:score<3	A="" G="" L="" F="" K="0" N=""
УИО	УИО	980			0	0	filter:score<3	A="" G="" L="" F="" K="0" N=""
УИО	УИО	981			0	0	filter:score<3	A="" G="" L="" F="" K="0" N=""
УИО	УИО	982			0	0	filter:score<3	A="" G="" L="" F="" K="0" N=""
УИО	УИО	983			0	0	filter:score<3	A="" G="" L="" F="" K="0" N=""
УИО	УИО	984			0	0	filter:score<3	A="" G="" L="" F="" K="0" N=""
УИО	УИО	985			0	0	filter:score<3	A="" G="" L="" F="" K="0" N=""
УИО	УИО	986			0	0	filter:score<3	A="" G="" L="" F="" K="0" N=""
УИО	УИО	987			0	0	filter:score<3	A="" G="" L="" F="" K="0" N=""
УИО	УИО	988			0	0	filter:score<3	A="" G="" L="" F="" K="0" N=""
УИО	УИО	989			0	0	filter:score<3	A="" G="" L="" F="" K="0" N=""
УИО	УИО	990			0	0	filter:score<3	A="" G="" L="" F="" K="0" N=""
УИО	УИО	991			0	0	filter:score<3	A="" G="" L="" F="" K="0" N=""
УИО	УИО	992			0	0	filter:score<3	A="" G="" L="" F="" K="0" N=""
УАГЗО	ВСЕ	4	1	Проведение кадастровых работ в отношении 2 земельных участков, расположенных в Камчатском 	28	28	year:foreign	P=2025
УАГЗО	ВСЕ	5	2	Проведение кадастровых работ в отношении 4 земельных участков, расположенных в Камчатском 	88	88	year:foreign	P=2025
УАГЗО	ВСЕ	12	57	Демонтажные работы	60000	0	year:noYear	P=""
УАГЗО	ВСЕ	73			0	0	filter:score<3	A="" G="" L="" F="" K="0" N=""
УАГЗО	ВСЕ	74			0	0	filter:score<3	A="" G="" L="" F="" K="0" N=""
УАГЗО	ВСЕ	75			0	0	filter:score<3	A="" G="" L="" F="" K="0" N=""
УАГЗО	ВСЕ	76			0	0	filter:score<3	A="" G="" L="" F="" K="0" N=""
УАГЗО	ВСЕ	77			0	0	filter:score<3	A="" G="" L="" F="" K="0" N=""
УАГЗО	ВСЕ	78			0	0	filter:score<3	A="" G="" L="" F="" K="0" N=""
УАГЗО	ВСЕ	79			0	0	filter:score<3	A="" G="" L="" F="" K="0" N=""
УАГЗО	ВСЕ	80			0	0	filter:score<3	A="" G="" L="" F="" K="0" N=""
УАГЗО	ВСЕ	81			0	0	filter:score<3	A="" G="" L="" F="" K="0" N=""
УАГЗО	ВСЕ	82			0	0	filter:score<3	A="" G="" L="" F="" K="0" N=""
УАГЗО	ВСЕ	83			0	0	filter:score<3	A="" G="" L="" F="" K="0" N=""
УАГЗО	ВСЕ	84			0	0	filter:score<3	A="" G="" L="" F="" K="0" N=""
УАГЗО	ВСЕ	85			0	0	filter:score<3	A="" G="" L="" F="" K="0" N=""
УАГЗО	ВСЕ	86			0	0	filter:score<3	A="" G="" L="" F="" K="0" N=""
УАГЗО	ВСЕ	87			0	0	filter:score<3	A="" G="" L="" F="" K="0" N=""
УАГЗО	ВСЕ	88			0	0	filter:score<3	A="" G="" L="" F="" K="0" N=""
УАГЗО	ВСЕ	89			0	0	filter:score<3	A="" G="" L="" F="" K="0" N=""
УАГЗО	ВСЕ	90			0	0	filter:score<3	A="" G="" L="" F="" K="0" N=""
УАГЗО	ВСЕ	91			0	0	filter:score<3	A="" G="" L="" F="" K="0" N=""
УАГЗО	ВСЕ	92			0	0	filter:score<3	A="" G="" L="" F="" K="0" N=""
УАГЗО	ВСЕ	93			0	0	filter:score<3	A="" G="" L="" F="" K="0" N=""
УАГЗО	ВСЕ	94			0	0	filter:score<3	A="" G="" L="" F="" K="0" N=""
УАГЗО	ВСЕ	95			0	0	filter:score<3	A="" G="" L="" F="" K="0" N=""
УАГЗО	ВСЕ	96			0	0	filter:score<3	A="" G="" L="" F="" K="0" N=""
УАГЗО	ВСЕ	97			0	0	filter:score<3	A="" G="" L="" F="" K="0" N=""
УАГЗО	ВСЕ	98			0	0	filter:score<3	A="" G="" L="" F="" K="0" N=""
УАГЗО	ВСЕ	99			0	0	filter:score<3	A="" G="" L="" F="" K="0" N=""
УАГЗО	ВСЕ	100			0	0	filter:score<3	A="" G="" L="" F="" K="0" N=""
УАГЗО	ВСЕ	101			0	0	filter:score<3	A="" G="" L="" F="" K="0" N=""
УАГЗО	ВСЕ	102			0	0	filter:score<3	A="" G="" L="" F="" K="0" N=""
УАГЗО	ВСЕ	103			0	0	filter:score<3	A="" G="" L="" F="" K="0" N=""
УАГЗО	ВСЕ	104			0	0	filter:score<3	A="" G="" L="" F="" K="0" N=""
УАГЗО	ВСЕ	105			0	0	filter:score<3	A="" G="" L="" F="" K="0" N=""
УАГЗО	ВСЕ	106			0	0	filter:score<3	A="" G="" L="" F="" K="0" N=""
УАГЗО	ВСЕ	107			0	0	filter:score<3	A="" G="" L="" F="" K="0" N=""
УАГЗО	ВСЕ	108			0	0	filter:score<3	A="" G="" L="" F="" K="0" N=""
УАГЗО	ВСЕ	109			0	0	filter:score<3	A="" G="" L="" F="" K="0" N=""
УАГЗО	ВСЕ	110			0	0	filter:score<3	A="" G="" L="" F="" K="0" N=""
УАГЗО	ВСЕ	111			0	0	filter:score<3	A="" G="" L="" F="" K="0" N=""
УАГЗО	ВСЕ	112			0	0	filter:score<3	A="" G="" L="" F="" K="0" N=""
УАГЗО	ВСЕ	113			0	0	filter:score<3	A="" G="" L="" F="" K="0" N=""
УАГЗО	ВСЕ	114			0	0	filter:score<3	A="" G="" L="" F="" K="0" N=""
УАГЗО	ВСЕ	115			0	0	filter:score<3	A="" G="" L="" F="" K="0" N=""
УАГЗО	ВСЕ	116			0	0	filter:score<3	A="" G="" L="" F="" K="0" N=""
УАГЗО	ВСЕ	117			0	0	filter:score<3	A="" G="" L="" F="" K="0" N=""
УАГЗО	ВСЕ	118			0	0	filter:score<3	A="" G="" L="" F="" K="0" N=""
УАГЗО	ВСЕ	119			0	0	filter:score<3	A="" G="" L="" F="" K="0" N=""
УАГЗО	ВСЕ	120			0	0	filter:score<3	A="" G="" L="" F="" K="0" N=""
УАГЗО	ВСЕ	121			0	0	filter:score<3	A="" G="" L="" F="" K="0" N=""
УАГЗО	ВСЕ	122			0	0	filter:score<3	A="" G="" L="" F="" K="0" N=""
УАГЗО	ВСЕ	123			0	0	filter:score<3	A="" G="" L="" F="" K="0" N=""
УАГЗО	ВСЕ	124			0	0	filter:score<3	A="" G="" L="" F="" K="0" N=""
УАГЗО	ВСЕ	125			0	0	filter:score<3	A="" G="" L="" F="" K="0" N=""
УАГЗО	ВСЕ	126			0	0	filter:score<3	A="" G="" L="" F="" K="0" N=""
УАГЗО	ВСЕ	127			0	0	filter:score<3	A="" G="" L="" F="" K="0" N=""
УАГЗО	ВСЕ	128			0	0	filter:score<3	A="" G="" L="" F="" K="0" N=""
УАГЗО	ВСЕ	129			0	0	filter:score<3	A="" G="" L="" F="" K="0" N=""
УАГЗО	ВСЕ	130			0	0	filter:score<3	A="" G="" L="" F="" K="0" N=""
УАГЗО	ВСЕ	131			0	0	filter:score<3	A="" G="" L="" F="" K="0" N=""
УАГЗО	ВСЕ	132			0	0	filter:score<3	A="" G="" L="" F="" K="0" N=""
УАГЗО	ВСЕ	133			0	0	filter:score<3	A="" G="" L="" F="" K="0" N=""
УАГЗО	ВСЕ	134			0	0	filter:score<3	A="" G="" L="" F="" K="0" N=""
УАГЗО	ВСЕ	135			0	0	filter:score<3	A="" G="" L="" F="" K="0" N=""
УАГЗО	ВСЕ	136			0	0	filter:score<3	A="" G="" L="" F="" K="0" N=""
УАГЗО	ВСЕ	137			0	0	filter:score<3	A="" G="" L="" F="" K="0" N=""
УАГЗО	ВСЕ	138			0	0	filter:score<3	A="" G="" L="" F="" K="0" N=""
УАГЗО	ВСЕ	139			0	0	filter:score<3	A="" G="" L="" F="" K="0" N=""
УАГЗО	ВСЕ	140			0	0	filter:score<3	A="" G="" L="" F="" K="0" N=""
УАГЗО	ВСЕ	141			0	0	filter:score<3	A="" G="" L="" F="" K="0" N=""
УАГЗО	ВСЕ	142			0	0	filter:score<3	A="" G="" L="" F="" K="0" N=""
УАГЗО	ВСЕ	143			0	0	filter:score<3	A="" G="" L="" F="" K="0" N=""
УАГЗО	ВСЕ	144			0	0	filter:score<3	A="" G="" L="" F="" K="0" N=""
УАГЗО	ВСЕ	145			0	0	filter:score<3	A="" G="" L="" F="" K="0" N=""
УАГЗО	ВСЕ	146			0	0	filter:score<3	A="" G="" L="" F="" K="0" N=""
УАГЗО	ВСЕ	147			0	0	filter:score<3	A="" G="" L="" F="" K="0" N=""
УАГЗО	ВСЕ	148			0	0	filter:score<3	A="" G="" L="" F="" K="0" N=""
УАГЗО	ВСЕ	149			0	0	filter:score<3	A="" G="" L="" F="" K="0" N=""
УАГЗО	ВСЕ	150			0	0	filter:score<3	A="" G="" L="" F="" K="0" N=""
УАГЗО	ВСЕ	151			0	0	filter:score<3	A="" G="" L="" F="" K="0" N=""
УАГЗО	ВСЕ	152			0	0	filter:score<3	A="" G="" L="" F="" K="0" N=""
УАГЗО	ВСЕ	153			0	0	filter:score<3	A="" G="" L="" F="" K="0" N=""
УАГЗО	ВСЕ	154			0	0	filter:score<3	A="" G="" L="" F="" K="0" N=""
УАГЗО	ВСЕ	155			0	0	filter:score<3	A="" G="" L="" F="" K="0" N=""
УАГЗО	ВСЕ	156			0	0	filter:score<3	A="" G="" L="" F="" K="0" N=""
УАГЗО	ВСЕ	157			0	0	filter:score<3	A="" G="" L="" F="" K="0" N=""
УАГЗО	ВСЕ	158			0	0	filter:score<3	A="" G="" L="" F="" K="0" N=""
УАГЗО	ВСЕ	159			0	0	filter:score<3	A="" G="" L="" F="" K="0" N=""
УАГЗО	ВСЕ	160			0	0	filter:score<3	A="" G="" L="" F="" K="0" N=""
УАГЗО	ВСЕ	161			0	0	filter:score<3	A="" G="" L="" F="" K="0" N=""
УАГЗО	ВСЕ	162			0	0	filter:score<3	A="" G="" L="" F="" K="0" N=""
УАГЗО	ВСЕ	163			0	0	filter:score<3	A="" G="" L="" F="" K="0" N=""
УАГЗО	ВСЕ	164			0	0	filter:score<3	A="" G="" L="" F="" K="0" N=""
УАГЗО	ВСЕ	165			0	0	filter:score<3	A="" G="" L="" F="" K="0" N=""
УАГЗО	ВСЕ	166			0	0	filter:score<3	A="" G="" L="" F="" K="0" N=""
УАГЗО	ВСЕ	167			0	0	filter:score<3	A="" G="" L="" F="" K="0" N=""
УАГЗО	ВСЕ	168			0	0	filter:score<3	A="" G="" L="" F="" K="0" N=""
УАГЗО	ВСЕ	169			0	0	filter:score<3	A="" G="" L="" F="" K="0" N=""
УАГЗО	ВСЕ	170			0	0	filter:score<3	A="" G="" L="" F="" K="0" N=""
УАГЗО	ВСЕ	171			0	0	filter:score<3	A="" G="" L="" F="" K="0" N=""
УАГЗО	ВСЕ	172			0	0	filter:score<3	A="" G="" L="" F="" K="0" N=""
УАГЗО	ВСЕ	173			0	0	filter:score<3	A="" G="" L="" F="" K="0" N=""
УАГЗО	ВСЕ	174			0	0	filter:score<3	A="" G="" L="" F="" K="0" N=""
УАГЗО	ВСЕ	175			0	0	filter:score<3	A="" G="" L="" F="" K="0" N=""
УАГЗО	ВСЕ	176			0	0	filter:score<3	A="" G="" L="" F="" K="0" N=""
УАГЗО	ВСЕ	177			0	0	filter:score<3	A="" G="" L="" F="" K="0" N=""
УАГЗО	ВСЕ	178			0	0	filter:score<3	A="" G="" L="" F="" K="0" N=""
УАГЗО	ВСЕ	179			0	0	filter:score<3	A="" G="" L="" F="" K="0" N=""
УАГЗО	ВСЕ	180			0	0	filter:score<3	A="" G="" L="" F="" K="0" N=""
УАГЗО	ВСЕ	181			0	0	filter:score<3	A="" G="" L="" F="" K="0" N=""
УАГЗО	ВСЕ	182			0	0	filter:score<3	A="" G="" L="" F="" K="0" N=""
УАГЗО	ВСЕ	183			0	0	filter:score<3	A="" G="" L="" F="" K="0" N=""
УАГЗО	ВСЕ	184			0	0	filter:score<3	A="" G="" L="" F="" K="0" N=""
УАГЗО	ВСЕ	185			0	0	filter:score<3	A="" G="" L="" F="" K="0" N=""
УАГЗО	ВСЕ	186			0	0	filter:score<3	A="" G="" L="" F="" K="0" N=""
УАГЗО	ВСЕ	187			0	0	filter:score<3	A="" G="" L="" F="" K="0" N=""
УАГЗО	ВСЕ	188			0	0	filter:score<3	A="" G="" L="" F="" K="0" N=""
УАГЗО	ВСЕ	189			0	0	filter:score<3	A="" G="" L="" F="" K="0" N=""
УАГЗО	ВСЕ	190			0	0	filter:score<3	A="" G="" L="" F="" K="0" N=""
УАГЗО	ВСЕ	191			0	0	filter:score<3	A="" G="" L="" F="" K="0" N=""
УАГЗО	ВСЕ	192			0	0	filter:score<3	A="" G="" L="" F="" K="0" N=""
УАГЗО	ВСЕ	193			0	0	filter:score<3	A="" G="" L="" F="" K="0" N=""
УАГЗО	ВСЕ	194			0	0	filter:score<3	A="" G="" L="" F="" K="0" N=""
УАГЗО	ВСЕ	195			0	0	filter:score<3	A="" G="" L="" F="" K="0" N=""
УАГЗО	ВСЕ	196			0	0	filter:score<3	A="" G="" L="" F="" K="0" N=""
УАГЗО	ВСЕ	197			0	0	filter:score<3	A="" G="" L="" F="" K="0" N=""
УАГЗО	ВСЕ	198			0	0	filter:score<3	A="" G="" L="" F="" K="0" N=""
УАГЗО	ВСЕ	199			0	0	filter:score<3	A="" G="" L="" F="" K="0" N=""
УАГЗО	ВСЕ	200			0	0	filter:score<3	A="" G="" L="" F="" K="0" N=""
УАГЗО	ВСЕ	201			0	0	filter:score<3	A="" G="" L="" F="" K="0" N=""
УАГЗО	ВСЕ	202			0	0	filter:score<3	A="" G="" L="" F="" K="0" N=""
УАГЗО	ВСЕ	203			0	0	filter:score<3	A="" G="" L="" F="" K="0" N=""
УАГЗО	ВСЕ	204			0	0	filter:score<3	A="" G="" L="" F="" K="0" N=""
УАГЗО	ВСЕ	205			0	0	filter:score<3	A="" G="" L="" F="" K="0" N=""
УАГЗО	ВСЕ	206			0	0	filter:score<3	A="" G="" L="" F="" K="0" N=""
УАГЗО	ВСЕ	207			0	0	filter:score<3	A="" G="" L="" F="" K="0" N=""
УАГЗО	ВСЕ	208			0	0	filter:score<3	A="" G="" L="" F="" K="0" N=""
УАГЗО	ВСЕ	209			0	0	filter:score<3	A="" G="" L="" F="" K="0" N=""
УАГЗО	ВСЕ	210			0	0	filter:score<3	A="" G="" L="" F="" K="0" N=""
УАГЗО	ВСЕ	211			0	0	filter:score<3	A="" G="" L="" F="" K="0" N=""
УАГЗО	ВСЕ	212			0	0	filter:score<3	A="" G="" L="" F="" K="0" N=""
УАГЗО	ВСЕ	213			0	0	filter:score<3	A="" G="" L="" F="" K="0" N=""
УАГЗО	ВСЕ	214			0	0	filter:score<3	A="" G="" L="" F="" K="0" N=""
УАГЗО	ВСЕ	215			0	0	filter:score<3	A="" G="" L="" F="" K="0" N=""
УАГЗО	ВСЕ	216			0	0	filter:score<3	A="" G="" L="" F="" K="0" N=""
УАГЗО	ВСЕ	217			0	0	filter:score<3	A="" G="" L="" F="" K="0" N=""
УАГЗО	ВСЕ	218			0	0	filter:score<3	A="" G="" L="" F="" K="0" N=""
УАГЗО	ВСЕ	219			0	0	filter:score<3	A="" G="" L="" F="" K="0" N=""
УАГЗО	ВСЕ	220			0	0	filter:score<3	A="" G="" L="" F="" K="0" N=""
УАГЗО	ВСЕ	221			0	0	filter:score<3	A="" G="" L="" F="" K="0" N=""
УАГЗО	ВСЕ	222			0	0	filter:score<3	A="" G="" L="" F="" K="0" N=""
УАГЗО	ВСЕ	223			0	0	filter:score<3	A="" G="" L="" F="" K="0" N=""
УАГЗО	ВСЕ	224			0	0	filter:score<3	A="" G="" L="" F="" K="0" N=""
УАГЗО	ВСЕ	225			0	0	filter:score<3	A="" G="" L="" F="" K="0" N=""
УАГЗО	ВСЕ	226			0	0	filter:score<3	A="" G="" L="" F="" K="0" N=""
УАГЗО	ВСЕ	227			0	0	filter:score<3	A="" G="" L="" F="" K="0" N=""
УАГЗО	ВСЕ	228			0	0	filter:score<3	A="" G="" L="" F="" K="0" N=""
УАГЗО	ВСЕ	229			0	0	filter:score<3	A="" G="" L="" F="" K="0" N=""
УАГЗО	ВСЕ	230			0	0	filter:score<3	A="" G="" L="" F="" K="0" N=""
УАГЗО	ВСЕ	231			0	0	filter:score<3	A="" G="" L="" F="" K="0" N=""
УАГЗО	ВСЕ	232			0	0	filter:score<3	A="" G="" L="" F="" K="0" N=""
УАГЗО	ВСЕ	233			0	0	filter:score<3	A="" G="" L="" F="" K="0" N=""
УАГЗО	ВСЕ	234			0	0	filter:score<3	A="" G="" L="" F="" K="0" N=""
УАГЗО	ВСЕ	235			0	0	filter:score<3	A="" G="" L="" F="" K="0" N=""
УАГЗО	ВСЕ	236			0	0	filter:score<3	A="" G="" L="" F="" K="0" N=""
УАГЗО	ВСЕ	237			0	0	filter:score<3	A="" G="" L="" F="" K="0" N=""
УАГЗО	ВСЕ	238			0	0	filter:score<3	A="" G="" L="" F="" K="0" N=""
УАГЗО	ВСЕ	239			0	0	filter:score<3	A="" G="" L="" F="" K="0" N=""
УАГЗО	ВСЕ	240			0	0	filter:score<3	A="" G="" L="" F="" K="0" N=""
УАГЗО	ВСЕ	241			0	0	filter:score<3	A="" G="" L="" F="" K="0" N=""
УАГЗО	ВСЕ	242			0	0	filter:score<3	A="" G="" L="" F="" K="0" N=""
УАГЗО	ВСЕ	243			0	0	filter:score<3	A="" G="" L="" F="" K="0" N=""
УАГЗО	ВСЕ	244			0	0	filter:score<3	A="" G="" L="" F="" K="0" N=""
УАГЗО	ВСЕ	245			0	0	filter:score<3	A="" G="" L="" F="" K="0" N=""
УАГЗО	ВСЕ	246			0	0	filter:score<3	A="" G="" L="" F="" K="0" N=""
УАГЗО	ВСЕ	247			0	0	filter:score<3	A="" G="" L="" F="" K="0" N=""
УАГЗО	ВСЕ	248			0	0	filter:score<3	A="" G="" L="" F="" K="0" N=""
УАГЗО	ВСЕ	249			0	0	filter:score<3	A="" G="" L="" F="" K="0" N=""
УАГЗО	ВСЕ	250			0	0	filter:score<3	A="" G="" L="" F="" K="0" N=""
УАГЗО	ВСЕ	251			0	0	filter:score<3	A="" G="" L="" F="" K="0" N=""
УАГЗО	ВСЕ	252			0	0	filter:score<3	A="" G="" L="" F="" K="0" N=""
УАГЗО	ВСЕ	253			0	0	filter:score<3	A="" G="" L="" F="" K="0" N=""
УАГЗО	ВСЕ	254			0	0	filter:score<3	A="" G="" L="" F="" K="0" N=""
УАГЗО	ВСЕ	255			0	0	filter:score<3	A="" G="" L="" F="" K="0" N=""
УАГЗО	ВСЕ	256			0	0	filter:score<3	A="" G="" L="" F="" K="0" N=""
УАГЗО	ВСЕ	257			0	0	filter:score<3	A="" G="" L="" F="" K="0" N=""
УАГЗО	ВСЕ	258			0	0	filter:score<3	A="" G="" L="" F="" K="0" N=""
УАГЗО	ВСЕ	259			0	0	filter:score<3	A="" G="" L="" F="" K="0" N=""
УАГЗО	ВСЕ	260			0	0	filter:score<3	A="" G="" L="" F="" K="0" N=""
УАГЗО	ВСЕ	261			0	0	filter:score<3	A="" G="" L="" F="" K="0" N=""
УАГЗО	ВСЕ	262			0	0	filter:score<3	A="" G="" L="" F="" K="0" N=""
УАГЗО	ВСЕ	263			0	0	filter:score<3	A="" G="" L="" F="" K="0" N=""
УАГЗО	ВСЕ	264			0	0	filter:score<3	A="" G="" L="" F="" K="0" N=""
УАГЗО	ВСЕ	265			0	0	filter:score<3	A="" G="" L="" F="" K="0" N=""
УАГЗО	ВСЕ	266			0	0	filter:score<3	A="" G="" L="" F="" K="0" N=""
УАГЗО	ВСЕ	267			0	0	filter:score<3	A="" G="" L="" F="" K="0" N=""
УАГЗО	ВСЕ	268			0	0	filter:score<3	A="" G="" L="" F="" K="0" N=""
УАГЗО	ВСЕ	269			0	0	filter:score<3	A="" G="" L="" F="" K="0" N=""
УАГЗО	ВСЕ	270			0	0	filter:score<3	A="" G="" L="" F="" K="0" N=""
УАГЗО	ВСЕ	271			0	0	filter:score<3	A="" G="" L="" F="" K="0" N=""
УАГЗО	ВСЕ	272			0	0	filter:score<3	A="" G="" L="" F="" K="0" N=""
УАГЗО	ВСЕ	273			0	0	filter:score<3	A="" G="" L="" F="" K="0" N=""
УАГЗО	ВСЕ	274			0	0	filter:score<3	A="" G="" L="" F="" K="0" N=""
УАГЗО	ВСЕ	275			0	0	filter:score<3	A="" G="" L="" F="" K="0" N=""
УАГЗО	ВСЕ	276			0	0	filter:score<3	A="" G="" L="" F="" K="0" N=""
УАГЗО	ВСЕ	277			0	0	filter:score<3	A="" G="" L="" F="" K="0" N=""
УАГЗО	ВСЕ	278			0	0	filter:score<3	A="" G="" L="" F="" K="0" N=""
УАГЗО	ВСЕ	279			0	0	filter:score<3	A="" G="" L="" F="" K="0" N=""
УАГЗО	ВСЕ	280			0	0	filter:score<3	A="" G="" L="" F="" K="0" N=""
УАГЗО	ВСЕ	281			0	0	filter:score<3	A="" G="" L="" F="" K="0" N=""
УАГЗО	ВСЕ	282			0	0	filter:score<3	A="" G="" L="" F="" K="0" N=""
УАГЗО	ВСЕ	283			0	0	filter:score<3	A="" G="" L="" F="" K="0" N=""
УАГЗО	ВСЕ	284			0	0	filter:score<3	A="" G="" L="" F="" K="0" N=""
УАГЗО	ВСЕ	285			0	0	filter:score<3	A="" G="" L="" F="" K="0" N=""
УАГЗО	ВСЕ	286			0	0	filter:score<3	A="" G="" L="" F="" K="0" N=""
УАГЗО	ВСЕ	287			0	0	filter:score<3	A="" G="" L="" F="" K="0" N=""
УАГЗО	ВСЕ	288			0	0	filter:score<3	A="" G="" L="" F="" K="0" N=""
УАГЗО	ВСЕ	289			0	0	filter:score<3	A="" G="" L="" F="" K="0" N=""
УАГЗО	ВСЕ	290			0	0	filter:score<3	A="" G="" L="" F="" K="0" N=""
УАГЗО	ВСЕ	291			0	0	filter:score<3	A="" G="" L="" F="" K="0" N=""
УАГЗО	ВСЕ	292			0	0	filter:score<3	A="" G="" L="" F="" K="0" N=""
УАГЗО	ВСЕ	293			0	0	filter:score<3	A="" G="" L="" F="" K="0" N=""
УАГЗО	ВСЕ	294			0	0	filter:score<3	A="" G="" L="" F="" K="0" N=""
УАГЗО	ВСЕ	295			0	0	filter:score<3	A="" G="" L="" F="" K="0" N=""
УАГЗО	ВСЕ	296			0	0	filter:score<3	A="" G="" L="" F="" K="0" N=""
УАГЗО	ВСЕ	297			0	0	filter:score<3	A="" G="" L="" F="" K="0" N=""
УАГЗО	ВСЕ	298			0	0	filter:score<3	A="" G="" L="" F="" K="0" N=""
УАГЗО	ВСЕ	299			0	0	filter:score<3	A="" G="" L="" F="" K="0" N=""
УАГЗО	ВСЕ	300			0	0	filter:score<3	A="" G="" L="" F="" K="0" N=""
УАГЗО	ВСЕ	301			0	0	filter:score<3	A="" G="" L="" F="" K="0" N=""
УАГЗО	ВСЕ	302			0	0	filter:score<3	A="" G="" L="" F="" K="0" N=""
УАГЗО	ВСЕ	303			0	0	filter:score<3	A="" G="" L="" F="" K="0" N=""
УАГЗО	ВСЕ	304			0	0	filter:score<3	A="" G="" L="" F="" K="0" N=""
УАГЗО	ВСЕ	305			0	0	filter:score<3	A="" G="" L="" F="" K="0" N=""
УАГЗО	ВСЕ	306			0	0	filter:score<3	A="" G="" L="" F="" K="0" N=""
УАГЗО	ВСЕ	307			0	0	filter:score<3	A="" G="" L="" F="" K="0" N=""
УАГЗО	ВСЕ	308			0	0	filter:score<3	A="" G="" L="" F="" K="0" N=""
УАГЗО	ВСЕ	309			0	0	filter:score<3	A="" G="" L="" F="" K="0" N=""
УАГЗО	ВСЕ	310			0	0	filter:score<3	A="" G="" L="" F="" K="0" N=""
УАГЗО	ВСЕ	311			0	0	filter:score<3	A="" G="" L="" F="" K="0" N=""
УАГЗО	ВСЕ	312			0	0	filter:score<3	A="" G="" L="" F="" K="0" N=""
УАГЗО	ВСЕ	313			0	0	filter:score<3	A="" G="" L="" F="" K="0" N=""
УАГЗО	ВСЕ	314			0	0	filter:score<3	A="" G="" L="" F="" K="0" N=""
УАГЗО	ВСЕ	315			0	0	filter:score<3	A="" G="" L="" F="" K="0" N=""
УАГЗО	ВСЕ	316			0	0	filter:score<3	A="" G="" L="" F="" K="0" N=""
УАГЗО	ВСЕ	317			0	0	filter:score<3	A="" G="" L="" F="" K="0" N=""
УАГЗО	ВСЕ	318			0	0	filter:score<3	A="" G="" L="" F="" K="0" N=""
УАГЗО	ВСЕ	319			0	0	filter:score<3	A="" G="" L="" F="" K="0" N=""
УАГЗО	ВСЕ	320			0	0	filter:score<3	A="" G="" L="" F="" K="0" N=""
УАГЗО	ВСЕ	321			0	0	filter:score<3	A="" G="" L="" F="" K="0" N=""
УАГЗО	ВСЕ	322			0	0	filter:score<3	A="" G="" L="" F="" K="0" N=""
УАГЗО	ВСЕ	323			0	0	filter:score<3	A="" G="" L="" F="" K="0" N=""
УАГЗО	ВСЕ	324			0	0	filter:score<3	A="" G="" L="" F="" K="0" N=""
УАГЗО	ВСЕ	325			0	0	filter:score<3	A="" G="" L="" F="" K="0" N=""
УАГЗО	ВСЕ	326			0	0	filter:score<3	A="" G="" L="" F="" K="0" N=""
УАГЗО	ВСЕ	327			0	0	filter:score<3	A="" G="" L="" F="" K="0" N=""
УАГЗО	ВСЕ	328			0	0	filter:score<3	A="" G="" L="" F="" K="0" N=""
УАГЗО	ВСЕ	329			0	0	filter:score<3	A="" G="" L="" F="" K="0" N=""
УАГЗО	ВСЕ	330			0	0	filter:score<3	A="" G="" L="" F="" K="0" N=""
УАГЗО	ВСЕ	331			0	0	filter:score<3	A="" G="" L="" F="" K="0" N=""
УАГЗО	ВСЕ	332			0	0	filter:score<3	A="" G="" L="" F="" K="0" N=""
УАГЗО	ВСЕ	333			0	0	filter:score<3	A="" G="" L="" F="" K="0" N=""
УАГЗО	ВСЕ	334			0	0	filter:score<3	A="" G="" L="" F="" K="0" N=""
УАГЗО	ВСЕ	335			0	0	filter:score<3	A="" G="" L="" F="" K="0" N=""
УАГЗО	ВСЕ	336			0	0	filter:score<3	A="" G="" L="" F="" K="0" N=""
УАГЗО	ВСЕ	337			0	0	filter:score<3	A="" G="" L="" F="" K="0" N=""
УАГЗО	ВСЕ	338			0	0	filter:score<3	A="" G="" L="" F="" K="0" N=""
УАГЗО	ВСЕ	339			0	0	filter:score<3	A="" G="" L="" F="" K="0" N=""
УАГЗО	ВСЕ	340			0	0	filter:score<3	A="" G="" L="" F="" K="0" N=""
УАГЗО	ВСЕ	341			0	0	filter:score<3	A="" G="" L="" F="" K="0" N=""
УАГЗО	ВСЕ	342			0	0	filter:score<3	A="" G="" L="" F="" K="0" N=""
УАГЗО	ВСЕ	343			0	0	filter:score<3	A="" G="" L="" F="" K="0" N=""
УАГЗО	ВСЕ	344			0	0	filter:score<3	A="" G="" L="" F="" K="0" N=""
УАГЗО	ВСЕ	345			0	0	filter:score<3	A="" G="" L="" F="" K="0" N=""
УАГЗО	ВСЕ	346			0	0	filter:score<3	A="" G="" L="" F="" K="0" N=""
УАГЗО	ВСЕ	347			0	0	filter:score<3	A="" G="" L="" F="" K="0" N=""
УАГЗО	ВСЕ	348			0	0	filter:score<3	A="" G="" L="" F="" K="0" N=""
УАГЗО	ВСЕ	349			0	0	filter:score<3	A="" G="" L="" F="" K="0" N=""
УАГЗО	ВСЕ	350			0	0	filter:score<3	A="" G="" L="" F="" K="0" N=""
УАГЗО	ВСЕ	351			0	0	filter:score<3	A="" G="" L="" F="" K="0" N=""
УАГЗО	ВСЕ	352			0	0	filter:score<3	A="" G="" L="" F="" K="0" N=""
УАГЗО	ВСЕ	353			0	0	filter:score<3	A="" G="" L="" F="" K="0" N=""
УАГЗО	ВСЕ	354			0	0	filter:score<3	A="" G="" L="" F="" K="0" N=""
УАГЗО	ВСЕ	355			0	0	filter:score<3	A="" G="" L="" F="" K="0" N=""
УАГЗО	ВСЕ	356			0	0	filter:score<3	A="" G="" L="" F="" K="0" N=""
УАГЗО	ВСЕ	357			0	0	filter:score<3	A="" G="" L="" F="" K="0" N=""
УАГЗО	ВСЕ	358			0	0	filter:score<3	A="" G="" L="" F="" K="0" N=""
УАГЗО	ВСЕ	359			0	0	filter:score<3	A="" G="" L="" F="" K="0" N=""
УАГЗО	ВСЕ	360			0	0	filter:score<3	A="" G="" L="" F="" K="0" N=""
УАГЗО	ВСЕ	361			0	0	filter:score<3	A="" G="" L="" F="" K="0" N=""
УАГЗО	ВСЕ	362			0	0	filter:score<3	A="" G="" L="" F="" K="0" N=""
УАГЗО	ВСЕ	363			0	0	filter:score<3	A="" G="" L="" F="" K="0" N=""
УАГЗО	ВСЕ	364			0	0	filter:score<3	A="" G="" L="" F="" K="0" N=""
УАГЗО	ВСЕ	365			0	0	filter:score<3	A="" G="" L="" F="" K="0" N=""
УАГЗО	ВСЕ	366			0	0	filter:score<3	A="" G="" L="" F="" K="0" N=""
УАГЗО	ВСЕ	367			0	0	filter:score<3	A="" G="" L="" F="" K="0" N=""
УАГЗО	ВСЕ	368			0	0	filter:score<3	A="" G="" L="" F="" K="0" N=""
УАГЗО	ВСЕ	369			0	0	filter:score<3	A="" G="" L="" F="" K="0" N=""
УАГЗО	ВСЕ	370			0	0	filter:score<3	A="" G="" L="" F="" K="0" N=""
УАГЗО	ВСЕ	371			0	0	filter:score<3	A="" G="" L="" F="" K="0" N=""
УАГЗО	ВСЕ	372			0	0	filter:score<3	A="" G="" L="" F="" K="0" N=""
УАГЗО	ВСЕ	373			0	0	filter:score<3	A="" G="" L="" F="" K="0" N=""
УАГЗО	ВСЕ	374			0	0	filter:score<3	A="" G="" L="" F="" K="0" N=""
УАГЗО	ВСЕ	375			0	0	filter:score<3	A="" G="" L="" F="" K="0" N=""
УАГЗО	ВСЕ	376			0	0	filter:score<3	A="" G="" L="" F="" K="0" N=""
УАГЗО	ВСЕ	377			0	0	filter:score<3	A="" G="" L="" F="" K="0" N=""
УАГЗО	ВСЕ	378			0	0	filter:score<3	A="" G="" L="" F="" K="0" N=""
УАГЗО	ВСЕ	379			0	0	filter:score<3	A="" G="" L="" F="" K="0" N=""
УАГЗО	ВСЕ	380			0	0	filter:score<3	A="" G="" L="" F="" K="0" N=""
УАГЗО	ВСЕ	381			0	0	filter:score<3	A="" G="" L="" F="" K="0" N=""
УАГЗО	ВСЕ	382			0	0	filter:score<3	A="" G="" L="" F="" K="0" N=""
УАГЗО	ВСЕ	383			0	0	filter:score<3	A="" G="" L="" F="" K="0" N=""
УАГЗО	ВСЕ	384			0	0	filter:score<3	A="" G="" L="" F="" K="0" N=""
УАГЗО	ВСЕ	385			0	0	filter:score<3	A="" G="" L="" F="" K="0" N=""
УАГЗО	ВСЕ	386			0	0	filter:score<3	A="" G="" L="" F="" K="0" N=""
УАГЗО	ВСЕ	387			0	0	filter:score<3	A="" G="" L="" F="" K="0" N=""
УАГЗО	ВСЕ	388			0	0	filter:score<3	A="" G="" L="" F="" K="0" N=""
УАГЗО	ВСЕ	389			0	0	filter:score<3	A="" G="" L="" F="" K="0" N=""
УАГЗО	ВСЕ	390			0	0	filter:score<3	A="" G="" L="" F="" K="0" N=""
УАГЗО	ВСЕ	391			0	0	filter:score<3	A="" G="" L="" F="" K="0" N=""
УАГЗО	ВСЕ	392			0	0	filter:score<3	A="" G="" L="" F="" K="0" N=""
УАГЗО	ВСЕ	393			0	0	filter:score<3	A="" G="" L="" F="" K="0" N=""
УАГЗО	ВСЕ	394			0	0	filter:score<3	A="" G="" L="" F="" K="0" N=""
УАГЗО	ВСЕ	395			0	0	filter:score<3	A="" G="" L="" F="" K="0" N=""
УАГЗО	ВСЕ	396			0	0	filter:score<3	A="" G="" L="" F="" K="0" N=""
УАГЗО	ВСЕ	397			0	0	filter:score<3	A="" G="" L="" F="" K="0" N=""
УАГЗО	ВСЕ	398			0	0	filter:score<3	A="" G="" L="" F="" K="0" N=""
УАГЗО	ВСЕ	399			0	0	filter:score<3	A="" G="" L="" F="" K="0" N=""
УАГЗО	ВСЕ	400			0	0	filter:score<3	A="" G="" L="" F="" K="0" N=""
УАГЗО	ВСЕ	401			0	0	filter:score<3	A="" G="" L="" F="" K="0" N=""
УАГЗО	ВСЕ	402			0	0	filter:score<3	A="" G="" L="" F="" K="0" N=""
УАГЗО	ВСЕ	403			0	0	filter:score<3	A="" G="" L="" F="" K="0" N=""
УАГЗО	ВСЕ	404			0	0	filter:score<3	A="" G="" L="" F="" K="0" N=""
УАГЗО	ВСЕ	405			0	0	filter:score<3	A="" G="" L="" F="" K="0" N=""
УАГЗО	ВСЕ	406			0	0	filter:score<3	A="" G="" L="" F="" K="0" N=""
УАГЗО	ВСЕ	407			0	0	filter:score<3	A="" G="" L="" F="" K="0" N=""
УАГЗО	ВСЕ	408			0	0	filter:score<3	A="" G="" L="" F="" K="0" N=""
УАГЗО	ВСЕ	409			0	0	filter:score<3	A="" G="" L="" F="" K="0" N=""
УАГЗО	ВСЕ	410			0	0	filter:score<3	A="" G="" L="" F="" K="0" N=""
УАГЗО	ВСЕ	411			0	0	filter:score<3	A="" G="" L="" F="" K="0" N=""
УАГЗО	ВСЕ	412			0	0	filter:score<3	A="" G="" L="" F="" K="0" N=""
УАГЗО	ВСЕ	413			0	0	filter:score<3	A="" G="" L="" F="" K="0" N=""
УАГЗО	ВСЕ	414			0	0	filter:score<3	A="" G="" L="" F="" K="0" N=""
УАГЗО	ВСЕ	415			0	0	filter:score<3	A="" G="" L="" F="" K="0" N=""
УАГЗО	ВСЕ	416			0	0	filter:score<3	A="" G="" L="" F="" K="0" N=""
УАГЗО	ВСЕ	417			0	0	filter:score<3	A="" G="" L="" F="" K="0" N=""
УАГЗО	ВСЕ	418			0	0	filter:score<3	A="" G="" L="" F="" K="0" N=""
УАГЗО	ВСЕ	419			0	0	filter:score<3	A="" G="" L="" F="" K="0" N=""
УАГЗО	ВСЕ	420			0	0	filter:score<3	A="" G="" L="" F="" K="0" N=""
УАГЗО	ВСЕ	421			0	0	filter:score<3	A="" G="" L="" F="" K="0" N=""
УАГЗО	ВСЕ	422			0	0	filter:score<3	A="" G="" L="" F="" K="0" N=""
УАГЗО	ВСЕ	423			0	0	filter:score<3	A="" G="" L="" F="" K="0" N=""
УАГЗО	ВСЕ	424			0	0	filter:score<3	A="" G="" L="" F="" K="0" N=""
УАГЗО	ВСЕ	425			0	0	filter:score<3	A="" G="" L="" F="" K="0" N=""
УАГЗО	ВСЕ	426			0	0	filter:score<3	A="" G="" L="" F="" K="0" N=""
УАГЗО	ВСЕ	427			0	0	filter:score<3	A="" G="" L="" F="" K="0" N=""
УАГЗО	ВСЕ	428			0	0	filter:score<3	A="" G="" L="" F="" K="0" N=""
УАГЗО	ВСЕ	429			0	0	filter:score<3	A="" G="" L="" F="" K="0" N=""
УАГЗО	ВСЕ	430			0	0	filter:score<3	A="" G="" L="" F="" K="0" N=""
УАГЗО	ВСЕ	431			0	0	filter:score<3	A="" G="" L="" F="" K="0" N=""
УАГЗО	ВСЕ	432			0	0	filter:score<3	A="" G="" L="" F="" K="0" N=""
УАГЗО	ВСЕ	433			0	0	filter:score<3	A="" G="" L="" F="" K="0" N=""
УАГЗО	ВСЕ	434			0	0	filter:score<3	A="" G="" L="" F="" K="0" N=""
УАГЗО	ВСЕ	435			0	0	filter:score<3	A="" G="" L="" F="" K="0" N=""
УАГЗО	ВСЕ	436			0	0	filter:score<3	A="" G="" L="" F="" K="0" N=""
УАГЗО	ВСЕ	437			0	0	filter:score<3	A="" G="" L="" F="" K="0" N=""
УАГЗО	ВСЕ	438			0	0	filter:score<3	A="" G="" L="" F="" K="0" N=""
УАГЗО	ВСЕ	439			0	0	filter:score<3	A="" G="" L="" F="" K="0" N=""
УАГЗО	ВСЕ	440			0	0	filter:score<3	A="" G="" L="" F="" K="0" N=""
УАГЗО	ВСЕ	441			0	0	filter:score<3	A="" G="" L="" F="" K="0" N=""
УАГЗО	ВСЕ	442			0	0	filter:score<3	A="" G="" L="" F="" K="0" N=""
УАГЗО	ВСЕ	443			0	0	filter:score<3	A="" G="" L="" F="" K="0" N=""
УАГЗО	ВСЕ	444			0	0	filter:score<3	A="" G="" L="" F="" K="0" N=""
УАГЗО	ВСЕ	445			0	0	filter:score<3	A="" G="" L="" F="" K="0" N=""
УАГЗО	ВСЕ	446			0	0	filter:score<3	A="" G="" L="" F="" K="0" N=""
УАГЗО	ВСЕ	447			0	0	filter:score<3	A="" G="" L="" F="" K="0" N=""
УАГЗО	ВСЕ	448			0	0	filter:score<3	A="" G="" L="" F="" K="0" N=""
УАГЗО	ВСЕ	449			0	0	filter:score<3	A="" G="" L="" F="" K="0" N=""
УАГЗО	ВСЕ	450			0	0	filter:score<3	A="" G="" L="" F="" K="0" N=""
УАГЗО	ВСЕ	451			0	0	filter:score<3	A="" G="" L="" F="" K="0" N=""
УАГЗО	ВСЕ	452			0	0	filter:score<3	A="" G="" L="" F="" K="0" N=""
УАГЗО	ВСЕ	453			0	0	filter:score<3	A="" G="" L="" F="" K="0" N=""
УАГЗО	ВСЕ	454			0	0	filter:score<3	A="" G="" L="" F="" K="0" N=""
УАГЗО	ВСЕ	455			0	0	filter:score<3	A="" G="" L="" F="" K="0" N=""
УАГЗО	ВСЕ	456			0	0	filter:score<3	A="" G="" L="" F="" K="0" N=""
УАГЗО	ВСЕ	457			0	0	filter:score<3	A="" G="" L="" F="" K="0" N=""
УАГЗО	ВСЕ	458			0	0	filter:score<3	A="" G="" L="" F="" K="0" N=""
УАГЗО	ВСЕ	459			0	0	filter:score<3	A="" G="" L="" F="" K="0" N=""
УАГЗО	ВСЕ	460			0	0	filter:score<3	A="" G="" L="" F="" K="0" N=""
УАГЗО	ВСЕ	461			0	0	filter:score<3	A="" G="" L="" F="" K="0" N=""
УАГЗО	ВСЕ	462			0	0	filter:score<3	A="" G="" L="" F="" K="0" N=""
УАГЗО	ВСЕ	463			0	0	filter:score<3	A="" G="" L="" F="" K="0" N=""
УАГЗО	ВСЕ	464			0	0	filter:score<3	A="" G="" L="" F="" K="0" N=""
УАГЗО	ВСЕ	465			0	0	filter:score<3	A="" G="" L="" F="" K="0" N=""
УАГЗО	ВСЕ	466			0	0	filter:score<3	A="" G="" L="" F="" K="0" N=""
УАГЗО	ВСЕ	467			0	0	filter:score<3	A="" G="" L="" F="" K="0" N=""
УАГЗО	ВСЕ	468			0	0	filter:score<3	A="" G="" L="" F="" K="0" N=""
УАГЗО	ВСЕ	469			0	0	filter:score<3	A="" G="" L="" F="" K="0" N=""
УАГЗО	ВСЕ	470			0	0	filter:score<3	A="" G="" L="" F="" K="0" N=""
УАГЗО	ВСЕ	471			0	0	filter:score<3	A="" G="" L="" F="" K="0" N=""
УАГЗО	ВСЕ	472			0	0	filter:score<3	A="" G="" L="" F="" K="0" N=""
УАГЗО	ВСЕ	473			0	0	filter:score<3	A="" G="" L="" F="" K="0" N=""
УАГЗО	ВСЕ	474			0	0	filter:score<3	A="" G="" L="" F="" K="0" N=""
УАГЗО	ВСЕ	475			0	0	filter:score<3	A="" G="" L="" F="" K="0" N=""
УАГЗО	ВСЕ	476			0	0	filter:score<3	A="" G="" L="" F="" K="0" N=""
УАГЗО	ВСЕ	477			0	0	filter:score<3	A="" G="" L="" F="" K="0" N=""
УАГЗО	ВСЕ	478			0	0	filter:score<3	A="" G="" L="" F="" K="0" N=""
УАГЗО	ВСЕ	479			0	0	filter:score<3	A="" G="" L="" F="" K="0" N=""
УАГЗО	ВСЕ	480			0	0	filter:score<3	A="" G="" L="" F="" K="0" N=""
УАГЗО	ВСЕ	481			0	0	filter:score<3	A="" G="" L="" F="" K="0" N=""
УАГЗО	ВСЕ	482			0	0	filter:score<3	A="" G="" L="" F="" K="0" N=""
УАГЗО	ВСЕ	483			0	0	filter:score<3	A="" G="" L="" F="" K="0" N=""
УАГЗО	ВСЕ	484			0	0	filter:score<3	A="" G="" L="" F="" K="0" N=""
УАГЗО	ВСЕ	485			0	0	filter:score<3	A="" G="" L="" F="" K="0" N=""
УАГЗО	ВСЕ	486			0	0	filter:score<3	A="" G="" L="" F="" K="0" N=""
УАГЗО	ВСЕ	487			0	0	filter:score<3	A="" G="" L="" F="" K="0" N=""
УАГЗО	ВСЕ	488			0	0	filter:score<3	A="" G="" L="" F="" K="0" N=""
УАГЗО	ВСЕ	489			0	0	filter:score<3	A="" G="" L="" F="" K="0" N=""
УАГЗО	ВСЕ	490			0	0	filter:score<3	A="" G="" L="" F="" K="0" N=""
УАГЗО	ВСЕ	491			0	0	filter:score<3	A="" G="" L="" F="" K="0" N=""
УАГЗО	ВСЕ	492			0	0	filter:score<3	A="" G="" L="" F="" K="0" N=""
УАГЗО	ВСЕ	493			0	0	filter:score<3	A="" G="" L="" F="" K="0" N=""
УАГЗО	ВСЕ	494			0	0	filter:score<3	A="" G="" L="" F="" K="0" N=""
УАГЗО	ВСЕ	495			0	0	filter:score<3	A="" G="" L="" F="" K="0" N=""
УАГЗО	ВСЕ	496			0	0	filter:score<3	A="" G="" L="" F="" K="0" N=""
УАГЗО	ВСЕ	497			0	0	filter:score<3	A="" G="" L="" F="" K="0" N=""
УАГЗО	ВСЕ	498			0	0	filter:score<3	A="" G="" L="" F="" K="0" N=""
УАГЗО	ВСЕ	499			0	0	filter:score<3	A="" G="" L="" F="" K="0" N=""
УАГЗО	ВСЕ	500			0	0	filter:score<3	A="" G="" L="" F="" K="0" N=""
УАГЗО	ВСЕ	501			0	0	filter:score<3	A="" G="" L="" F="" K="0" N=""
УАГЗО	ВСЕ	502			0	0	filter:score<3	A="" G="" L="" F="" K="0" N=""
УАГЗО	ВСЕ	503			0	0	filter:score<3	A="" G="" L="" F="" K="0" N=""
УАГЗО	ВСЕ	504			0	0	filter:score<3	A="" G="" L="" F="" K="0" N=""
УАГЗО	ВСЕ	505			0	0	filter:score<3	A="" G="" L="" F="" K="0" N=""
УАГЗО	ВСЕ	506			0	0	filter:score<3	A="" G="" L="" F="" K="0" N=""
УАГЗО	ВСЕ	507			0	0	filter:score<3	A="" G="" L="" F="" K="0" N=""
УАГЗО	ВСЕ	508			0	0	filter:score<3	A="" G="" L="" F="" K="0" N=""
УАГЗО	ВСЕ	509			0	0	filter:score<3	A="" G="" L="" F="" K="0" N=""
УАГЗО	ВСЕ	510			0	0	filter:score<3	A="" G="" L="" F="" K="0" N=""
УАГЗО	ВСЕ	511			0	0	filter:score<3	A="" G="" L="" F="" K="0" N=""
УАГЗО	ВСЕ	512			0	0	filter:score<3	A="" G="" L="" F="" K="0" N=""
УАГЗО	ВСЕ	513			0	0	filter:score<3	A="" G="" L="" F="" K="0" N=""
УАГЗО	ВСЕ	514			0	0	filter:score<3	A="" G="" L="" F="" K="0" N=""
УАГЗО	ВСЕ	515			0	0	filter:score<3	A="" G="" L="" F="" K="0" N=""
УАГЗО	ВСЕ	516			0	0	filter:score<3	A="" G="" L="" F="" K="0" N=""
УАГЗО	ВСЕ	517			0	0	filter:score<3	A="" G="" L="" F="" K="0" N=""
УАГЗО	ВСЕ	518			0	0	filter:score<3	A="" G="" L="" F="" K="0" N=""
УАГЗО	ВСЕ	519			0	0	filter:score<3	A="" G="" L="" F="" K="0" N=""
УАГЗО	ВСЕ	520			0	0	filter:score<3	A="" G="" L="" F="" K="0" N=""
УАГЗО	ВСЕ	521			0	0	filter:score<3	A="" G="" L="" F="" K="0" N=""
УАГЗО	ВСЕ	522			0	0	filter:score<3	A="" G="" L="" F="" K="0" N=""
УАГЗО	ВСЕ	523			0	0	filter:score<3	A="" G="" L="" F="" K="0" N=""
УАГЗО	ВСЕ	524			0	0	filter:score<3	A="" G="" L="" F="" K="0" N=""
УАГЗО	ВСЕ	525			0	0	filter:score<3	A="" G="" L="" F="" K="0" N=""
УАГЗО	ВСЕ	526			0	0	filter:score<3	A="" G="" L="" F="" K="0" N=""
УАГЗО	ВСЕ	527			0	0	filter:score<3	A="" G="" L="" F="" K="0" N=""
УАГЗО	ВСЕ	528			0	0	filter:score<3	A="" G="" L="" F="" K="0" N=""
УАГЗО	ВСЕ	529			0	0	filter:score<3	A="" G="" L="" F="" K="0" N=""
УАГЗО	ВСЕ	530			0	0	filter:score<3	A="" G="" L="" F="" K="0" N=""
УАГЗО	ВСЕ	531			0	0	filter:score<3	A="" G="" L="" F="" K="0" N=""
УАГЗО	ВСЕ	532			0	0	filter:score<3	A="" G="" L="" F="" K="0" N=""
УАГЗО	ВСЕ	533			0	0	filter:score<3	A="" G="" L="" F="" K="0" N=""
УАГЗО	ВСЕ	534			0	0	filter:score<3	A="" G="" L="" F="" K="0" N=""
УАГЗО	ВСЕ	535			0	0	filter:score<3	A="" G="" L="" F="" K="0" N=""
УАГЗО	ВСЕ	536			0	0	filter:score<3	A="" G="" L="" F="" K="0" N=""
УАГЗО	ВСЕ	537			0	0	filter:score<3	A="" G="" L="" F="" K="0" N=""
УАГЗО	ВСЕ	538			0	0	filter:score<3	A="" G="" L="" F="" K="0" N=""
УАГЗО	ВСЕ	539			0	0	filter:score<3	A="" G="" L="" F="" K="0" N=""
УАГЗО	ВСЕ	540			0	0	filter:score<3	A="" G="" L="" F="" K="0" N=""
УАГЗО	ВСЕ	541			0	0	filter:score<3	A="" G="" L="" F="" K="0" N=""
УАГЗО	ВСЕ	542			0	0	filter:score<3	A="" G="" L="" F="" K="0" N=""
УАГЗО	ВСЕ	543			0	0	filter:score<3	A="" G="" L="" F="" K="0" N=""
УАГЗО	ВСЕ	544			0	0	filter:score<3	A="" G="" L="" F="" K="0" N=""
УАГЗО	ВСЕ	545			0	0	filter:score<3	A="" G="" L="" F="" K="0" N=""
УАГЗО	ВСЕ	546			0	0	filter:score<3	A="" G="" L="" F="" K="0" N=""
УАГЗО	ВСЕ	547			0	0	filter:score<3	A="" G="" L="" F="" K="0" N=""
УАГЗО	ВСЕ	548			0	0	filter:score<3	A="" G="" L="" F="" K="0" N=""
УАГЗО	ВСЕ	549			0	0	filter:score<3	A="" G="" L="" F="" K="0" N=""
УАГЗО	ВСЕ	550			0	0	filter:score<3	A="" G="" L="" F="" K="0" N=""
УАГЗО	ВСЕ	551			0	0	filter:score<3	A="" G="" L="" F="" K="0" N=""
УАГЗО	ВСЕ	552			0	0	filter:score<3	A="" G="" L="" F="" K="0" N=""
УАГЗО	ВСЕ	553			0	0	filter:score<3	A="" G="" L="" F="" K="0" N=""
УАГЗО	ВСЕ	554			0	0	filter:score<3	A="" G="" L="" F="" K="0" N=""
УАГЗО	ВСЕ	555			0	0	filter:score<3	A="" G="" L="" F="" K="0" N=""
УАГЗО	ВСЕ	556			0	0	filter:score<3	A="" G="" L="" F="" K="0" N=""
УАГЗО	ВСЕ	557			0	0	filter:score<3	A="" G="" L="" F="" K="0" N=""
УАГЗО	ВСЕ	558			0	0	filter:score<3	A="" G="" L="" F="" K="0" N=""
УАГЗО	ВСЕ	559			0	0	filter:score<3	A="" G="" L="" F="" K="0" N=""
УАГЗО	ВСЕ	560			0	0	filter:score<3	A="" G="" L="" F="" K="0" N=""
УАГЗО	ВСЕ	561			0	0	filter:score<3	A="" G="" L="" F="" K="0" N=""
УАГЗО	ВСЕ	562			0	0	filter:score<3	A="" G="" L="" F="" K="0" N=""
УАГЗО	ВСЕ	563			0	0	filter:score<3	A="" G="" L="" F="" K="0" N=""
УАГЗО	ВСЕ	564			0	0	filter:score<3	A="" G="" L="" F="" K="0" N=""
УАГЗО	ВСЕ	565			0	0	filter:score<3	A="" G="" L="" F="" K="0" N=""
УАГЗО	ВСЕ	566			0	0	filter:score<3	A="" G="" L="" F="" K="0" N=""
УАГЗО	ВСЕ	567			0	0	filter:score<3	A="" G="" L="" F="" K="0" N=""
УАГЗО	ВСЕ	568			0	0	filter:score<3	A="" G="" L="" F="" K="0" N=""
УАГЗО	ВСЕ	569			0	0	filter:score<3	A="" G="" L="" F="" K="0" N=""
УАГЗО	ВСЕ	570			0	0	filter:score<3	A="" G="" L="" F="" K="0" N=""
УАГЗО	ВСЕ	571			0	0	filter:score<3	A="" G="" L="" F="" K="0" N=""
УАГЗО	ВСЕ	572			0	0	filter:score<3	A="" G="" L="" F="" K="0" N=""
УАГЗО	ВСЕ	573			0	0	filter:score<3	A="" G="" L="" F="" K="0" N=""
УАГЗО	ВСЕ	574			0	0	filter:score<3	A="" G="" L="" F="" K="0" N=""
УАГЗО	ВСЕ	575			0	0	filter:score<3	A="" G="" L="" F="" K="0" N=""
УАГЗО	ВСЕ	576			0	0	filter:score<3	A="" G="" L="" F="" K="0" N=""
УАГЗО	ВСЕ	577			0	0	filter:score<3	A="" G="" L="" F="" K="0" N=""
УАГЗО	ВСЕ	578			0	0	filter:score<3	A="" G="" L="" F="" K="0" N=""
УАГЗО	ВСЕ	579			0	0	filter:score<3	A="" G="" L="" F="" K="0" N=""
УАГЗО	ВСЕ	580			0	0	filter:score<3	A="" G="" L="" F="" K="0" N=""
УАГЗО	ВСЕ	581			0	0	filter:score<3	A="" G="" L="" F="" K="0" N=""
УАГЗО	ВСЕ	582			0	0	filter:score<3	A="" G="" L="" F="" K="0" N=""
УАГЗО	ВСЕ	583			0	0	filter:score<3	A="" G="" L="" F="" K="0" N=""
УАГЗО	ВСЕ	584			0	0	filter:score<3	A="" G="" L="" F="" K="0" N=""
УАГЗО	ВСЕ	585			0	0	filter:score<3	A="" G="" L="" F="" K="0" N=""
УАГЗО	ВСЕ	586			0	0	filter:score<3	A="" G="" L="" F="" K="0" N=""
УАГЗО	ВСЕ	587			0	0	filter:score<3	A="" G="" L="" F="" K="0" N=""
УАГЗО	ВСЕ	588			0	0	filter:score<3	A="" G="" L="" F="" K="0" N=""
УАГЗО	ВСЕ	589			0	0	filter:score<3	A="" G="" L="" F="" K="0" N=""
УАГЗО	ВСЕ	590			0	0	filter:score<3	A="" G="" L="" F="" K="0" N=""
УАГЗО	ВСЕ	591			0	0	filter:score<3	A="" G="" L="" F="" K="0" N=""
УАГЗО	ВСЕ	592			0	0	filter:score<3	A="" G="" L="" F="" K="0" N=""
УАГЗО	ВСЕ	593			0	0	filter:score<3	A="" G="" L="" F="" K="0" N=""
УАГЗО	ВСЕ	594			0	0	filter:score<3	A="" G="" L="" F="" K="0" N=""
УАГЗО	ВСЕ	595			0	0	filter:score<3	A="" G="" L="" F="" K="0" N=""
УАГЗО	ВСЕ	596			0	0	filter:score<3	A="" G="" L="" F="" K="0" N=""
УАГЗО	ВСЕ	597			0	0	filter:score<3	A="" G="" L="" F="" K="0" N=""
УАГЗО	ВСЕ	598			0	0	filter:score<3	A="" G="" L="" F="" K="0" N=""
УАГЗО	ВСЕ	599			0	0	filter:score<3	A="" G="" L="" F="" K="0" N=""
УАГЗО	ВСЕ	600			0	0	filter:score<3	A="" G="" L="" F="" K="0" N=""
УАГЗО	ВСЕ	601			0	0	filter:score<3	A="" G="" L="" F="" K="0" N=""
УАГЗО	ВСЕ	602			0	0	filter:score<3	A="" G="" L="" F="" K="0" N=""
УАГЗО	ВСЕ	603			0	0	filter:score<3	A="" G="" L="" F="" K="0" N=""
УАГЗО	ВСЕ	604			0	0	filter:score<3	A="" G="" L="" F="" K="0" N=""
УАГЗО	ВСЕ	605			0	0	filter:score<3	A="" G="" L="" F="" K="0" N=""
УАГЗО	ВСЕ	606			0	0	filter:score<3	A="" G="" L="" F="" K="0" N=""
УАГЗО	ВСЕ	607			0	0	filter:score<3	A="" G="" L="" F="" K="0" N=""
УАГЗО	ВСЕ	608			0	0	filter:score<3	A="" G="" L="" F="" K="0" N=""
УАГЗО	ВСЕ	609			0	0	filter:score<3	A="" G="" L="" F="" K="0" N=""
УАГЗО	ВСЕ	610			0	0	filter:score<3	A="" G="" L="" F="" K="0" N=""
УАГЗО	ВСЕ	611			0	0	filter:score<3	A="" G="" L="" F="" K="0" N=""
УАГЗО	ВСЕ	612			0	0	filter:score<3	A="" G="" L="" F="" K="0" N=""
УАГЗО	ВСЕ	613			0	0	filter:score<3	A="" G="" L="" F="" K="0" N=""
УАГЗО	ВСЕ	614			0	0	filter:score<3	A="" G="" L="" F="" K="0" N=""
УАГЗО	ВСЕ	615			0	0	filter:score<3	A="" G="" L="" F="" K="0" N=""
УАГЗО	ВСЕ	616			0	0	filter:score<3	A="" G="" L="" F="" K="0" N=""
УАГЗО	ВСЕ	617			0	0	filter:score<3	A="" G="" L="" F="" K="0" N=""
УАГЗО	ВСЕ	618			0	0	filter:score<3	A="" G="" L="" F="" K="0" N=""
УАГЗО	ВСЕ	619			0	0	filter:score<3	A="" G="" L="" F="" K="0" N=""
УАГЗО	ВСЕ	620			0	0	filter:score<3	A="" G="" L="" F="" K="0" N=""
УАГЗО	ВСЕ	621			0	0	filter:score<3	A="" G="" L="" F="" K="0" N=""
УАГЗО	ВСЕ	622			0	0	filter:score<3	A="" G="" L="" F="" K="0" N=""
УАГЗО	ВСЕ	623			0	0	filter:score<3	A="" G="" L="" F="" K="0" N=""
УАГЗО	ВСЕ	624			0	0	filter:score<3	A="" G="" L="" F="" K="0" N=""
УАГЗО	ВСЕ	625			0	0	filter:score<3	A="" G="" L="" F="" K="0" N=""
УАГЗО	ВСЕ	626			0	0	filter:score<3	A="" G="" L="" F="" K="0" N=""
УАГЗО	ВСЕ	627			0	0	filter:score<3	A="" G="" L="" F="" K="0" N=""
УАГЗО	ВСЕ	628			0	0	filter:score<3	A="" G="" L="" F="" K="0" N=""
УАГЗО	ВСЕ	629			0	0	filter:score<3	A="" G="" L="" F="" K="0" N=""
УАГЗО	ВСЕ	630			0	0	filter:score<3	A="" G="" L="" F="" K="0" N=""
УАГЗО	ВСЕ	631			0	0	filter:score<3	A="" G="" L="" F="" K="0" N=""
УАГЗО	ВСЕ	632			0	0	filter:score<3	A="" G="" L="" F="" K="0" N=""
УАГЗО	ВСЕ	633			0	0	filter:score<3	A="" G="" L="" F="" K="0" N=""
УАГЗО	ВСЕ	634			0	0	filter:score<3	A="" G="" L="" F="" K="0" N=""
УАГЗО	ВСЕ	635			0	0	filter:score<3	A="" G="" L="" F="" K="0" N=""
УАГЗО	ВСЕ	636			0	0	filter:score<3	A="" G="" L="" F="" K="0" N=""
УАГЗО	ВСЕ	637			0	0	filter:score<3	A="" G="" L="" F="" K="0" N=""
УАГЗО	ВСЕ	638			0	0	filter:score<3	A="" G="" L="" F="" K="0" N=""
УАГЗО	ВСЕ	639			0	0	filter:score<3	A="" G="" L="" F="" K="0" N=""
УАГЗО	ВСЕ	640			0	0	filter:score<3	A="" G="" L="" F="" K="0" N=""
УАГЗО	ВСЕ	641			0	0	filter:score<3	A="" G="" L="" F="" K="0" N=""
УАГЗО	ВСЕ	642			0	0	filter:score<3	A="" G="" L="" F="" K="0" N=""
УАГЗО	ВСЕ	643			0	0	filter:score<3	A="" G="" L="" F="" K="0" N=""
УАГЗО	ВСЕ	644			0	0	filter:score<3	A="" G="" L="" F="" K="0" N=""
УАГЗО	ВСЕ	645			0	0	filter:score<3	A="" G="" L="" F="" K="0" N=""
УАГЗО	ВСЕ	646			0	0	filter:score<3	A="" G="" L="" F="" K="0" N=""
УАГЗО	ВСЕ	647			0	0	filter:score<3	A="" G="" L="" F="" K="0" N=""
УАГЗО	ВСЕ	648			0	0	filter:score<3	A="" G="" L="" F="" K="0" N=""
УАГЗО	ВСЕ	649			0	0	filter:score<3	A="" G="" L="" F="" K="0" N=""
УАГЗО	ВСЕ	650			0	0	filter:score<3	A="" G="" L="" F="" K="0" N=""
УАГЗО	ВСЕ	651			0	0	filter:score<3	A="" G="" L="" F="" K="0" N=""
УАГЗО	ВСЕ	652			0	0	filter:score<3	A="" G="" L="" F="" K="0" N=""
УАГЗО	ВСЕ	653			0	0	filter:score<3	A="" G="" L="" F="" K="0" N=""
УАГЗО	ВСЕ	654			0	0	filter:score<3	A="" G="" L="" F="" K="0" N=""
УАГЗО	ВСЕ	655			0	0	filter:score<3	A="" G="" L="" F="" K="0" N=""
УАГЗО	ВСЕ	656			0	0	filter:score<3	A="" G="" L="" F="" K="0" N=""
УАГЗО	ВСЕ	657			0	0	filter:score<3	A="" G="" L="" F="" K="0" N=""
УАГЗО	ВСЕ	658			0	0	filter:score<3	A="" G="" L="" F="" K="0" N=""
УАГЗО	ВСЕ	659			0	0	filter:score<3	A="" G="" L="" F="" K="0" N=""
УАГЗО	ВСЕ	660			0	0	filter:score<3	A="" G="" L="" F="" K="0" N=""
УАГЗО	ВСЕ	661			0	0	filter:score<3	A="" G="" L="" F="" K="0" N=""
УАГЗО	ВСЕ	662			0	0	filter:score<3	A="" G="" L="" F="" K="0" N=""
УАГЗО	ВСЕ	663			0	0	filter:score<3	A="" G="" L="" F="" K="0" N=""
УАГЗО	ВСЕ	664			0	0	filter:score<3	A="" G="" L="" F="" K="0" N=""
УАГЗО	ВСЕ	665			0	0	filter:score<3	A="" G="" L="" F="" K="0" N=""
УАГЗО	ВСЕ	666			0	0	filter:score<3	A="" G="" L="" F="" K="0" N=""
УАГЗО	ВСЕ	667			0	0	filter:score<3	A="" G="" L="" F="" K="0" N=""
УАГЗО	ВСЕ	668			0	0	filter:score<3	A="" G="" L="" F="" K="0" N=""
УАГЗО	ВСЕ	669			0	0	filter:score<3	A="" G="" L="" F="" K="0" N=""
УАГЗО	ВСЕ	670			0	0	filter:score<3	A="" G="" L="" F="" K="0" N=""
УАГЗО	ВСЕ	671			0	0	filter:score<3	A="" G="" L="" F="" K="0" N=""
УАГЗО	ВСЕ	672			0	0	filter:score<3	A="" G="" L="" F="" K="0" N=""
УАГЗО	ВСЕ	673			0	0	filter:score<3	A="" G="" L="" F="" K="0" N=""
УАГЗО	ВСЕ	674			0	0	filter:score<3	A="" G="" L="" F="" K="0" N=""
УАГЗО	ВСЕ	675			0	0	filter:score<3	A="" G="" L="" F="" K="0" N=""
УАГЗО	ВСЕ	676			0	0	filter:score<3	A="" G="" L="" F="" K="0" N=""
УАГЗО	ВСЕ	677			0	0	filter:score<3	A="" G="" L="" F="" K="0" N=""
УАГЗО	ВСЕ	678			0	0	filter:score<3	A="" G="" L="" F="" K="0" N=""
УАГЗО	ВСЕ	679			0	0	filter:score<3	A="" G="" L="" F="" K="0" N=""
УАГЗО	ВСЕ	680			0	0	filter:score<3	A="" G="" L="" F="" K="0" N=""
УАГЗО	ВСЕ	681			0	0	filter:score<3	A="" G="" L="" F="" K="0" N=""
УАГЗО	ВСЕ	682			0	0	filter:score<3	A="" G="" L="" F="" K="0" N=""
УАГЗО	ВСЕ	683			0	0	filter:score<3	A="" G="" L="" F="" K="0" N=""
УАГЗО	ВСЕ	684			0	0	filter:score<3	A="" G="" L="" F="" K="0" N=""
УАГЗО	ВСЕ	685			0	0	filter:score<3	A="" G="" L="" F="" K="0" N=""
УАГЗО	ВСЕ	686			0	0	filter:score<3	A="" G="" L="" F="" K="0" N=""
УАГЗО	ВСЕ	687			0	0	filter:score<3	A="" G="" L="" F="" K="0" N=""
УАГЗО	ВСЕ	688			0	0	filter:score<3	A="" G="" L="" F="" K="0" N=""
УАГЗО	ВСЕ	689			0	0	filter:score<3	A="" G="" L="" F="" K="0" N=""
УАГЗО	ВСЕ	690			0	0	filter:score<3	A="" G="" L="" F="" K="0" N=""
УАГЗО	ВСЕ	691			0	0	filter:score<3	A="" G="" L="" F="" K="0" N=""
УАГЗО	ВСЕ	692			0	0	filter:score<3	A="" G="" L="" F="" K="0" N=""
УАГЗО	ВСЕ	693			0	0	filter:score<3	A="" G="" L="" F="" K="0" N=""
УАГЗО	ВСЕ	694			0	0	filter:score<3	A="" G="" L="" F="" K="0" N=""
УАГЗО	ВСЕ	695			0	0	filter:score<3	A="" G="" L="" F="" K="0" N=""
УАГЗО	ВСЕ	696			0	0	filter:score<3	A="" G="" L="" F="" K="0" N=""
УАГЗО	ВСЕ	697			0	0	filter:score<3	A="" G="" L="" F="" K="0" N=""
УАГЗО	ВСЕ	698			0	0	filter:score<3	A="" G="" L="" F="" K="0" N=""
УАГЗО	ВСЕ	699			0	0	filter:score<3	A="" G="" L="" F="" K="0" N=""
УАГЗО	ВСЕ	700			0	0	filter:score<3	A="" G="" L="" F="" K="0" N=""
УАГЗО	ВСЕ	701			0	0	filter:score<3	A="" G="" L="" F="" K="0" N=""
УАГЗО	ВСЕ	702			0	0	filter:score<3	A="" G="" L="" F="" K="0" N=""
УАГЗО	ВСЕ	703			0	0	filter:score<3	A="" G="" L="" F="" K="0" N=""
УАГЗО	ВСЕ	704			0	0	filter:score<3	A="" G="" L="" F="" K="0" N=""
УАГЗО	ВСЕ	705			0	0	filter:score<3	A="" G="" L="" F="" K="0" N=""
УАГЗО	ВСЕ	706			0	0	filter:score<3	A="" G="" L="" F="" K="0" N=""
УАГЗО	ВСЕ	707			0	0	filter:score<3	A="" G="" L="" F="" K="0" N=""
УАГЗО	ВСЕ	708			0	0	filter:score<3	A="" G="" L="" F="" K="0" N=""
УАГЗО	ВСЕ	709			0	0	filter:score<3	A="" G="" L="" F="" K="0" N=""
УАГЗО	ВСЕ	710			0	0	filter:score<3	A="" G="" L="" F="" K="0" N=""
УАГЗО	ВСЕ	711			0	0	filter:score<3	A="" G="" L="" F="" K="0" N=""
УАГЗО	ВСЕ	712			0	0	filter:score<3	A="" G="" L="" F="" K="0" N=""
УАГЗО	ВСЕ	713			0	0	filter:score<3	A="" G="" L="" F="" K="0" N=""
УАГЗО	ВСЕ	714			0	0	filter:score<3	A="" G="" L="" F="" K="0" N=""
УАГЗО	ВСЕ	715			0	0	filter:score<3	A="" G="" L="" F="" K="0" N=""
УАГЗО	ВСЕ	716			0	0	filter:score<3	A="" G="" L="" F="" K="0" N=""
УАГЗО	ВСЕ	717			0	0	filter:score<3	A="" G="" L="" F="" K="0" N=""
УАГЗО	ВСЕ	718			0	0	filter:score<3	A="" G="" L="" F="" K="0" N=""
УАГЗО	ВСЕ	719			0	0	filter:score<3	A="" G="" L="" F="" K="0" N=""
УАГЗО	ВСЕ	720			0	0	filter:score<3	A="" G="" L="" F="" K="0" N=""
УАГЗО	ВСЕ	721			0	0	filter:score<3	A="" G="" L="" F="" K="0" N=""
УАГЗО	ВСЕ	722			0	0	filter:score<3	A="" G="" L="" F="" K="0" N=""
УАГЗО	ВСЕ	723			0	0	filter:score<3	A="" G="" L="" F="" K="0" N=""
УАГЗО	ВСЕ	724			0	0	filter:score<3	A="" G="" L="" F="" K="0" N=""
УАГЗО	ВСЕ	725			0	0	filter:score<3	A="" G="" L="" F="" K="0" N=""
УАГЗО	ВСЕ	726			0	0	filter:score<3	A="" G="" L="" F="" K="0" N=""
УАГЗО	ВСЕ	727			0	0	filter:score<3	A="" G="" L="" F="" K="0" N=""
УАГЗО	ВСЕ	728			0	0	filter:score<3	A="" G="" L="" F="" K="0" N=""
УАГЗО	ВСЕ	729			0	0	filter:score<3	A="" G="" L="" F="" K="0" N=""
УАГЗО	ВСЕ	730			0	0	filter:score<3	A="" G="" L="" F="" K="0" N=""
УАГЗО	ВСЕ	731			0	0	filter:score<3	A="" G="" L="" F="" K="0" N=""
УАГЗО	ВСЕ	732			0	0	filter:score<3	A="" G="" L="" F="" K="0" N=""
УАГЗО	ВСЕ	733			0	0	filter:score<3	A="" G="" L="" F="" K="0" N=""
УАГЗО	ВСЕ	734			0	0	filter:score<3	A="" G="" L="" F="" K="0" N=""
УАГЗО	ВСЕ	735			0	0	filter:score<3	A="" G="" L="" F="" K="0" N=""
УАГЗО	ВСЕ	736			0	0	filter:score<3	A="" G="" L="" F="" K="0" N=""
УАГЗО	ВСЕ	737			0	0	filter:score<3	A="" G="" L="" F="" K="0" N=""
УАГЗО	ВСЕ	738			0	0	filter:score<3	A="" G="" L="" F="" K="0" N=""
УАГЗО	ВСЕ	739			0	0	filter:score<3	A="" G="" L="" F="" K="0" N=""
УАГЗО	ВСЕ	740			0	0	filter:score<3	A="" G="" L="" F="" K="0" N=""
УАГЗО	ВСЕ	741			0	0	filter:score<3	A="" G="" L="" F="" K="0" N=""
УАГЗО	ВСЕ	742			0	0	filter:score<3	A="" G="" L="" F="" K="0" N=""
УАГЗО	ВСЕ	743			0	0	filter:score<3	A="" G="" L="" F="" K="0" N=""
УАГЗО	ВСЕ	744			0	0	filter:score<3	A="" G="" L="" F="" K="0" N=""
УАГЗО	ВСЕ	745			0	0	filter:score<3	A="" G="" L="" F="" K="0" N=""
УАГЗО	ВСЕ	746			0	0	filter:score<3	A="" G="" L="" F="" K="0" N=""
УАГЗО	ВСЕ	747			0	0	filter:score<3	A="" G="" L="" F="" K="0" N=""
УАГЗО	ВСЕ	748			0	0	filter:score<3	A="" G="" L="" F="" K="0" N=""
УАГЗО	ВСЕ	749			0	0	filter:score<3	A="" G="" L="" F="" K="0" N=""
УАГЗО	ВСЕ	750			0	0	filter:score<3	A="" G="" L="" F="" K="0" N=""
УАГЗО	ВСЕ	751			0	0	filter:score<3	A="" G="" L="" F="" K="0" N=""
УАГЗО	ВСЕ	752			0	0	filter:score<3	A="" G="" L="" F="" K="0" N=""
УАГЗО	ВСЕ	753			0	0	filter:score<3	A="" G="" L="" F="" K="0" N=""
УАГЗО	ВСЕ	754			0	0	filter:score<3	A="" G="" L="" F="" K="0" N=""
УАГЗО	ВСЕ	755			0	0	filter:score<3	A="" G="" L="" F="" K="0" N=""
УАГЗО	ВСЕ	756			0	0	filter:score<3	A="" G="" L="" F="" K="0" N=""
УАГЗО	ВСЕ	757			0	0	filter:score<3	A="" G="" L="" F="" K="0" N=""
УАГЗО	ВСЕ	758			0	0	filter:score<3	A="" G="" L="" F="" K="0" N=""
УАГЗО	ВСЕ	759			0	0	filter:score<3	A="" G="" L="" F="" K="0" N=""
УАГЗО	ВСЕ	760			0	0	filter:score<3	A="" G="" L="" F="" K="0" N=""
УАГЗО	ВСЕ	761			0	0	filter:score<3	A="" G="" L="" F="" K="0" N=""
УАГЗО	ВСЕ	762			0	0	filter:score<3	A="" G="" L="" F="" K="0" N=""
УАГЗО	ВСЕ	763			0	0	filter:score<3	A="" G="" L="" F="" K="0" N=""
УАГЗО	ВСЕ	764			0	0	filter:score<3	A="" G="" L="" F="" K="0" N=""
УАГЗО	ВСЕ	765			0	0	filter:score<3	A="" G="" L="" F="" K="0" N=""
УАГЗО	ВСЕ	766			0	0	filter:score<3	A="" G="" L="" F="" K="0" N=""
УАГЗО	ВСЕ	767			0	0	filter:score<3	A="" G="" L="" F="" K="0" N=""
УАГЗО	ВСЕ	768			0	0	filter:score<3	A="" G="" L="" F="" K="0" N=""
УАГЗО	ВСЕ	769			0	0	filter:score<3	A="" G="" L="" F="" K="0" N=""
УАГЗО	ВСЕ	770			0	0	filter:score<3	A="" G="" L="" F="" K="0" N=""
УАГЗО	ВСЕ	771			0	0	filter:score<3	A="" G="" L="" F="" K="0" N=""
УАГЗО	ВСЕ	772			0	0	filter:score<3	A="" G="" L="" F="" K="0" N=""
УАГЗО	ВСЕ	773			0	0	filter:score<3	A="" G="" L="" F="" K="0" N=""
УАГЗО	ВСЕ	774			0	0	filter:score<3	A="" G="" L="" F="" K="0" N=""
УАГЗО	ВСЕ	775			0	0	filter:score<3	A="" G="" L="" F="" K="0" N=""
УАГЗО	ВСЕ	776			0	0	filter:score<3	A="" G="" L="" F="" K="0" N=""
УАГЗО	ВСЕ	777			0	0	filter:score<3	A="" G="" L="" F="" K="0" N=""
УАГЗО	ВСЕ	778			0	0	filter:score<3	A="" G="" L="" F="" K="0" N=""
УАГЗО	ВСЕ	779			0	0	filter:score<3	A="" G="" L="" F="" K="0" N=""
УАГЗО	ВСЕ	780			0	0	filter:score<3	A="" G="" L="" F="" K="0" N=""
УАГЗО	ВСЕ	781			0	0	filter:score<3	A="" G="" L="" F="" K="0" N=""
УАГЗО	ВСЕ	782			0	0	filter:score<3	A="" G="" L="" F="" K="0" N=""
УАГЗО	ВСЕ	783			0	0	filter:score<3	A="" G="" L="" F="" K="0" N=""
УАГЗО	ВСЕ	784			0	0	filter:score<3	A="" G="" L="" F="" K="0" N=""
УАГЗО	ВСЕ	785			0	0	filter:score<3	A="" G="" L="" F="" K="0" N=""
УАГЗО	ВСЕ	786			0	0	filter:score<3	A="" G="" L="" F="" K="0" N=""
УАГЗО	ВСЕ	787			0	0	filter:score<3	A="" G="" L="" F="" K="0" N=""
УАГЗО	ВСЕ	788			0	0	filter:score<3	A="" G="" L="" F="" K="0" N=""
УАГЗО	ВСЕ	789			0	0	filter:score<3	A="" G="" L="" F="" K="0" N=""
УАГЗО	ВСЕ	790			0	0	filter:score<3	A="" G="" L="" F="" K="0" N=""
УАГЗО	ВСЕ	791			0	0	filter:score<3	A="" G="" L="" F="" K="0" N=""
УАГЗО	ВСЕ	792			0	0	filter:score<3	A="" G="" L="" F="" K="0" N=""
УАГЗО	ВСЕ	793			0	0	filter:score<3	A="" G="" L="" F="" K="0" N=""
УАГЗО	ВСЕ	794			0	0	filter:score<3	A="" G="" L="" F="" K="0" N=""
УАГЗО	ВСЕ	795			0	0	filter:score<3	A="" G="" L="" F="" K="0" N=""
УАГЗО	ВСЕ	796			0	0	filter:score<3	A="" G="" L="" F="" K="0" N=""
УАГЗО	ВСЕ	797			0	0	filter:score<3	A="" G="" L="" F="" K="0" N=""
УАГЗО	ВСЕ	798			0	0	filter:score<3	A="" G="" L="" F="" K="0" N=""
УАГЗО	ВСЕ	799			0	0	filter:score<3	A="" G="" L="" F="" K="0" N=""
УАГЗО	ВСЕ	800			0	0	filter:score<3	A="" G="" L="" F="" K="0" N=""
УАГЗО	ВСЕ	801			0	0	filter:score<3	A="" G="" L="" F="" K="0" N=""
УАГЗО	ВСЕ	802			0	0	filter:score<3	A="" G="" L="" F="" K="0" N=""
УАГЗО	ВСЕ	803			0	0	filter:score<3	A="" G="" L="" F="" K="0" N=""
УАГЗО	ВСЕ	804			0	0	filter:score<3	A="" G="" L="" F="" K="0" N=""
УАГЗО	ВСЕ	805			0	0	filter:score<3	A="" G="" L="" F="" K="0" N=""
УАГЗО	ВСЕ	806			0	0	filter:score<3	A="" G="" L="" F="" K="0" N=""
УАГЗО	ВСЕ	807			0	0	filter:score<3	A="" G="" L="" F="" K="0" N=""
УАГЗО	ВСЕ	808			0	0	filter:score<3	A="" G="" L="" F="" K="0" N=""
УАГЗО	ВСЕ	809			0	0	filter:score<3	A="" G="" L="" F="" K="0" N=""
УАГЗО	ВСЕ	810			0	0	filter:score<3	A="" G="" L="" F="" K="0" N=""
УАГЗО	ВСЕ	811			0	0	filter:score<3	A="" G="" L="" F="" K="0" N=""
УАГЗО	ВСЕ	812			0	0	filter:score<3	A="" G="" L="" F="" K="0" N=""
УАГЗО	ВСЕ	813			0	0	filter:score<3	A="" G="" L="" F="" K="0" N=""
УАГЗО	ВСЕ	814			0	0	filter:score<3	A="" G="" L="" F="" K="0" N=""
УАГЗО	ВСЕ	815			0	0	filter:score<3	A="" G="" L="" F="" K="0" N=""
УАГЗО	ВСЕ	816			0	0	filter:score<3	A="" G="" L="" F="" K="0" N=""
УАГЗО	ВСЕ	817			0	0	filter:score<3	A="" G="" L="" F="" K="0" N=""
УАГЗО	ВСЕ	818			0	0	filter:score<3	A="" G="" L="" F="" K="0" N=""
УАГЗО	ВСЕ	819			0	0	filter:score<3	A="" G="" L="" F="" K="0" N=""
УАГЗО	ВСЕ	820			0	0	filter:score<3	A="" G="" L="" F="" K="0" N=""
УАГЗО	ВСЕ	821			0	0	filter:score<3	A="" G="" L="" F="" K="0" N=""
УАГЗО	ВСЕ	822			0	0	filter:score<3	A="" G="" L="" F="" K="0" N=""
УАГЗО	ВСЕ	823			0	0	filter:score<3	A="" G="" L="" F="" K="0" N=""
УАГЗО	ВСЕ	824			0	0	filter:score<3	A="" G="" L="" F="" K="0" N=""
УАГЗО	ВСЕ	825			0	0	filter:score<3	A="" G="" L="" F="" K="0" N=""
УАГЗО	ВСЕ	826			0	0	filter:score<3	A="" G="" L="" F="" K="0" N=""
УАГЗО	ВСЕ	827			0	0	filter:score<3	A="" G="" L="" F="" K="0" N=""
УАГЗО	ВСЕ	828			0	0	filter:score<3	A="" G="" L="" F="" K="0" N=""
УАГЗО	ВСЕ	829			0	0	filter:score<3	A="" G="" L="" F="" K="0" N=""
УАГЗО	ВСЕ	830			0	0	filter:score<3	A="" G="" L="" F="" K="0" N=""
УАГЗО	ВСЕ	831			0	0	filter:score<3	A="" G="" L="" F="" K="0" N=""
УАГЗО	ВСЕ	832			0	0	filter:score<3	A="" G="" L="" F="" K="0" N=""
УАГЗО	ВСЕ	833			0	0	filter:score<3	A="" G="" L="" F="" K="0" N=""
УАГЗО	ВСЕ	834			0	0	filter:score<3	A="" G="" L="" F="" K="0" N=""
УАГЗО	ВСЕ	835			0	0	filter:score<3	A="" G="" L="" F="" K="0" N=""
УАГЗО	ВСЕ	836			0	0	filter:score<3	A="" G="" L="" F="" K="0" N=""
УАГЗО	ВСЕ	837			0	0	filter:score<3	A="" G="" L="" F="" K="0" N=""
УАГЗО	ВСЕ	838			0	0	filter:score<3	A="" G="" L="" F="" K="0" N=""
УАГЗО	ВСЕ	839			0	0	filter:score<3	A="" G="" L="" F="" K="0" N=""
УАГЗО	ВСЕ	840			0	0	filter:score<3	A="" G="" L="" F="" K="0" N=""
УАГЗО	ВСЕ	841			0	0	filter:score<3	A="" G="" L="" F="" K="0" N=""
УАГЗО	ВСЕ	842			0	0	filter:score<3	A="" G="" L="" F="" K="0" N=""
УАГЗО	ВСЕ	843			0	0	filter:score<3	A="" G="" L="" F="" K="0" N=""
УАГЗО	ВСЕ	844			0	0	filter:score<3	A="" G="" L="" F="" K="0" N=""
УАГЗО	ВСЕ	845			0	0	filter:score<3	A="" G="" L="" F="" K="0" N=""
УАГЗО	ВСЕ	846			0	0	filter:score<3	A="" G="" L="" F="" K="0" N=""
УАГЗО	ВСЕ	847			0	0	filter:score<3	A="" G="" L="" F="" K="0" N=""
УАГЗО	ВСЕ	848			0	0	filter:score<3	A="" G="" L="" F="" K="0" N=""
УАГЗО	ВСЕ	849			0	0	filter:score<3	A="" G="" L="" F="" K="0" N=""
УАГЗО	ВСЕ	850			0	0	filter:score<3	A="" G="" L="" F="" K="0" N=""
УАГЗО	ВСЕ	851			0	0	filter:score<3	A="" G="" L="" F="" K="0" N=""
УАГЗО	ВСЕ	852			0	0	filter:score<3	A="" G="" L="" F="" K="0" N=""
УАГЗО	ВСЕ	853			0	0	filter:score<3	A="" G="" L="" F="" K="0" N=""
УАГЗО	ВСЕ	854			0	0	filter:score<3	A="" G="" L="" F="" K="0" N=""
УАГЗО	ВСЕ	855			0	0	filter:score<3	A="" G="" L="" F="" K="0" N=""
УАГЗО	ВСЕ	856			0	0	filter:score<3	A="" G="" L="" F="" K="0" N=""
УАГЗО	ВСЕ	857			0	0	filter:score<3	A="" G="" L="" F="" K="0" N=""
УАГЗО	ВСЕ	858			0	0	filter:score<3	A="" G="" L="" F="" K="0" N=""
УАГЗО	ВСЕ	859			0	0	filter:score<3	A="" G="" L="" F="" K="0" N=""
УАГЗО	ВСЕ	860			0	0	filter:score<3	A="" G="" L="" F="" K="0" N=""
УАГЗО	ВСЕ	861			0	0	filter:score<3	A="" G="" L="" F="" K="0" N=""
УАГЗО	ВСЕ	862			0	0	filter:score<3	A="" G="" L="" F="" K="0" N=""
УАГЗО	ВСЕ	863			0	0	filter:score<3	A="" G="" L="" F="" K="0" N=""
УАГЗО	ВСЕ	864			0	0	filter:score<3	A="" G="" L="" F="" K="0" N=""
УАГЗО	ВСЕ	865			0	0	filter:score<3	A="" G="" L="" F="" K="0" N=""
УАГЗО	ВСЕ	866			0	0	filter:score<3	A="" G="" L="" F="" K="0" N=""
УАГЗО	ВСЕ	867			0	0	filter:score<3	A="" G="" L="" F="" K="0" N=""
УАГЗО	ВСЕ	868			0	0	filter:score<3	A="" G="" L="" F="" K="0" N=""
УАГЗО	ВСЕ	869			0	0	filter:score<3	A="" G="" L="" F="" K="0" N=""
УАГЗО	ВСЕ	870			0	0	filter:score<3	A="" G="" L="" F="" K="0" N=""
УАГЗО	ВСЕ	871			0	0	filter:score<3	A="" G="" L="" F="" K="0" N=""
УАГЗО	ВСЕ	872			0	0	filter:score<3	A="" G="" L="" F="" K="0" N=""
УАГЗО	ВСЕ	873			0	0	filter:score<3	A="" G="" L="" F="" K="0" N=""
УАГЗО	ВСЕ	874			0	0	filter:score<3	A="" G="" L="" F="" K="0" N=""
УАГЗО	ВСЕ	875			0	0	filter:score<3	A="" G="" L="" F="" K="0" N=""
УАГЗО	ВСЕ	876			0	0	filter:score<3	A="" G="" L="" F="" K="0" N=""
УАГЗО	ВСЕ	877			0	0	filter:score<3	A="" G="" L="" F="" K="0" N=""
УАГЗО	ВСЕ	878			0	0	filter:score<3	A="" G="" L="" F="" K="0" N=""
УАГЗО	ВСЕ	879			0	0	filter:score<3	A="" G="" L="" F="" K="0" N=""
УАГЗО	ВСЕ	880			0	0	filter:score<3	A="" G="" L="" F="" K="0" N=""
УАГЗО	ВСЕ	881			0	0	filter:score<3	A="" G="" L="" F="" K="0" N=""
УАГЗО	ВСЕ	882			0	0	filter:score<3	A="" G="" L="" F="" K="0" N=""
УАГЗО	ВСЕ	883			0	0	filter:score<3	A="" G="" L="" F="" K="0" N=""
УАГЗО	ВСЕ	884			0	0	filter:score<3	A="" G="" L="" F="" K="0" N=""
УАГЗО	ВСЕ	885			0	0	filter:score<3	A="" G="" L="" F="" K="0" N=""
УАГЗО	ВСЕ	886			0	0	filter:score<3	A="" G="" L="" F="" K="0" N=""
УАГЗО	ВСЕ	887			0	0	filter:score<3	A="" G="" L="" F="" K="0" N=""
УАГЗО	ВСЕ	888			0	0	filter:score<3	A="" G="" L="" F="" K="0" N=""
УАГЗО	ВСЕ	889			0	0	filter:score<3	A="" G="" L="" F="" K="0" N=""
УАГЗО	ВСЕ	890			0	0	filter:score<3	A="" G="" L="" F="" K="0" N=""
УАГЗО	ВСЕ	891			0	0	filter:score<3	A="" G="" L="" F="" K="0" N=""
УАГЗО	ВСЕ	892			0	0	filter:score<3	A="" G="" L="" F="" K="0" N=""
УАГЗО	ВСЕ	893			0	0	filter:score<3	A="" G="" L="" F="" K="0" N=""
УАГЗО	ВСЕ	894			0	0	filter:score<3	A="" G="" L="" F="" K="0" N=""
УАГЗО	ВСЕ	895			0	0	filter:score<3	A="" G="" L="" F="" K="0" N=""
УАГЗО	ВСЕ	896			0	0	filter:score<3	A="" G="" L="" F="" K="0" N=""
УАГЗО	ВСЕ	897			0	0	filter:score<3	A="" G="" L="" F="" K="0" N=""
УАГЗО	ВСЕ	898			0	0	filter:score<3	A="" G="" L="" F="" K="0" N=""
УАГЗО	ВСЕ	899			0	0	filter:score<3	A="" G="" L="" F="" K="0" N=""
УАГЗО	ВСЕ	900			0	0	filter:score<3	A="" G="" L="" F="" K="0" N=""
УАГЗО	ВСЕ	901			0	0	filter:score<3	A="" G="" L="" F="" K="0" N=""
УАГЗО	ВСЕ	902			0	0	filter:score<3	A="" G="" L="" F="" K="0" N=""
УАГЗО	ВСЕ	903			0	0	filter:score<3	A="" G="" L="" F="" K="0" N=""
УАГЗО	ВСЕ	904			0	0	filter:score<3	A="" G="" L="" F="" K="0" N=""
УАГЗО	ВСЕ	905			0	0	filter:score<3	A="" G="" L="" F="" K="0" N=""
УАГЗО	ВСЕ	906			0	0	filter:score<3	A="" G="" L="" F="" K="0" N=""
УАГЗО	ВСЕ	907			0	0	filter:score<3	A="" G="" L="" F="" K="0" N=""
УАГЗО	ВСЕ	908			0	0	filter:score<3	A="" G="" L="" F="" K="0" N=""
УАГЗО	ВСЕ	909			0	0	filter:score<3	A="" G="" L="" F="" K="0" N=""
УАГЗО	ВСЕ	910			0	0	filter:score<3	A="" G="" L="" F="" K="0" N=""
УАГЗО	ВСЕ	911			0	0	filter:score<3	A="" G="" L="" F="" K="0" N=""
УАГЗО	ВСЕ	912			0	0	filter:score<3	A="" G="" L="" F="" K="0" N=""
УАГЗО	ВСЕ	913			0	0	filter:score<3	A="" G="" L="" F="" K="0" N=""
УАГЗО	ВСЕ	914			0	0	filter:score<3	A="" G="" L="" F="" K="0" N=""
УАГЗО	ВСЕ	915			0	0	filter:score<3	A="" G="" L="" F="" K="0" N=""
УАГЗО	ВСЕ	916			0	0	filter:score<3	A="" G="" L="" F="" K="0" N=""
УАГЗО	ВСЕ	917			0	0	filter:score<3	A="" G="" L="" F="" K="0" N=""
УАГЗО	ВСЕ	918			0	0	filter:score<3	A="" G="" L="" F="" K="0" N=""
УАГЗО	ВСЕ	919			0	0	filter:score<3	A="" G="" L="" F="" K="0" N=""
УАГЗО	ВСЕ	920			0	0	filter:score<3	A="" G="" L="" F="" K="0" N=""
УАГЗО	ВСЕ	921			0	0	filter:score<3	A="" G="" L="" F="" K="0" N=""
УАГЗО	ВСЕ	922			0	0	filter:score<3	A="" G="" L="" F="" K="0" N=""
УАГЗО	ВСЕ	923			0	0	filter:score<3	A="" G="" L="" F="" K="0" N=""
УАГЗО	ВСЕ	924			0	0	filter:score<3	A="" G="" L="" F="" K="0" N=""
УАГЗО	ВСЕ	925			0	0	filter:score<3	A="" G="" L="" F="" K="0" N=""
УАГЗО	ВСЕ	926			0	0	filter:score<3	A="" G="" L="" F="" K="0" N=""
УАГЗО	ВСЕ	927			0	0	filter:score<3	A="" G="" L="" F="" K="0" N=""
УАГЗО	ВСЕ	928			0	0	filter:score<3	A="" G="" L="" F="" K="0" N=""
УАГЗО	ВСЕ	929			0	0	filter:score<3	A="" G="" L="" F="" K="0" N=""
УАГЗО	ВСЕ	930			0	0	filter:score<3	A="" G="" L="" F="" K="0" N=""
УАГЗО	ВСЕ	931			0	0	filter:score<3	A="" G="" L="" F="" K="0" N=""
УАГЗО	ВСЕ	932			0	0	filter:score<3	A="" G="" L="" F="" K="0" N=""
УАГЗО	ВСЕ	933			0	0	filter:score<3	A="" G="" L="" F="" K="0" N=""
УАГЗО	ВСЕ	934			0	0	filter:score<3	A="" G="" L="" F="" K="0" N=""
УАГЗО	ВСЕ	935			0	0	filter:score<3	A="" G="" L="" F="" K="0" N=""
УАГЗО	ВСЕ	936			0	0	filter:score<3	A="" G="" L="" F="" K="0" N=""
УАГЗО	ВСЕ	937			0	0	filter:score<3	A="" G="" L="" F="" K="0" N=""
УАГЗО	ВСЕ	938			0	0	filter:score<3	A="" G="" L="" F="" K="0" N=""
УАГЗО	ВСЕ	939			0	0	filter:score<3	A="" G="" L="" F="" K="0" N=""
УАГЗО	ВСЕ	940			0	0	filter:score<3	A="" G="" L="" F="" K="0" N=""
УАГЗО	ВСЕ	941			0	0	filter:score<3	A="" G="" L="" F="" K="0" N=""
УАГЗО	ВСЕ	942			0	0	filter:score<3	A="" G="" L="" F="" K="0" N=""
УАГЗО	ВСЕ	943			0	0	filter:score<3	A="" G="" L="" F="" K="0" N=""
УАГЗО	ВСЕ	944			0	0	filter:score<3	A="" G="" L="" F="" K="0" N=""
УАГЗО	ВСЕ	945			0	0	filter:score<3	A="" G="" L="" F="" K="0" N=""
УАГЗО	ВСЕ	946			0	0	filter:score<3	A="" G="" L="" F="" K="0" N=""
УАГЗО	ВСЕ	947			0	0	filter:score<3	A="" G="" L="" F="" K="0" N=""
УАГЗО	ВСЕ	948			0	0	filter:score<3	A="" G="" L="" F="" K="0" N=""
УАГЗО	ВСЕ	949			0	0	filter:score<3	A="" G="" L="" F="" K="0" N=""
УАГЗО	ВСЕ	950			0	0	filter:score<3	A="" G="" L="" F="" K="0" N=""
УАГЗО	ВСЕ	951			0	0	filter:score<3	A="" G="" L="" F="" K="0" N=""
УАГЗО	ВСЕ	952			0	0	filter:score<3	A="" G="" L="" F="" K="0" N=""
УАГЗО	ВСЕ	953			0	0	filter:score<3	A="" G="" L="" F="" K="0" N=""
УАГЗО	ВСЕ	954			0	0	filter:score<3	A="" G="" L="" F="" K="0" N=""
УАГЗО	ВСЕ	955			0	0	filter:score<3	A="" G="" L="" F="" K="0" N=""
УАГЗО	ВСЕ	956			0	0	filter:score<3	A="" G="" L="" F="" K="0" N=""
УАГЗО	ВСЕ	957			0	0	filter:score<3	A="" G="" L="" F="" K="0" N=""
УАГЗО	ВСЕ	958			0	0	filter:score<3	A="" G="" L="" F="" K="0" N=""
УАГЗО	ВСЕ	959			0	0	filter:score<3	A="" G="" L="" F="" K="0" N=""
УАГЗО	ВСЕ	960			0	0	filter:score<3	A="" G="" L="" F="" K="0" N=""
УАГЗО	ВСЕ	961			0	0	filter:score<3	A="" G="" L="" F="" K="0" N=""
УАГЗО	ВСЕ	962			0	0	filter:score<3	A="" G="" L="" F="" K="0" N=""
УАГЗО	ВСЕ	963			0	0	filter:score<3	A="" G="" L="" F="" K="0" N=""
УАГЗО	ВСЕ	964			0	0	filter:score<3	A="" G="" L="" F="" K="0" N=""
УАГЗО	ВСЕ	965			0	0	filter:score<3	A="" G="" L="" F="" K="0" N=""
УАГЗО	ВСЕ	966			0	0	filter:score<3	A="" G="" L="" F="" K="0" N=""
УАГЗО	ВСЕ	967			0	0	filter:score<3	A="" G="" L="" F="" K="0" N=""
УАГЗО	ВСЕ	968			0	0	filter:score<3	A="" G="" L="" F="" K="0" N=""
УАГЗО	ВСЕ	969			0	0	filter:score<3	A="" G="" L="" F="" K="0" N=""
УАГЗО	ВСЕ	970			0	0	filter:score<3	A="" G="" L="" F="" K="0" N=""
УАГЗО	ВСЕ	971			0	0	filter:score<3	A="" G="" L="" F="" K="0" N=""
УАГЗО	ВСЕ	972			0	0	filter:score<3	A="" G="" L="" F="" K="0" N=""
УАГЗО	ВСЕ	973			0	0	filter:score<3	A="" G="" L="" F="" K="0" N=""
УАГЗО	ВСЕ	974			0	0	filter:score<3	A="" G="" L="" F="" K="0" N=""
УАГЗО	ВСЕ	975			0	0	filter:score<3	A="" G="" L="" F="" K="0" N=""
УАГЗО	ВСЕ	976			0	0	filter:score<3	A="" G="" L="" F="" K="0" N=""
УАГЗО	ВСЕ	977			0	0	filter:score<3	A="" G="" L="" F="" K="0" N=""
УАГЗО	ВСЕ	978			0	0	filter:score<3	A="" G="" L="" F="" K="0" N=""
УАГЗО	ВСЕ	979			0	0	filter:score<3	A="" G="" L="" F="" K="0" N=""
УАГЗО	ВСЕ	980			0	0	filter:score<3	A="" G="" L="" F="" K="0" N=""
УАГЗО	ВСЕ	981			0	0	filter:score<3	A="" G="" L="" F="" K="0" N=""
УАГЗО	ВСЕ	982			0	0	filter:score<3	A="" G="" L="" F="" K="0" N=""
УАГЗО	ВСЕ	983			0	0	filter:score<3	A="" G="" L="" F="" K="0" N=""
УАГЗО	ВСЕ	984			0	0	filter:score<3	A="" G="" L="" F="" K="0" N=""
УАГЗО	ВСЕ	985			0	0	filter:score<3	A="" G="" L="" F="" K="0" N=""
УАГЗО	ВСЕ	986			0	0	filter:score<3	A="" G="" L="" F="" K="0" N=""
УАГЗО	ВСЕ	987			0	0	filter:score<3	A="" G="" L="" F="" K="0" N=""
УАГЗО	ВСЕ	988			0	0	filter:score<3	A="" G="" L="" F="" K="0" N=""
УАГЗО	ВСЕ	989			0	0	filter:score<3	A="" G="" L="" F="" K="0" N=""
УАГЗО	ВСЕ	990			0	0	filter:score<3	A="" G="" L="" F="" K="0" N=""
УАГЗО	ВСЕ	991			0	0	filter:score<3	A="" G="" L="" F="" K="0" N=""
УАГЗО	ВСЕ	992			0	0	filter:score<3	A="" G="" L="" F="" K="0" N=""
УАГЗО	ВСЕ	993			0	0	filter:score<3	A="" G="" L="" F="" K="0" N=""
УАГЗО	ВСЕ	994			0	0	filter:score<3	A="" G="" L="" F="" K="0" N=""
УАГЗО	ВСЕ	995			0	0	filter:score<3	A="" G="" L="" F="" K="0" N=""
УАГЗО	ВСЕ	996			0	0	filter:score<3	A="" G="" L="" F="" K="0" N=""
УАГЗО	ВСЕ	997			0	0	filter:score<3	A="" G="" L="" F="" K="0" N=""
УФБП	УФБП	4	1	Оказание услуг по предоставлению кредита в форме возобновляемой кредитной линии  с лимитом	24500.2162	0	year:noYear	P=""
УФБП	УФБП	30	39	Оказание услуг почтовой связи	3	3	year:foreign	P=2025
УФБП	УФБП	31	40	Теплоснабжение	148.05151	148.05151	year:foreign	P=2025
УФБП	УФБП	32	41	Энергоснабжение	38.63733	38.63733	year:foreign	P=2025
УФБП	УФБП	34	43	Оказание услуг управляющей компании	15.3828	15.3828	year:foreign	P=2025
УФБП	УФБП	35	44	Оказание услуг связи	204.40372	204.40372	year:foreign	P=2025
УФБП	УФБП	36	45	Оказание услуг связи (межгород)	15	15	year:foreign	P=2025
УФБП	УФБП	37	46	Поставка цветов	53.332	53.332	year:foreign	P=2025
УФБП	УФБП	38	47	Заправка картриджей	40	40	year:foreign	P=2025
УФБП	УФБП	39	48	Услуги по информационному абонентскому обслуживанию  1С бухгалтерия и 1С зарплата	43.8	43.8	year:foreign	P=2025
УФБП	УФБП	50			0	0	filter:score<3	A="" G="" L="" F="" K="0" N=""
УФБП	УФБП	51			0	0	filter:score<3	A="" G="" L="" F="" K="0" N=""
УФБП	УФБП	52			0	0	filter:score<3	A="" G="" L="" F="" K="0" N=""
УФБП	УФБП	53			0	0	filter:score<3	A="" G="" L="" F="" K="0" N=""
УФБП	УФБП	54			0	0	filter:score<3	A="" G="" L="" F="" K="0" N=""
УФБП	УФБП	55			0	0	filter:score<3	A="" G="" L="" F="" K="0" N=""
УФБП	УФБП	56			0	0	filter:score<3	A="" G="" L="" F="" K="0" N=""
УФБП	УФБП	57			0	0	filter:score<3	A="" G="" L="" F="" K="0" N=""
УФБП	УФБП	58			0	0	filter:score<3	A="" G="" L="" F="" K="0" N=""
УФБП	УФБП	59			0	0	filter:score<3	A="" G="" L="" F="" K="0" N=""
УФБП	УФБП	60			0	0	filter:score<3	A="" G="" L="" F="" K="0" N=""
УФБП	УФБП	61			0	0	filter:score<3	A="" G="" L="" F="" K="0" N=""
УФБП	УФБП	62			0	0	filter:score<3	A="" G="" L="" F="" K="0" N=""
УФБП	УФБП	63			0	0	filter:score<3	A="" G="" L="" F="" K="0" N=""
УФБП	УФБП	64			0	0	filter:score<3	A="" G="" L="" F="" K="0" N=""
УФБП	УФБП	65			0	0	filter:score<3	A="" G="" L="" F="" K="0" N=""
УФБП	УФБП	66			0	0	filter:score<3	A="" G="" L="" F="" K="0" N=""
УФБП	УФБП	67			0	0	filter:score<3	A="" G="" L="" F="" K="0" N=""
УФБП	УФБП	68			0	0	filter:score<3	A="" G="" L="" F="" K="0" N=""
УФБП	УФБП	69			0	0	filter:score<3	A="" G="" L="" F="" K="0" N=""
УФБП	УФБП	70			0	0	filter:score<3	A="" G="" L="" F="" K="0" N=""
УФБП	УФБП	71			0	0	filter:score<3	A="" G="" L="" F="" K="0" N=""
УФБП	УФБП	72			0	0	filter:score<3	A="" G="" L="" F="" K="0" N=""
УФБП	УФБП	73			0	0	filter:score<3	A="" G="" L="" F="" K="0" N=""
УФБП	УФБП	74			0	0	filter:score<3	A="" G="" L="" F="" K="0" N=""
УФБП	УФБП	75			0	0	filter:score<3	A="" G="" L="" F="" K="0" N=""
УФБП	УФБП	76			0	0	filter:score<3	A="" G="" L="" F="" K="0" N=""
УФБП	УФБП	77			0	0	filter:score<3	A="" G="" L="" F="" K="0" N=""
УФБП	УФБП	78			0	0	filter:score<3	A="" G="" L="" F="" K="0" N=""
УФБП	УФБП	79			0	0	filter:score<3	A="" G="" L="" F="" K="0" N=""
УФБП	УФБП	80			0	0	filter:score<3	A="" G="" L="" F="" K="0" N=""
УФБП	УФБП	81			0	0	filter:score<3	A="" G="" L="" F="" K="0" N=""
УФБП	УФБП	82			0	0	filter:score<3	A="" G="" L="" F="" K="0" N=""
УФБП	УФБП	83			0	0	filter:score<3	A="" G="" L="" F="" K="0" N=""
УФБП	УФБП	84			0	0	filter:score<3	A="" G="" L="" F="" K="0" N=""
УФБП	УФБП	85			0	0	filter:score<3	A="" G="" L="" F="" K="0" N=""
УФБП	УФБП	86			0	0	filter:score<3	A="" G="" L="" F="" K="0" N=""
УФБП	УФБП	87			0	0	filter:score<3	A="" G="" L="" F="" K="0" N=""
УФБП	УФБП	88			0	0	filter:score<3	A="" G="" L="" F="" K="0" N=""
УФБП	УФБП	89			0	0	filter:score<3	A="" G="" L="" F="" K="0" N=""
УФБП	УФБП	90			0	0	filter:score<3	A="" G="" L="" F="" K="0" N=""
УФБП	УФБП	91			0	0	filter:score<3	A="" G="" L="" F="" K="0" N=""
УФБП	УФБП	92			0	0	filter:score<3	A="" G="" L="" F="" K="0" N=""
УФБП	УФБП	93			0	0	filter:score<3	A="" G="" L="" F="" K="0" N=""
УФБП	УФБП	94			0	0	filter:score<3	A="" G="" L="" F="" K="0" N=""
УФБП	УФБП	95			0	0	filter:score<3	A="" G="" L="" F="" K="0" N=""
УФБП	УФБП	96			0	0	filter:score<3	A="" G="" L="" F="" K="0" N=""
УФБП	УФБП	97			0	0	filter:score<3	A="" G="" L="" F="" K="0" N=""
УФБП	УФБП	98			0	0	filter:score<3	A="" G="" L="" F="" K="0" N=""
УФБП	УФБП	99			0	0	filter:score<3	A="" G="" L="" F="" K="0" N=""
УФБП	УФБП	100			0	0	filter:score<3	A="" G="" L="" F="" K="0" N=""
УФБП	УФБП	101			0	0	filter:score<3	A="" G="" L="" F="" K="0" N=""
УФБП	УФБП	102			0	0	filter:score<3	A="" G="" L="" F="" K="0" N=""
УФБП	УФБП	103			0	0	filter:score<3	A="" G="" L="" F="" K="0" N=""
УФБП	УФБП	104			0	0	filter:score<3	A="" G="" L="" F="" K="0" N=""
УФБП	УФБП	105			0	0	filter:score<3	A="" G="" L="" F="" K="0" N=""
УФБП	УФБП	106			0	0	filter:score<3	A="" G="" L="" F="" K="0" N=""
УФБП	УФБП	107			0	0	filter:score<3	A="" G="" L="" F="" K="0" N=""
УФБП	УФБП	108			0	0	filter:score<3	A="" G="" L="" F="" K="0" N=""
УФБП	УФБП	109			0	0	filter:score<3	A="" G="" L="" F="" K="0" N=""
УФБП	УФБП	110			0	0	filter:score<3	A="" G="" L="" F="" K="0" N=""
УФБП	УФБП	111			0	0	filter:score<3	A="" G="" L="" F="" K="0" N=""
УФБП	УФБП	112			0	0	filter:score<3	A="" G="" L="" F="" K="0" N=""
УФБП	УФБП	113			0	0	filter:score<3	A="" G="" L="" F="" K="0" N=""
УФБП	УФБП	114			0	0	filter:score<3	A="" G="" L="" F="" K="0" N=""
УФБП	УФБП	115			0	0	filter:score<3	A="" G="" L="" F="" K="0" N=""
УФБП	УФБП	116			0	0	filter:score<3	A="" G="" L="" F="" K="0" N=""
УФБП	УФБП	117			0	0	filter:score<3	A="" G="" L="" F="" K="0" N=""
УФБП	УФБП	118			0	0	filter:score<3	A="" G="" L="" F="" K="0" N=""
УФБП	УФБП	119			0	0	filter:score<3	A="" G="" L="" F="" K="0" N=""
УФБП	УФБП	120			0	0	filter:score<3	A="" G="" L="" F="" K="0" N=""
УФБП	УФБП	121			0	0	filter:score<3	A="" G="" L="" F="" K="0" N=""
УФБП	УФБП	122			0	0	filter:score<3	A="" G="" L="" F="" K="0" N=""
УФБП	УФБП	123			0	0	filter:score<3	A="" G="" L="" F="" K="0" N=""
УФБП	УФБП	124			0	0	filter:score<3	A="" G="" L="" F="" K="0" N=""
УФБП	УФБП	125			0	0	filter:score<3	A="" G="" L="" F="" K="0" N=""
УФБП	УФБП	126			0	0	filter:score<3	A="" G="" L="" F="" K="0" N=""
УФБП	УФБП	127			0	0	filter:score<3	A="" G="" L="" F="" K="0" N=""
УФБП	УФБП	128			0	0	filter:score<3	A="" G="" L="" F="" K="0" N=""
УФБП	УФБП	129			0	0	filter:score<3	A="" G="" L="" F="" K="0" N=""
УФБП	УФБП	130			0	0	filter:score<3	A="" G="" L="" F="" K="0" N=""
УФБП	УФБП	131			0	0	filter:score<3	A="" G="" L="" F="" K="0" N=""
УФБП	УФБП	132			0	0	filter:score<3	A="" G="" L="" F="" K="0" N=""
УФБП	УФБП	133			0	0	filter:score<3	A="" G="" L="" F="" K="0" N=""
УФБП	УФБП	134			0	0	filter:score<3	A="" G="" L="" F="" K="0" N=""
УФБП	УФБП	135			0	0	filter:score<3	A="" G="" L="" F="" K="0" N=""
УФБП	УФБП	136			0	0	filter:score<3	A="" G="" L="" F="" K="0" N=""
УФБП	УФБП	137			0	0	filter:score<3	A="" G="" L="" F="" K="0" N=""
УФБП	УФБП	138			0	0	filter:score<3	A="" G="" L="" F="" K="0" N=""
УФБП	УФБП	139			0	0	filter:score<3	A="" G="" L="" F="" K="0" N=""
УФБП	УФБП	140			0	0	filter:score<3	A="" G="" L="" F="" K="0" N=""
УФБП	УФБП	141			0	0	filter:score<3	A="" G="" L="" F="" K="0" N=""
УФБП	УФБП	142			0	0	filter:score<3	A="" G="" L="" F="" K="0" N=""
УФБП	УФБП	143			0	0	filter:score<3	A="" G="" L="" F="" K="0" N=""
УФБП	УФБП	144			0	0	filter:score<3	A="" G="" L="" F="" K="0" N=""
УФБП	УФБП	145			0	0	filter:score<3	A="" G="" L="" F="" K="0" N=""
УФБП	УФБП	146			0	0	filter:score<3	A="" G="" L="" F="" K="0" N=""
УФБП	УФБП	147			0	0	filter:score<3	A="" G="" L="" F="" K="0" N=""
УФБП	УФБП	148			0	0	filter:score<3	A="" G="" L="" F="" K="0" N=""
УФБП	УФБП	149			0	0	filter:score<3	A="" G="" L="" F="" K="0" N=""
УФБП	УФБП	150			0	0	filter:score<3	A="" G="" L="" F="" K="0" N=""
УФБП	УФБП	151			0	0	filter:score<3	A="" G="" L="" F="" K="0" N=""
УФБП	УФБП	152			0	0	filter:score<3	A="" G="" L="" F="" K="0" N=""
УФБП	УФБП	153			0	0	filter:score<3	A="" G="" L="" F="" K="0" N=""
УФБП	УФБП	154			0	0	filter:score<3	A="" G="" L="" F="" K="0" N=""
УФБП	УФБП	155			0	0	filter:score<3	A="" G="" L="" F="" K="0" N=""
УФБП	УФБП	156			0	0	filter:score<3	A="" G="" L="" F="" K="0" N=""
УФБП	УФБП	157			0	0	filter:score<3	A="" G="" L="" F="" K="0" N=""
УФБП	УФБП	158			0	0	filter:score<3	A="" G="" L="" F="" K="0" N=""
УФБП	УФБП	159			0	0	filter:score<3	A="" G="" L="" F="" K="0" N=""
УФБП	УФБП	160			0	0	filter:score<3	A="" G="" L="" F="" K="0" N=""
УФБП	УФБП	161			0	0	filter:score<3	A="" G="" L="" F="" K="0" N=""
УФБП	УФБП	162			0	0	filter:score<3	A="" G="" L="" F="" K="0" N=""
УФБП	УФБП	163			0	0	filter:score<3	A="" G="" L="" F="" K="0" N=""
УФБП	УФБП	164			0	0	filter:score<3	A="" G="" L="" F="" K="0" N=""
УФБП	УФБП	165			0	0	filter:score<3	A="" G="" L="" F="" K="0" N=""
УФБП	УФБП	166			0	0	filter:score<3	A="" G="" L="" F="" K="0" N=""
УФБП	УФБП	167			0	0	filter:score<3	A="" G="" L="" F="" K="0" N=""
УФБП	УФБП	168			0	0	filter:score<3	A="" G="" L="" F="" K="0" N=""
УФБП	УФБП	169			0	0	filter:score<3	A="" G="" L="" F="" K="0" N=""
УФБП	УФБП	170			0	0	filter:score<3	A="" G="" L="" F="" K="0" N=""
УФБП	УФБП	171			0	0	filter:score<3	A="" G="" L="" F="" K="0" N=""
УФБП	УФБП	172			0	0	filter:score<3	A="" G="" L="" F="" K="0" N=""
УФБП	УФБП	173			0	0	filter:score<3	A="" G="" L="" F="" K="0" N=""
УФБП	УФБП	174			0	0	filter:score<3	A="" G="" L="" F="" K="0" N=""
УФБП	УФБП	175			0	0	filter:score<3	A="" G="" L="" F="" K="0" N=""
УФБП	УФБП	176			0	0	filter:score<3	A="" G="" L="" F="" K="0" N=""
УФБП	УФБП	177			0	0	filter:score<3	A="" G="" L="" F="" K="0" N=""
УФБП	УФБП	178			0	0	filter:score<3	A="" G="" L="" F="" K="0" N=""
УФБП	УФБП	179			0	0	filter:score<3	A="" G="" L="" F="" K="0" N=""
УФБП	УФБП	180			0	0	filter:score<3	A="" G="" L="" F="" K="0" N=""
УФБП	УФБП	181			0	0	filter:score<3	A="" G="" L="" F="" K="0" N=""
УФБП	УФБП	182			0	0	filter:score<3	A="" G="" L="" F="" K="0" N=""
УФБП	УФБП	183			0	0	filter:score<3	A="" G="" L="" F="" K="0" N=""
УФБП	УФБП	184			0	0	filter:score<3	A="" G="" L="" F="" K="0" N=""
УФБП	УФБП	185			0	0	filter:score<3	A="" G="" L="" F="" K="0" N=""
УФБП	УФБП	186			0	0	filter:score<3	A="" G="" L="" F="" K="0" N=""
УФБП	УФБП	187			0	0	filter:score<3	A="" G="" L="" F="" K="0" N=""
УФБП	УФБП	188			0	0	filter:score<3	A="" G="" L="" F="" K="0" N=""
УФБП	УФБП	189			0	0	filter:score<3	A="" G="" L="" F="" K="0" N=""
УФБП	УФБП	190			0	0	filter:score<3	A="" G="" L="" F="" K="0" N=""
УФБП	УФБП	191			0	0	filter:score<3	A="" G="" L="" F="" K="0" N=""
УФБП	УФБП	192			0	0	filter:score<3	A="" G="" L="" F="" K="0" N=""
УФБП	УФБП	193			0	0	filter:score<3	A="" G="" L="" F="" K="0" N=""
УФБП	УФБП	194			0	0	filter:score<3	A="" G="" L="" F="" K="0" N=""
УФБП	УФБП	195			0	0	filter:score<3	A="" G="" L="" F="" K="0" N=""
УФБП	УФБП	196			0	0	filter:score<3	A="" G="" L="" F="" K="0" N=""
УФБП	УФБП	197			0	0	filter:score<3	A="" G="" L="" F="" K="0" N=""
УФБП	УФБП	198			0	0	filter:score<3	A="" G="" L="" F="" K="0" N=""
УФБП	УФБП	199			0	0	filter:score<3	A="" G="" L="" F="" K="0" N=""
УФБП	УФБП	200			0	0	filter:score<3	A="" G="" L="" F="" K="0" N=""
УФБП	УФБП	201			0	0	filter:score<3	A="" G="" L="" F="" K="0" N=""
УФБП	УФБП	202			0	0	filter:score<3	A="" G="" L="" F="" K="0" N=""
УФБП	УФБП	203			0	0	filter:score<3	A="" G="" L="" F="" K="0" N=""
УФБП	УФБП	204			0	0	filter:score<3	A="" G="" L="" F="" K="0" N=""
УФБП	УФБП	205			0	0	filter:score<3	A="" G="" L="" F="" K="0" N=""
УФБП	УФБП	206			0	0	filter:score<3	A="" G="" L="" F="" K="0" N=""
УФБП	УФБП	207			0	0	filter:score<3	A="" G="" L="" F="" K="0" N=""
УФБП	УФБП	208			0	0	filter:score<3	A="" G="" L="" F="" K="0" N=""
УФБП	УФБП	209			0	0	filter:score<3	A="" G="" L="" F="" K="0" N=""
УФБП	УФБП	210			0	0	filter:score<3	A="" G="" L="" F="" K="0" N=""
УФБП	УФБП	211			0	0	filter:score<3	A="" G="" L="" F="" K="0" N=""
УФБП	УФБП	212			0	0	filter:score<3	A="" G="" L="" F="" K="0" N=""
УФБП	УФБП	213			0	0	filter:score<3	A="" G="" L="" F="" K="0" N=""
УФБП	УФБП	214			0	0	filter:score<3	A="" G="" L="" F="" K="0" N=""
УФБП	УФБП	215			0	0	filter:score<3	A="" G="" L="" F="" K="0" N=""
УФБП	УФБП	216			0	0	filter:score<3	A="" G="" L="" F="" K="0" N=""
УФБП	УФБП	217			0	0	filter:score<3	A="" G="" L="" F="" K="0" N=""
УФБП	УФБП	218			0	0	filter:score<3	A="" G="" L="" F="" K="0" N=""
УФБП	УФБП	219			0	0	filter:score<3	A="" G="" L="" F="" K="0" N=""
УФБП	УФБП	220			0	0	filter:score<3	A="" G="" L="" F="" K="0" N=""
УФБП	УФБП	221			0	0	filter:score<3	A="" G="" L="" F="" K="0" N=""
УФБП	УФБП	222			0	0	filter:score<3	A="" G="" L="" F="" K="0" N=""
УФБП	УФБП	223			0	0	filter:score<3	A="" G="" L="" F="" K="0" N=""
УФБП	УФБП	224			0	0	filter:score<3	A="" G="" L="" F="" K="0" N=""
УФБП	УФБП	225			0	0	filter:score<3	A="" G="" L="" F="" K="0" N=""
УФБП	УФБП	226			0	0	filter:score<3	A="" G="" L="" F="" K="0" N=""
УФБП	УФБП	227			0	0	filter:score<3	A="" G="" L="" F="" K="0" N=""
УФБП	УФБП	228			0	0	filter:score<3	A="" G="" L="" F="" K="0" N=""
УФБП	УФБП	229			0	0	filter:score<3	A="" G="" L="" F="" K="0" N=""
УФБП	УФБП	230			0	0	filter:score<3	A="" G="" L="" F="" K="0" N=""
УФБП	УФБП	231			0	0	filter:score<3	A="" G="" L="" F="" K="0" N=""
УФБП	УФБП	232			0	0	filter:score<3	A="" G="" L="" F="" K="0" N=""
УФБП	УФБП	233			0	0	filter:score<3	A="" G="" L="" F="" K="0" N=""
УФБП	УФБП	234			0	0	filter:score<3	A="" G="" L="" F="" K="0" N=""
УФБП	УФБП	235			0	0	filter:score<3	A="" G="" L="" F="" K="0" N=""
УФБП	УФБП	236			0	0	filter:score<3	A="" G="" L="" F="" K="0" N=""
УФБП	УФБП	237			0	0	filter:score<3	A="" G="" L="" F="" K="0" N=""
УФБП	УФБП	238			0	0	filter:score<3	A="" G="" L="" F="" K="0" N=""
УФБП	УФБП	239			0	0	filter:score<3	A="" G="" L="" F="" K="0" N=""
УФБП	УФБП	240			0	0	filter:score<3	A="" G="" L="" F="" K="0" N=""
УФБП	УФБП	241			0	0	filter:score<3	A="" G="" L="" F="" K="0" N=""
УФБП	УФБП	242			0	0	filter:score<3	A="" G="" L="" F="" K="0" N=""
УФБП	УФБП	243			0	0	filter:score<3	A="" G="" L="" F="" K="0" N=""
УФБП	УФБП	244			0	0	filter:score<3	A="" G="" L="" F="" K="0" N=""
УФБП	УФБП	245			0	0	filter:score<3	A="" G="" L="" F="" K="0" N=""
УФБП	УФБП	246			0	0	filter:score<3	A="" G="" L="" F="" K="0" N=""
УФБП	УФБП	247			0	0	filter:score<3	A="" G="" L="" F="" K="0" N=""
УФБП	УФБП	248			0	0	filter:score<3	A="" G="" L="" F="" K="0" N=""
УФБП	УФБП	249			0	0	filter:score<3	A="" G="" L="" F="" K="0" N=""
УФБП	УФБП	250			0	0	filter:score<3	A="" G="" L="" F="" K="0" N=""
УФБП	УФБП	251			0	0	filter:score<3	A="" G="" L="" F="" K="0" N=""
УФБП	УФБП	252			0	0	filter:score<3	A="" G="" L="" F="" K="0" N=""
УФБП	УФБП	253			0	0	filter:score<3	A="" G="" L="" F="" K="0" N=""
УФБП	УФБП	254			0	0	filter:score<3	A="" G="" L="" F="" K="0" N=""
УФБП	УФБП	255			0	0	filter:score<3	A="" G="" L="" F="" K="0" N=""
УФБП	УФБП	256			0	0	filter:score<3	A="" G="" L="" F="" K="0" N=""
УФБП	УФБП	257			0	0	filter:score<3	A="" G="" L="" F="" K="0" N=""
УФБП	УФБП	258			0	0	filter:score<3	A="" G="" L="" F="" K="0" N=""
УФБП	УФБП	259			0	0	filter:score<3	A="" G="" L="" F="" K="0" N=""
УФБП	УФБП	260			0	0	filter:score<3	A="" G="" L="" F="" K="0" N=""
УФБП	УФБП	261			0	0	filter:score<3	A="" G="" L="" F="" K="0" N=""
УФБП	УФБП	262			0	0	filter:score<3	A="" G="" L="" F="" K="0" N=""
УФБП	УФБП	263			0	0	filter:score<3	A="" G="" L="" F="" K="0" N=""
УФБП	УФБП	264			0	0	filter:score<3	A="" G="" L="" F="" K="0" N=""
УФБП	УФБП	265			0	0	filter:score<3	A="" G="" L="" F="" K="0" N=""
УФБП	УФБП	266			0	0	filter:score<3	A="" G="" L="" F="" K="0" N=""
УФБП	УФБП	267			0	0	filter:score<3	A="" G="" L="" F="" K="0" N=""
УФБП	УФБП	268			0	0	filter:score<3	A="" G="" L="" F="" K="0" N=""
УФБП	УФБП	269			0	0	filter:score<3	A="" G="" L="" F="" K="0" N=""
УФБП	УФБП	270			0	0	filter:score<3	A="" G="" L="" F="" K="0" N=""
УФБП	УФБП	271			0	0	filter:score<3	A="" G="" L="" F="" K="0" N=""
УФБП	УФБП	272			0	0	filter:score<3	A="" G="" L="" F="" K="0" N=""
УФБП	УФБП	273			0	0	filter:score<3	A="" G="" L="" F="" K="0" N=""
УФБП	УФБП	274			0	0	filter:score<3	A="" G="" L="" F="" K="0" N=""
УФБП	УФБП	275			0	0	filter:score<3	A="" G="" L="" F="" K="0" N=""
УФБП	УФБП	276			0	0	filter:score<3	A="" G="" L="" F="" K="0" N=""
УФБП	УФБП	277			0	0	filter:score<3	A="" G="" L="" F="" K="0" N=""
УФБП	УФБП	278			0	0	filter:score<3	A="" G="" L="" F="" K="0" N=""
УФБП	УФБП	279			0	0	filter:score<3	A="" G="" L="" F="" K="0" N=""
УФБП	УФБП	280			0	0	filter:score<3	A="" G="" L="" F="" K="0" N=""
УФБП	УФБП	281			0	0	filter:score<3	A="" G="" L="" F="" K="0" N=""
УФБП	УФБП	282			0	0	filter:score<3	A="" G="" L="" F="" K="0" N=""
УФБП	УФБП	283			0	0	filter:score<3	A="" G="" L="" F="" K="0" N=""
УФБП	УФБП	284			0	0	filter:score<3	A="" G="" L="" F="" K="0" N=""
УФБП	УФБП	285			0	0	filter:score<3	A="" G="" L="" F="" K="0" N=""
УФБП	УФБП	286			0	0	filter:score<3	A="" G="" L="" F="" K="0" N=""
УФБП	УФБП	287			0	0	filter:score<3	A="" G="" L="" F="" K="0" N=""
УФБП	УФБП	288			0	0	filter:score<3	A="" G="" L="" F="" K="0" N=""
УФБП	УФБП	289			0	0	filter:score<3	A="" G="" L="" F="" K="0" N=""
УФБП	УФБП	290			0	0	filter:score<3	A="" G="" L="" F="" K="0" N=""
УФБП	УФБП	291			0	0	filter:score<3	A="" G="" L="" F="" K="0" N=""
УФБП	УФБП	292			0	0	filter:score<3	A="" G="" L="" F="" K="0" N=""
УФБП	УФБП	293			0	0	filter:score<3	A="" G="" L="" F="" K="0" N=""
УФБП	УФБП	294			0	0	filter:score<3	A="" G="" L="" F="" K="0" N=""
УФБП	УФБП	295			0	0	filter:score<3	A="" G="" L="" F="" K="0" N=""
УФБП	УФБП	296			0	0	filter:score<3	A="" G="" L="" F="" K="0" N=""
УФБП	УФБП	297			0	0	filter:score<3	A="" G="" L="" F="" K="0" N=""
УФБП	УФБП	298			0	0	filter:score<3	A="" G="" L="" F="" K="0" N=""
УФБП	УФБП	299			0	0	filter:score<3	A="" G="" L="" F="" K="0" N=""
УФБП	УФБП	300			0	0	filter:score<3	A="" G="" L="" F="" K="0" N=""
УФБП	УФБП	301			0	0	filter:score<3	A="" G="" L="" F="" K="0" N=""
УФБП	УФБП	302			0	0	filter:score<3	A="" G="" L="" F="" K="0" N=""
УФБП	УФБП	303			0	0	filter:score<3	A="" G="" L="" F="" K="0" N=""
УФБП	УФБП	304			0	0	filter:score<3	A="" G="" L="" F="" K="0" N=""
УФБП	УФБП	305			0	0	filter:score<3	A="" G="" L="" F="" K="0" N=""
УФБП	УФБП	306			0	0	filter:score<3	A="" G="" L="" F="" K="0" N=""
УФБП	УФБП	307			0	0	filter:score<3	A="" G="" L="" F="" K="0" N=""
УФБП	УФБП	308			0	0	filter:score<3	A="" G="" L="" F="" K="0" N=""
УФБП	УФБП	309			0	0	filter:score<3	A="" G="" L="" F="" K="0" N=""
УФБП	УФБП	310			0	0	filter:score<3	A="" G="" L="" F="" K="0" N=""
УФБП	УФБП	311			0	0	filter:score<3	A="" G="" L="" F="" K="0" N=""
УФБП	УФБП	312			0	0	filter:score<3	A="" G="" L="" F="" K="0" N=""
УФБП	УФБП	313			0	0	filter:score<3	A="" G="" L="" F="" K="0" N=""
УФБП	УФБП	314			0	0	filter:score<3	A="" G="" L="" F="" K="0" N=""
УФБП	УФБП	315			0	0	filter:score<3	A="" G="" L="" F="" K="0" N=""
УФБП	УФБП	316			0	0	filter:score<3	A="" G="" L="" F="" K="0" N=""
УФБП	УФБП	317			0	0	filter:score<3	A="" G="" L="" F="" K="0" N=""
УФБП	УФБП	318			0	0	filter:score<3	A="" G="" L="" F="" K="0" N=""
УФБП	УФБП	319			0	0	filter:score<3	A="" G="" L="" F="" K="0" N=""
УФБП	УФБП	320			0	0	filter:score<3	A="" G="" L="" F="" K="0" N=""
УФБП	УФБП	321			0	0	filter:score<3	A="" G="" L="" F="" K="0" N=""
УФБП	УФБП	322			0	0	filter:score<3	A="" G="" L="" F="" K="0" N=""
УФБП	УФБП	323			0	0	filter:score<3	A="" G="" L="" F="" K="0" N=""
УФБП	УФБП	324			0	0	filter:score<3	A="" G="" L="" F="" K="0" N=""
УФБП	УФБП	325			0	0	filter:score<3	A="" G="" L="" F="" K="0" N=""
УФБП	УФБП	326			0	0	filter:score<3	A="" G="" L="" F="" K="0" N=""
УФБП	УФБП	327			0	0	filter:score<3	A="" G="" L="" F="" K="0" N=""
УФБП	УФБП	328			0	0	filter:score<3	A="" G="" L="" F="" K="0" N=""
УФБП	УФБП	329			0	0	filter:score<3	A="" G="" L="" F="" K="0" N=""
УФБП	УФБП	330			0	0	filter:score<3	A="" G="" L="" F="" K="0" N=""
УФБП	УФБП	331			0	0	filter:score<3	A="" G="" L="" F="" K="0" N=""
УФБП	УФБП	332			0	0	filter:score<3	A="" G="" L="" F="" K="0" N=""
УФБП	УФБП	333			0	0	filter:score<3	A="" G="" L="" F="" K="0" N=""
УФБП	УФБП	334			0	0	filter:score<3	A="" G="" L="" F="" K="0" N=""
УФБП	УФБП	335			0	0	filter:score<3	A="" G="" L="" F="" K="0" N=""
УФБП	УФБП	336			0	0	filter:score<3	A="" G="" L="" F="" K="0" N=""
УФБП	УФБП	337			0	0	filter:score<3	A="" G="" L="" F="" K="0" N=""
УФБП	УФБП	338			0	0	filter:score<3	A="" G="" L="" F="" K="0" N=""
УФБП	УФБП	339			0	0	filter:score<3	A="" G="" L="" F="" K="0" N=""
УФБП	УФБП	340			0	0	filter:score<3	A="" G="" L="" F="" K="0" N=""
УФБП	УФБП	341			0	0	filter:score<3	A="" G="" L="" F="" K="0" N=""
УФБП	УФБП	342			0	0	filter:score<3	A="" G="" L="" F="" K="0" N=""
УФБП	УФБП	343			0	0	filter:score<3	A="" G="" L="" F="" K="0" N=""
УФБП	УФБП	344			0	0	filter:score<3	A="" G="" L="" F="" K="0" N=""
УФБП	УФБП	345			0	0	filter:score<3	A="" G="" L="" F="" K="0" N=""
УФБП	УФБП	346			0	0	filter:score<3	A="" G="" L="" F="" K="0" N=""
УФБП	УФБП	347			0	0	filter:score<3	A="" G="" L="" F="" K="0" N=""
УФБП	УФБП	348			0	0	filter:score<3	A="" G="" L="" F="" K="0" N=""
УФБП	УФБП	349			0	0	filter:score<3	A="" G="" L="" F="" K="0" N=""
УФБП	УФБП	350			0	0	filter:score<3	A="" G="" L="" F="" K="0" N=""
УФБП	УФБП	351			0	0	filter:score<3	A="" G="" L="" F="" K="0" N=""
УФБП	УФБП	352			0	0	filter:score<3	A="" G="" L="" F="" K="0" N=""
УФБП	УФБП	353			0	0	filter:score<3	A="" G="" L="" F="" K="0" N=""
УФБП	УФБП	354			0	0	filter:score<3	A="" G="" L="" F="" K="0" N=""
УФБП	УФБП	355			0	0	filter:score<3	A="" G="" L="" F="" K="0" N=""
УФБП	УФБП	356			0	0	filter:score<3	A="" G="" L="" F="" K="0" N=""
УФБП	УФБП	357			0	0	filter:score<3	A="" G="" L="" F="" K="0" N=""
УФБП	УФБП	358			0	0	filter:score<3	A="" G="" L="" F="" K="0" N=""
УФБП	УФБП	359			0	0	filter:score<3	A="" G="" L="" F="" K="0" N=""
УФБП	УФБП	360			0	0	filter:score<3	A="" G="" L="" F="" K="0" N=""
УФБП	УФБП	361			0	0	filter:score<3	A="" G="" L="" F="" K="0" N=""
УФБП	УФБП	362			0	0	filter:score<3	A="" G="" L="" F="" K="0" N=""
УФБП	УФБП	363			0	0	filter:score<3	A="" G="" L="" F="" K="0" N=""
УФБП	УФБП	364			0	0	filter:score<3	A="" G="" L="" F="" K="0" N=""
УФБП	УФБП	365			0	0	filter:score<3	A="" G="" L="" F="" K="0" N=""
УФБП	УФБП	366			0	0	filter:score<3	A="" G="" L="" F="" K="0" N=""
УФБП	УФБП	367			0	0	filter:score<3	A="" G="" L="" F="" K="0" N=""
УФБП	УФБП	368			0	0	filter:score<3	A="" G="" L="" F="" K="0" N=""
УФБП	УФБП	369			0	0	filter:score<3	A="" G="" L="" F="" K="0" N=""
УФБП	УФБП	370			0	0	filter:score<3	A="" G="" L="" F="" K="0" N=""
УФБП	УФБП	371			0	0	filter:score<3	A="" G="" L="" F="" K="0" N=""
УФБП	УФБП	372			0	0	filter:score<3	A="" G="" L="" F="" K="0" N=""
УФБП	УФБП	373			0	0	filter:score<3	A="" G="" L="" F="" K="0" N=""
УФБП	УФБП	374			0	0	filter:score<3	A="" G="" L="" F="" K="0" N=""
УФБП	УФБП	375			0	0	filter:score<3	A="" G="" L="" F="" K="0" N=""
УФБП	УФБП	376			0	0	filter:score<3	A="" G="" L="" F="" K="0" N=""
УФБП	УФБП	377			0	0	filter:score<3	A="" G="" L="" F="" K="0" N=""
УФБП	УФБП	378			0	0	filter:score<3	A="" G="" L="" F="" K="0" N=""
УФБП	УФБП	379			0	0	filter:score<3	A="" G="" L="" F="" K="0" N=""
УФБП	УФБП	380			0	0	filter:score<3	A="" G="" L="" F="" K="0" N=""
УФБП	УФБП	381			0	0	filter:score<3	A="" G="" L="" F="" K="0" N=""
УФБП	УФБП	382			0	0	filter:score<3	A="" G="" L="" F="" K="0" N=""
УФБП	УФБП	383			0	0	filter:score<3	A="" G="" L="" F="" K="0" N=""
УФБП	УФБП	384			0	0	filter:score<3	A="" G="" L="" F="" K="0" N=""
УФБП	УФБП	385			0	0	filter:score<3	A="" G="" L="" F="" K="0" N=""
УФБП	УФБП	386			0	0	filter:score<3	A="" G="" L="" F="" K="0" N=""
УФБП	УФБП	387			0	0	filter:score<3	A="" G="" L="" F="" K="0" N=""
УФБП	УФБП	388			0	0	filter:score<3	A="" G="" L="" F="" K="0" N=""
УФБП	УФБП	389			0	0	filter:score<3	A="" G="" L="" F="" K="0" N=""
УФБП	УФБП	390			0	0	filter:score<3	A="" G="" L="" F="" K="0" N=""
УФБП	УФБП	391			0	0	filter:score<3	A="" G="" L="" F="" K="0" N=""
УФБП	УФБП	392			0	0	filter:score<3	A="" G="" L="" F="" K="0" N=""
УФБП	УФБП	393			0	0	filter:score<3	A="" G="" L="" F="" K="0" N=""
УФБП	УФБП	394			0	0	filter:score<3	A="" G="" L="" F="" K="0" N=""
УФБП	УФБП	395			0	0	filter:score<3	A="" G="" L="" F="" K="0" N=""
УФБП	УФБП	396			0	0	filter:score<3	A="" G="" L="" F="" K="0" N=""
УФБП	УФБП	397			0	0	filter:score<3	A="" G="" L="" F="" K="0" N=""
УФБП	УФБП	398			0	0	filter:score<3	A="" G="" L="" F="" K="0" N=""
УФБП	УФБП	399			0	0	filter:score<3	A="" G="" L="" F="" K="0" N=""
УФБП	УФБП	400			0	0	filter:score<3	A="" G="" L="" F="" K="0" N=""
УФБП	УФБП	401			0	0	filter:score<3	A="" G="" L="" F="" K="0" N=""
УФБП	УФБП	402			0	0	filter:score<3	A="" G="" L="" F="" K="0" N=""
УФБП	УФБП	403			0	0	filter:score<3	A="" G="" L="" F="" K="0" N=""
УФБП	УФБП	404			0	0	filter:score<3	A="" G="" L="" F="" K="0" N=""
УФБП	УФБП	405			0	0	filter:score<3	A="" G="" L="" F="" K="0" N=""
УФБП	УФБП	406			0	0	filter:score<3	A="" G="" L="" F="" K="0" N=""
УФБП	УФБП	407			0	0	filter:score<3	A="" G="" L="" F="" K="0" N=""
УФБП	УФБП	408			0	0	filter:score<3	A="" G="" L="" F="" K="0" N=""
УФБП	УФБП	409			0	0	filter:score<3	A="" G="" L="" F="" K="0" N=""
УФБП	УФБП	410			0	0	filter:score<3	A="" G="" L="" F="" K="0" N=""
УФБП	УФБП	411			0	0	filter:score<3	A="" G="" L="" F="" K="0" N=""
УФБП	УФБП	412			0	0	filter:score<3	A="" G="" L="" F="" K="0" N=""
УФБП	УФБП	413			0	0	filter:score<3	A="" G="" L="" F="" K="0" N=""
УФБП	УФБП	414			0	0	filter:score<3	A="" G="" L="" F="" K="0" N=""
УФБП	УФБП	415			0	0	filter:score<3	A="" G="" L="" F="" K="0" N=""
УФБП	УФБП	416			0	0	filter:score<3	A="" G="" L="" F="" K="0" N=""
УФБП	УФБП	417			0	0	filter:score<3	A="" G="" L="" F="" K="0" N=""
УФБП	УФБП	418			0	0	filter:score<3	A="" G="" L="" F="" K="0" N=""
УФБП	УФБП	419			0	0	filter:score<3	A="" G="" L="" F="" K="0" N=""
УФБП	УФБП	420			0	0	filter:score<3	A="" G="" L="" F="" K="0" N=""
УФБП	УФБП	421			0	0	filter:score<3	A="" G="" L="" F="" K="0" N=""
УФБП	УФБП	422			0	0	filter:score<3	A="" G="" L="" F="" K="0" N=""
УФБП	УФБП	423			0	0	filter:score<3	A="" G="" L="" F="" K="0" N=""
УФБП	УФБП	424			0	0	filter:score<3	A="" G="" L="" F="" K="0" N=""
УФБП	УФБП	425			0	0	filter:score<3	A="" G="" L="" F="" K="0" N=""
УФБП	УФБП	426			0	0	filter:score<3	A="" G="" L="" F="" K="0" N=""
УФБП	УФБП	427			0	0	filter:score<3	A="" G="" L="" F="" K="0" N=""
УФБП	УФБП	428			0	0	filter:score<3	A="" G="" L="" F="" K="0" N=""
УФБП	УФБП	429			0	0	filter:score<3	A="" G="" L="" F="" K="0" N=""
УФБП	УФБП	430			0	0	filter:score<3	A="" G="" L="" F="" K="0" N=""
УФБП	УФБП	431			0	0	filter:score<3	A="" G="" L="" F="" K="0" N=""
УФБП	УФБП	432			0	0	filter:score<3	A="" G="" L="" F="" K="0" N=""
УФБП	УФБП	433			0	0	filter:score<3	A="" G="" L="" F="" K="0" N=""
УФБП	УФБП	434			0	0	filter:score<3	A="" G="" L="" F="" K="0" N=""
УФБП	УФБП	435			0	0	filter:score<3	A="" G="" L="" F="" K="0" N=""
УФБП	УФБП	436			0	0	filter:score<3	A="" G="" L="" F="" K="0" N=""
УФБП	УФБП	437			0	0	filter:score<3	A="" G="" L="" F="" K="0" N=""
УФБП	УФБП	438			0	0	filter:score<3	A="" G="" L="" F="" K="0" N=""
УФБП	УФБП	439			0	0	filter:score<3	A="" G="" L="" F="" K="0" N=""
УФБП	УФБП	440			0	0	filter:score<3	A="" G="" L="" F="" K="0" N=""
УФБП	УФБП	441			0	0	filter:score<3	A="" G="" L="" F="" K="0" N=""
УФБП	УФБП	442			0	0	filter:score<3	A="" G="" L="" F="" K="0" N=""
УФБП	УФБП	443			0	0	filter:score<3	A="" G="" L="" F="" K="0" N=""
УФБП	УФБП	444			0	0	filter:score<3	A="" G="" L="" F="" K="0" N=""
УФБП	УФБП	445			0	0	filter:score<3	A="" G="" L="" F="" K="0" N=""
УФБП	УФБП	446			0	0	filter:score<3	A="" G="" L="" F="" K="0" N=""
УФБП	УФБП	447			0	0	filter:score<3	A="" G="" L="" F="" K="0" N=""
УФБП	УФБП	448			0	0	filter:score<3	A="" G="" L="" F="" K="0" N=""
УФБП	УФБП	449			0	0	filter:score<3	A="" G="" L="" F="" K="0" N=""
УФБП	УФБП	450			0	0	filter:score<3	A="" G="" L="" F="" K="0" N=""
УФБП	УФБП	451			0	0	filter:score<3	A="" G="" L="" F="" K="0" N=""
УФБП	УФБП	452			0	0	filter:score<3	A="" G="" L="" F="" K="0" N=""
УФБП	УФБП	453			0	0	filter:score<3	A="" G="" L="" F="" K="0" N=""
УФБП	УФБП	454			0	0	filter:score<3	A="" G="" L="" F="" K="0" N=""
УФБП	УФБП	455			0	0	filter:score<3	A="" G="" L="" F="" K="0" N=""
УФБП	УФБП	456			0	0	filter:score<3	A="" G="" L="" F="" K="0" N=""
УФБП	УФБП	457			0	0	filter:score<3	A="" G="" L="" F="" K="0" N=""
УФБП	УФБП	458			0	0	filter:score<3	A="" G="" L="" F="" K="0" N=""
УФБП	УФБП	459			0	0	filter:score<3	A="" G="" L="" F="" K="0" N=""
УФБП	УФБП	460			0	0	filter:score<3	A="" G="" L="" F="" K="0" N=""
УФБП	УФБП	461			0	0	filter:score<3	A="" G="" L="" F="" K="0" N=""
УФБП	УФБП	462			0	0	filter:score<3	A="" G="" L="" F="" K="0" N=""
УФБП	УФБП	463			0	0	filter:score<3	A="" G="" L="" F="" K="0" N=""
УФБП	УФБП	464			0	0	filter:score<3	A="" G="" L="" F="" K="0" N=""
УФБП	УФБП	465			0	0	filter:score<3	A="" G="" L="" F="" K="0" N=""
УФБП	УФБП	466			0	0	filter:score<3	A="" G="" L="" F="" K="0" N=""
УФБП	УФБП	467			0	0	filter:score<3	A="" G="" L="" F="" K="0" N=""
УФБП	УФБП	468			0	0	filter:score<3	A="" G="" L="" F="" K="0" N=""
УФБП	УФБП	469			0	0	filter:score<3	A="" G="" L="" F="" K="0" N=""
УФБП	УФБП	470			0	0	filter:score<3	A="" G="" L="" F="" K="0" N=""
УФБП	УФБП	471			0	0	filter:score<3	A="" G="" L="" F="" K="0" N=""
УФБП	УФБП	472			0	0	filter:score<3	A="" G="" L="" F="" K="0" N=""
УФБП	УФБП	473			0	0	filter:score<3	A="" G="" L="" F="" K="0" N=""
УФБП	УФБП	474			0	0	filter:score<3	A="" G="" L="" F="" K="0" N=""
УФБП	УФБП	475			0	0	filter:score<3	A="" G="" L="" F="" K="0" N=""
УФБП	УФБП	476			0	0	filter:score<3	A="" G="" L="" F="" K="0" N=""
УФБП	УФБП	477			0	0	filter:score<3	A="" G="" L="" F="" K="0" N=""
УФБП	УФБП	478			0	0	filter:score<3	A="" G="" L="" F="" K="0" N=""
УФБП	УФБП	479			0	0	filter:score<3	A="" G="" L="" F="" K="0" N=""
УФБП	УФБП	480			0	0	filter:score<3	A="" G="" L="" F="" K="0" N=""
УФБП	УФБП	481			0	0	filter:score<3	A="" G="" L="" F="" K="0" N=""
УФБП	УФБП	482			0	0	filter:score<3	A="" G="" L="" F="" K="0" N=""
УФБП	УФБП	483			0	0	filter:score<3	A="" G="" L="" F="" K="0" N=""
УФБП	УФБП	484			0	0	filter:score<3	A="" G="" L="" F="" K="0" N=""
УФБП	УФБП	485			0	0	filter:score<3	A="" G="" L="" F="" K="0" N=""
УФБП	УФБП	486			0	0	filter:score<3	A="" G="" L="" F="" K="0" N=""
УФБП	УФБП	487			0	0	filter:score<3	A="" G="" L="" F="" K="0" N=""
УФБП	УФБП	488			0	0	filter:score<3	A="" G="" L="" F="" K="0" N=""
УФБП	УФБП	489			0	0	filter:score<3	A="" G="" L="" F="" K="0" N=""
УФБП	УФБП	490			0	0	filter:score<3	A="" G="" L="" F="" K="0" N=""
УФБП	УФБП	491			0	0	filter:score<3	A="" G="" L="" F="" K="0" N=""
УФБП	УФБП	492			0	0	filter:score<3	A="" G="" L="" F="" K="0" N=""
УФБП	УФБП	493			0	0	filter:score<3	A="" G="" L="" F="" K="0" N=""
УФБП	УФБП	494			0	0	filter:score<3	A="" G="" L="" F="" K="0" N=""
УФБП	УФБП	495			0	0	filter:score<3	A="" G="" L="" F="" K="0" N=""
УФБП	УФБП	496			0	0	filter:score<3	A="" G="" L="" F="" K="0" N=""
УФБП	УФБП	497			0	0	filter:score<3	A="" G="" L="" F="" K="0" N=""
УФБП	УФБП	498			0	0	filter:score<3	A="" G="" L="" F="" K="0" N=""
УФБП	УФБП	499			0	0	filter:score<3	A="" G="" L="" F="" K="0" N=""
УФБП	УФБП	500			0	0	filter:score<3	A="" G="" L="" F="" K="0" N=""
УФБП	УФБП	501			0	0	filter:score<3	A="" G="" L="" F="" K="0" N=""
УФБП	УФБП	502			0	0	filter:score<3	A="" G="" L="" F="" K="0" N=""
УФБП	УФБП	503			0	0	filter:score<3	A="" G="" L="" F="" K="0" N=""
УФБП	УФБП	504			0	0	filter:score<3	A="" G="" L="" F="" K="0" N=""
УФБП	УФБП	505			0	0	filter:score<3	A="" G="" L="" F="" K="0" N=""
УФБП	УФБП	506			0	0	filter:score<3	A="" G="" L="" F="" K="0" N=""
УФБП	УФБП	507			0	0	filter:score<3	A="" G="" L="" F="" K="0" N=""
УФБП	УФБП	508			0	0	filter:score<3	A="" G="" L="" F="" K="0" N=""
УФБП	УФБП	509			0	0	filter:score<3	A="" G="" L="" F="" K="0" N=""
УФБП	УФБП	510			0	0	filter:score<3	A="" G="" L="" F="" K="0" N=""
УФБП	УФБП	511			0	0	filter:score<3	A="" G="" L="" F="" K="0" N=""
УФБП	УФБП	512			0	0	filter:score<3	A="" G="" L="" F="" K="0" N=""
УФБП	УФБП	513			0	0	filter:score<3	A="" G="" L="" F="" K="0" N=""
УФБП	УФБП	514			0	0	filter:score<3	A="" G="" L="" F="" K="0" N=""
УФБП	УФБП	515			0	0	filter:score<3	A="" G="" L="" F="" K="0" N=""
УФБП	УФБП	516			0	0	filter:score<3	A="" G="" L="" F="" K="0" N=""
УФБП	УФБП	517			0	0	filter:score<3	A="" G="" L="" F="" K="0" N=""
УФБП	УФБП	518			0	0	filter:score<3	A="" G="" L="" F="" K="0" N=""
УФБП	УФБП	519			0	0	filter:score<3	A="" G="" L="" F="" K="0" N=""
УФБП	УФБП	520			0	0	filter:score<3	A="" G="" L="" F="" K="0" N=""
УФБП	УФБП	521			0	0	filter:score<3	A="" G="" L="" F="" K="0" N=""
УФБП	УФБП	522			0	0	filter:score<3	A="" G="" L="" F="" K="0" N=""
УФБП	УФБП	523			0	0	filter:score<3	A="" G="" L="" F="" K="0" N=""
УФБП	УФБП	524			0	0	filter:score<3	A="" G="" L="" F="" K="0" N=""
УФБП	УФБП	525			0	0	filter:score<3	A="" G="" L="" F="" K="0" N=""
УФБП	УФБП	526			0	0	filter:score<3	A="" G="" L="" F="" K="0" N=""
УФБП	УФБП	527			0	0	filter:score<3	A="" G="" L="" F="" K="0" N=""
УФБП	УФБП	528			0	0	filter:score<3	A="" G="" L="" F="" K="0" N=""
УФБП	УФБП	529			0	0	filter:score<3	A="" G="" L="" F="" K="0" N=""
УФБП	УФБП	530			0	0	filter:score<3	A="" G="" L="" F="" K="0" N=""
УФБП	УФБП	531			0	0	filter:score<3	A="" G="" L="" F="" K="0" N=""
УФБП	УФБП	532			0	0	filter:score<3	A="" G="" L="" F="" K="0" N=""
УФБП	УФБП	533			0	0	filter:score<3	A="" G="" L="" F="" K="0" N=""
УФБП	УФБП	534			0	0	filter:score<3	A="" G="" L="" F="" K="0" N=""
УФБП	УФБП	535			0	0	filter:score<3	A="" G="" L="" F="" K="0" N=""
УФБП	УФБП	536			0	0	filter:score<3	A="" G="" L="" F="" K="0" N=""
УФБП	УФБП	537			0	0	filter:score<3	A="" G="" L="" F="" K="0" N=""
УФБП	УФБП	538			0	0	filter:score<3	A="" G="" L="" F="" K="0" N=""
УФБП	УФБП	539			0	0	filter:score<3	A="" G="" L="" F="" K="0" N=""
УФБП	УФБП	540			0	0	filter:score<3	A="" G="" L="" F="" K="0" N=""
УФБП	УФБП	541			0	0	filter:score<3	A="" G="" L="" F="" K="0" N=""
УФБП	УФБП	542			0	0	filter:score<3	A="" G="" L="" F="" K="0" N=""
УФБП	УФБП	543			0	0	filter:score<3	A="" G="" L="" F="" K="0" N=""
УФБП	УФБП	544			0	0	filter:score<3	A="" G="" L="" F="" K="0" N=""
УФБП	УФБП	545			0	0	filter:score<3	A="" G="" L="" F="" K="0" N=""
УФБП	УФБП	546			0	0	filter:score<3	A="" G="" L="" F="" K="0" N=""
УФБП	УФБП	547			0	0	filter:score<3	A="" G="" L="" F="" K="0" N=""
УФБП	УФБП	548			0	0	filter:score<3	A="" G="" L="" F="" K="0" N=""
УФБП	УФБП	549			0	0	filter:score<3	A="" G="" L="" F="" K="0" N=""
УФБП	УФБП	550			0	0	filter:score<3	A="" G="" L="" F="" K="0" N=""
УФБП	УФБП	551			0	0	filter:score<3	A="" G="" L="" F="" K="0" N=""
УФБП	УФБП	552			0	0	filter:score<3	A="" G="" L="" F="" K="0" N=""
УФБП	УФБП	553			0	0	filter:score<3	A="" G="" L="" F="" K="0" N=""
УФБП	УФБП	554			0	0	filter:score<3	A="" G="" L="" F="" K="0" N=""
УФБП	УФБП	555			0	0	filter:score<3	A="" G="" L="" F="" K="0" N=""
УФБП	УФБП	556			0	0	filter:score<3	A="" G="" L="" F="" K="0" N=""
УФБП	УФБП	557			0	0	filter:score<3	A="" G="" L="" F="" K="0" N=""
УФБП	УФБП	558			0	0	filter:score<3	A="" G="" L="" F="" K="0" N=""
УФБП	УФБП	559			0	0	filter:score<3	A="" G="" L="" F="" K="0" N=""
УФБП	УФБП	560			0	0	filter:score<3	A="" G="" L="" F="" K="0" N=""
УФБП	УФБП	561			0	0	filter:score<3	A="" G="" L="" F="" K="0" N=""
УФБП	УФБП	562			0	0	filter:score<3	A="" G="" L="" F="" K="0" N=""
УФБП	УФБП	563			0	0	filter:score<3	A="" G="" L="" F="" K="0" N=""
УФБП	УФБП	564			0	0	filter:score<3	A="" G="" L="" F="" K="0" N=""
УФБП	УФБП	565			0	0	filter:score<3	A="" G="" L="" F="" K="0" N=""
УФБП	УФБП	566			0	0	filter:score<3	A="" G="" L="" F="" K="0" N=""
УФБП	УФБП	567			0	0	filter:score<3	A="" G="" L="" F="" K="0" N=""
УФБП	УФБП	568			0	0	filter:score<3	A="" G="" L="" F="" K="0" N=""
УФБП	УФБП	569			0	0	filter:score<3	A="" G="" L="" F="" K="0" N=""
УФБП	УФБП	570			0	0	filter:score<3	A="" G="" L="" F="" K="0" N=""
УФБП	УФБП	571			0	0	filter:score<3	A="" G="" L="" F="" K="0" N=""
УФБП	УФБП	572			0	0	filter:score<3	A="" G="" L="" F="" K="0" N=""
УФБП	УФБП	573			0	0	filter:score<3	A="" G="" L="" F="" K="0" N=""
УФБП	УФБП	574			0	0	filter:score<3	A="" G="" L="" F="" K="0" N=""
УФБП	УФБП	575			0	0	filter:score<3	A="" G="" L="" F="" K="0" N=""
УФБП	УФБП	576			0	0	filter:score<3	A="" G="" L="" F="" K="0" N=""
УФБП	УФБП	577			0	0	filter:score<3	A="" G="" L="" F="" K="0" N=""
УФБП	УФБП	578			0	0	filter:score<3	A="" G="" L="" F="" K="0" N=""
УФБП	УФБП	579			0	0	filter:score<3	A="" G="" L="" F="" K="0" N=""
УФБП	УФБП	580			0	0	filter:score<3	A="" G="" L="" F="" K="0" N=""
УФБП	УФБП	581			0	0	filter:score<3	A="" G="" L="" F="" K="0" N=""
УФБП	УФБП	582			0	0	filter:score<3	A="" G="" L="" F="" K="0" N=""
УФБП	УФБП	583			0	0	filter:score<3	A="" G="" L="" F="" K="0" N=""
УФБП	УФБП	584			0	0	filter:score<3	A="" G="" L="" F="" K="0" N=""
УФБП	УФБП	585			0	0	filter:score<3	A="" G="" L="" F="" K="0" N=""
УФБП	УФБП	586			0	0	filter:score<3	A="" G="" L="" F="" K="0" N=""
УФБП	УФБП	587			0	0	filter:score<3	A="" G="" L="" F="" K="0" N=""
УФБП	УФБП	588			0	0	filter:score<3	A="" G="" L="" F="" K="0" N=""
УФБП	УФБП	589			0	0	filter:score<3	A="" G="" L="" F="" K="0" N=""
УФБП	УФБП	590			0	0	filter:score<3	A="" G="" L="" F="" K="0" N=""
УФБП	УФБП	591			0	0	filter:score<3	A="" G="" L="" F="" K="0" N=""
УФБП	УФБП	592			0	0	filter:score<3	A="" G="" L="" F="" K="0" N=""
УФБП	УФБП	593			0	0	filter:score<3	A="" G="" L="" F="" K="0" N=""
УФБП	УФБП	594			0	0	filter:score<3	A="" G="" L="" F="" K="0" N=""
УФБП	УФБП	595			0	0	filter:score<3	A="" G="" L="" F="" K="0" N=""
УФБП	УФБП	596			0	0	filter:score<3	A="" G="" L="" F="" K="0" N=""
УФБП	УФБП	597			0	0	filter:score<3	A="" G="" L="" F="" K="0" N=""
УФБП	УФБП	598			0	0	filter:score<3	A="" G="" L="" F="" K="0" N=""
УФБП	УФБП	599			0	0	filter:score<3	A="" G="" L="" F="" K="0" N=""
УФБП	УФБП	600			0	0	filter:score<3	A="" G="" L="" F="" K="0" N=""
УФБП	УФБП	601			0	0	filter:score<3	A="" G="" L="" F="" K="0" N=""
УФБП	УФБП	602			0	0	filter:score<3	A="" G="" L="" F="" K="0" N=""
УФБП	УФБП	603			0	0	filter:score<3	A="" G="" L="" F="" K="0" N=""
УФБП	УФБП	604			0	0	filter:score<3	A="" G="" L="" F="" K="0" N=""
УФБП	УФБП	605			0	0	filter:score<3	A="" G="" L="" F="" K="0" N=""
УФБП	УФБП	606			0	0	filter:score<3	A="" G="" L="" F="" K="0" N=""
УФБП	УФБП	607			0	0	filter:score<3	A="" G="" L="" F="" K="0" N=""
УФБП	УФБП	608			0	0	filter:score<3	A="" G="" L="" F="" K="0" N=""
УФБП	УФБП	609			0	0	filter:score<3	A="" G="" L="" F="" K="0" N=""
УФБП	УФБП	610			0	0	filter:score<3	A="" G="" L="" F="" K="0" N=""
УФБП	УФБП	611			0	0	filter:score<3	A="" G="" L="" F="" K="0" N=""
УФБП	УФБП	612			0	0	filter:score<3	A="" G="" L="" F="" K="0" N=""
УФБП	УФБП	613			0	0	filter:score<3	A="" G="" L="" F="" K="0" N=""
УФБП	УФБП	614			0	0	filter:score<3	A="" G="" L="" F="" K="0" N=""
УФБП	УФБП	615			0	0	filter:score<3	A="" G="" L="" F="" K="0" N=""
УФБП	УФБП	616			0	0	filter:score<3	A="" G="" L="" F="" K="0" N=""
УФБП	УФБП	617			0	0	filter:score<3	A="" G="" L="" F="" K="0" N=""
УФБП	УФБП	618			0	0	filter:score<3	A="" G="" L="" F="" K="0" N=""
УФБП	УФБП	619			0	0	filter:score<3	A="" G="" L="" F="" K="0" N=""
УФБП	УФБП	620			0	0	filter:score<3	A="" G="" L="" F="" K="0" N=""
УФБП	УФБП	621			0	0	filter:score<3	A="" G="" L="" F="" K="0" N=""
УФБП	УФБП	622			0	0	filter:score<3	A="" G="" L="" F="" K="0" N=""
УФБП	УФБП	623			0	0	filter:score<3	A="" G="" L="" F="" K="0" N=""
УФБП	УФБП	624			0	0	filter:score<3	A="" G="" L="" F="" K="0" N=""
УФБП	УФБП	625			0	0	filter:score<3	A="" G="" L="" F="" K="0" N=""
УФБП	УФБП	626			0	0	filter:score<3	A="" G="" L="" F="" K="0" N=""
УФБП	УФБП	627			0	0	filter:score<3	A="" G="" L="" F="" K="0" N=""
УФБП	УФБП	628			0	0	filter:score<3	A="" G="" L="" F="" K="0" N=""
УФБП	УФБП	629			0	0	filter:score<3	A="" G="" L="" F="" K="0" N=""
УФБП	УФБП	630			0	0	filter:score<3	A="" G="" L="" F="" K="0" N=""
УФБП	УФБП	631			0	0	filter:score<3	A="" G="" L="" F="" K="0" N=""
УФБП	УФБП	632			0	0	filter:score<3	A="" G="" L="" F="" K="0" N=""
УФБП	УФБП	633			0	0	filter:score<3	A="" G="" L="" F="" K="0" N=""
УФБП	УФБП	634			0	0	filter:score<3	A="" G="" L="" F="" K="0" N=""
УФБП	УФБП	635			0	0	filter:score<3	A="" G="" L="" F="" K="0" N=""
УФБП	УФБП	636			0	0	filter:score<3	A="" G="" L="" F="" K="0" N=""
УФБП	УФБП	637			0	0	filter:score<3	A="" G="" L="" F="" K="0" N=""
УФБП	УФБП	638			0	0	filter:score<3	A="" G="" L="" F="" K="0" N=""
УФБП	УФБП	639			0	0	filter:score<3	A="" G="" L="" F="" K="0" N=""
УФБП	УФБП	640			0	0	filter:score<3	A="" G="" L="" F="" K="0" N=""
УФБП	УФБП	641			0	0	filter:score<3	A="" G="" L="" F="" K="0" N=""
УФБП	УФБП	642			0	0	filter:score<3	A="" G="" L="" F="" K="0" N=""
УФБП	УФБП	643			0	0	filter:score<3	A="" G="" L="" F="" K="0" N=""
УФБП	УФБП	644			0	0	filter:score<3	A="" G="" L="" F="" K="0" N=""
УФБП	УФБП	645			0	0	filter:score<3	A="" G="" L="" F="" K="0" N=""
УФБП	УФБП	646			0	0	filter:score<3	A="" G="" L="" F="" K="0" N=""
УФБП	УФБП	647			0	0	filter:score<3	A="" G="" L="" F="" K="0" N=""
УФБП	УФБП	648			0	0	filter:score<3	A="" G="" L="" F="" K="0" N=""
УФБП	УФБП	649			0	0	filter:score<3	A="" G="" L="" F="" K="0" N=""
УФБП	УФБП	650			0	0	filter:score<3	A="" G="" L="" F="" K="0" N=""
УФБП	УФБП	651			0	0	filter:score<3	A="" G="" L="" F="" K="0" N=""
УФБП	УФБП	652			0	0	filter:score<3	A="" G="" L="" F="" K="0" N=""
УФБП	УФБП	653			0	0	filter:score<3	A="" G="" L="" F="" K="0" N=""
УФБП	УФБП	654			0	0	filter:score<3	A="" G="" L="" F="" K="0" N=""
УФБП	УФБП	655			0	0	filter:score<3	A="" G="" L="" F="" K="0" N=""
УФБП	УФБП	656			0	0	filter:score<3	A="" G="" L="" F="" K="0" N=""
УФБП	УФБП	657			0	0	filter:score<3	A="" G="" L="" F="" K="0" N=""
УФБП	УФБП	658			0	0	filter:score<3	A="" G="" L="" F="" K="0" N=""
УФБП	УФБП	659			0	0	filter:score<3	A="" G="" L="" F="" K="0" N=""
УФБП	УФБП	660			0	0	filter:score<3	A="" G="" L="" F="" K="0" N=""
УФБП	УФБП	661			0	0	filter:score<3	A="" G="" L="" F="" K="0" N=""
УФБП	УФБП	662			0	0	filter:score<3	A="" G="" L="" F="" K="0" N=""
УФБП	УФБП	663			0	0	filter:score<3	A="" G="" L="" F="" K="0" N=""
УФБП	УФБП	664			0	0	filter:score<3	A="" G="" L="" F="" K="0" N=""
УФБП	УФБП	665			0	0	filter:score<3	A="" G="" L="" F="" K="0" N=""
УФБП	УФБП	666			0	0	filter:score<3	A="" G="" L="" F="" K="0" N=""
УФБП	УФБП	667			0	0	filter:score<3	A="" G="" L="" F="" K="0" N=""
УФБП	УФБП	668			0	0	filter:score<3	A="" G="" L="" F="" K="0" N=""
УФБП	УФБП	669			0	0	filter:score<3	A="" G="" L="" F="" K="0" N=""
УФБП	УФБП	670			0	0	filter:score<3	A="" G="" L="" F="" K="0" N=""
УФБП	УФБП	671			0	0	filter:score<3	A="" G="" L="" F="" K="0" N=""
УФБП	УФБП	672			0	0	filter:score<3	A="" G="" L="" F="" K="0" N=""
УФБП	УФБП	673			0	0	filter:score<3	A="" G="" L="" F="" K="0" N=""
УФБП	УФБП	674			0	0	filter:score<3	A="" G="" L="" F="" K="0" N=""
УФБП	УФБП	675			0	0	filter:score<3	A="" G="" L="" F="" K="0" N=""
УФБП	УФБП	676			0	0	filter:score<3	A="" G="" L="" F="" K="0" N=""
УФБП	УФБП	677			0	0	filter:score<3	A="" G="" L="" F="" K="0" N=""
УФБП	УФБП	678			0	0	filter:score<3	A="" G="" L="" F="" K="0" N=""
УФБП	УФБП	679			0	0	filter:score<3	A="" G="" L="" F="" K="0" N=""
УФБП	УФБП	680			0	0	filter:score<3	A="" G="" L="" F="" K="0" N=""
УФБП	УФБП	681			0	0	filter:score<3	A="" G="" L="" F="" K="0" N=""
УФБП	УФБП	682			0	0	filter:score<3	A="" G="" L="" F="" K="0" N=""
УФБП	УФБП	683			0	0	filter:score<3	A="" G="" L="" F="" K="0" N=""
УФБП	УФБП	684			0	0	filter:score<3	A="" G="" L="" F="" K="0" N=""
УФБП	УФБП	685			0	0	filter:score<3	A="" G="" L="" F="" K="0" N=""
УФБП	УФБП	686			0	0	filter:score<3	A="" G="" L="" F="" K="0" N=""
УФБП	УФБП	687			0	0	filter:score<3	A="" G="" L="" F="" K="0" N=""
УФБП	УФБП	688			0	0	filter:score<3	A="" G="" L="" F="" K="0" N=""
УФБП	УФБП	689			0	0	filter:score<3	A="" G="" L="" F="" K="0" N=""
УФБП	УФБП	690			0	0	filter:score<3	A="" G="" L="" F="" K="0" N=""
УФБП	УФБП	691			0	0	filter:score<3	A="" G="" L="" F="" K="0" N=""
УФБП	УФБП	692			0	0	filter:score<3	A="" G="" L="" F="" K="0" N=""
УФБП	УФБП	693			0	0	filter:score<3	A="" G="" L="" F="" K="0" N=""
УФБП	УФБП	694			0	0	filter:score<3	A="" G="" L="" F="" K="0" N=""
УФБП	УФБП	695			0	0	filter:score<3	A="" G="" L="" F="" K="0" N=""
УФБП	УФБП	696			0	0	filter:score<3	A="" G="" L="" F="" K="0" N=""
УФБП	УФБП	697			0	0	filter:score<3	A="" G="" L="" F="" K="0" N=""
УФБП	УФБП	698			0	0	filter:score<3	A="" G="" L="" F="" K="0" N=""
УФБП	УФБП	699			0	0	filter:score<3	A="" G="" L="" F="" K="0" N=""
УФБП	УФБП	700			0	0	filter:score<3	A="" G="" L="" F="" K="0" N=""
УФБП	УФБП	701			0	0	filter:score<3	A="" G="" L="" F="" K="0" N=""
УФБП	УФБП	702			0	0	filter:score<3	A="" G="" L="" F="" K="0" N=""
УФБП	УФБП	703			0	0	filter:score<3	A="" G="" L="" F="" K="0" N=""
УФБП	УФБП	704			0	0	filter:score<3	A="" G="" L="" F="" K="0" N=""
УФБП	УФБП	705			0	0	filter:score<3	A="" G="" L="" F="" K="0" N=""
УФБП	УФБП	706			0	0	filter:score<3	A="" G="" L="" F="" K="0" N=""
УФБП	УФБП	707			0	0	filter:score<3	A="" G="" L="" F="" K="0" N=""
УФБП	УФБП	708			0	0	filter:score<3	A="" G="" L="" F="" K="0" N=""
УФБП	УФБП	709			0	0	filter:score<3	A="" G="" L="" F="" K="0" N=""
УФБП	УФБП	710			0	0	filter:score<3	A="" G="" L="" F="" K="0" N=""
УФБП	УФБП	711			0	0	filter:score<3	A="" G="" L="" F="" K="0" N=""
УФБП	УФБП	712			0	0	filter:score<3	A="" G="" L="" F="" K="0" N=""
УФБП	УФБП	713			0	0	filter:score<3	A="" G="" L="" F="" K="0" N=""
УФБП	УФБП	714			0	0	filter:score<3	A="" G="" L="" F="" K="0" N=""
УФБП	УФБП	715			0	0	filter:score<3	A="" G="" L="" F="" K="0" N=""
УФБП	УФБП	716			0	0	filter:score<3	A="" G="" L="" F="" K="0" N=""
УФБП	УФБП	717			0	0	filter:score<3	A="" G="" L="" F="" K="0" N=""
УФБП	УФБП	718			0	0	filter:score<3	A="" G="" L="" F="" K="0" N=""
УФБП	УФБП	719			0	0	filter:score<3	A="" G="" L="" F="" K="0" N=""
УФБП	УФБП	720			0	0	filter:score<3	A="" G="" L="" F="" K="0" N=""
УФБП	УФБП	721			0	0	filter:score<3	A="" G="" L="" F="" K="0" N=""
УФБП	УФБП	722			0	0	filter:score<3	A="" G="" L="" F="" K="0" N=""
УФБП	УФБП	723			0	0	filter:score<3	A="" G="" L="" F="" K="0" N=""
УФБП	УФБП	724			0	0	filter:score<3	A="" G="" L="" F="" K="0" N=""
УФБП	УФБП	725			0	0	filter:score<3	A="" G="" L="" F="" K="0" N=""
УФБП	УФБП	726			0	0	filter:score<3	A="" G="" L="" F="" K="0" N=""
УФБП	УФБП	727			0	0	filter:score<3	A="" G="" L="" F="" K="0" N=""
УФБП	УФБП	728			0	0	filter:score<3	A="" G="" L="" F="" K="0" N=""
УФБП	УФБП	729			0	0	filter:score<3	A="" G="" L="" F="" K="0" N=""
УФБП	УФБП	730			0	0	filter:score<3	A="" G="" L="" F="" K="0" N=""
УФБП	УФБП	731			0	0	filter:score<3	A="" G="" L="" F="" K="0" N=""
УФБП	УФБП	732			0	0	filter:score<3	A="" G="" L="" F="" K="0" N=""
УФБП	УФБП	733			0	0	filter:score<3	A="" G="" L="" F="" K="0" N=""
УФБП	УФБП	734			0	0	filter:score<3	A="" G="" L="" F="" K="0" N=""
УФБП	УФБП	735			0	0	filter:score<3	A="" G="" L="" F="" K="0" N=""
УФБП	УФБП	736			0	0	filter:score<3	A="" G="" L="" F="" K="0" N=""
УФБП	УФБП	737			0	0	filter:score<3	A="" G="" L="" F="" K="0" N=""
УФБП	УФБП	738			0	0	filter:score<3	A="" G="" L="" F="" K="0" N=""
УФБП	УФБП	739			0	0	filter:score<3	A="" G="" L="" F="" K="0" N=""
УФБП	УФБП	740			0	0	filter:score<3	A="" G="" L="" F="" K="0" N=""
УФБП	УФБП	741			0	0	filter:score<3	A="" G="" L="" F="" K="0" N=""
УФБП	УФБП	742			0	0	filter:score<3	A="" G="" L="" F="" K="0" N=""
УФБП	УФБП	743			0	0	filter:score<3	A="" G="" L="" F="" K="0" N=""
УФБП	УФБП	744			0	0	filter:score<3	A="" G="" L="" F="" K="0" N=""
УФБП	УФБП	745			0	0	filter:score<3	A="" G="" L="" F="" K="0" N=""
УФБП	УФБП	746			0	0	filter:score<3	A="" G="" L="" F="" K="0" N=""
УФБП	УФБП	747			0	0	filter:score<3	A="" G="" L="" F="" K="0" N=""
УФБП	УФБП	748			0	0	filter:score<3	A="" G="" L="" F="" K="0" N=""
УФБП	УФБП	749			0	0	filter:score<3	A="" G="" L="" F="" K="0" N=""
УФБП	УФБП	750			0	0	filter:score<3	A="" G="" L="" F="" K="0" N=""
УФБП	УФБП	751			0	0	filter:score<3	A="" G="" L="" F="" K="0" N=""
УФБП	УФБП	752			0	0	filter:score<3	A="" G="" L="" F="" K="0" N=""
УФБП	УФБП	753			0	0	filter:score<3	A="" G="" L="" F="" K="0" N=""
УФБП	УФБП	754			0	0	filter:score<3	A="" G="" L="" F="" K="0" N=""
УФБП	УФБП	755			0	0	filter:score<3	A="" G="" L="" F="" K="0" N=""
УФБП	УФБП	756			0	0	filter:score<3	A="" G="" L="" F="" K="0" N=""
УФБП	УФБП	757			0	0	filter:score<3	A="" G="" L="" F="" K="0" N=""
УФБП	УФБП	758			0	0	filter:score<3	A="" G="" L="" F="" K="0" N=""
УФБП	УФБП	759			0	0	filter:score<3	A="" G="" L="" F="" K="0" N=""
УФБП	УФБП	760			0	0	filter:score<3	A="" G="" L="" F="" K="0" N=""
УФБП	УФБП	761			0	0	filter:score<3	A="" G="" L="" F="" K="0" N=""
УФБП	УФБП	762			0	0	filter:score<3	A="" G="" L="" F="" K="0" N=""
УФБП	УФБП	763			0	0	filter:score<3	A="" G="" L="" F="" K="0" N=""
УФБП	УФБП	764			0	0	filter:score<3	A="" G="" L="" F="" K="0" N=""
УФБП	УФБП	765			0	0	filter:score<3	A="" G="" L="" F="" K="0" N=""
УФБП	УФБП	766			0	0	filter:score<3	A="" G="" L="" F="" K="0" N=""
УФБП	УФБП	767			0	0	filter:score<3	A="" G="" L="" F="" K="0" N=""
УФБП	УФБП	768			0	0	filter:score<3	A="" G="" L="" F="" K="0" N=""
УФБП	УФБП	769			0	0	filter:score<3	A="" G="" L="" F="" K="0" N=""
УФБП	УФБП	770			0	0	filter:score<3	A="" G="" L="" F="" K="0" N=""
УФБП	УФБП	771			0	0	filter:score<3	A="" G="" L="" F="" K="0" N=""
УФБП	УФБП	772			0	0	filter:score<3	A="" G="" L="" F="" K="0" N=""
УФБП	УФБП	773			0	0	filter:score<3	A="" G="" L="" F="" K="0" N=""
УФБП	УФБП	774			0	0	filter:score<3	A="" G="" L="" F="" K="0" N=""
УФБП	УФБП	775			0	0	filter:score<3	A="" G="" L="" F="" K="0" N=""
УФБП	УФБП	776			0	0	filter:score<3	A="" G="" L="" F="" K="0" N=""
УФБП	УФБП	777			0	0	filter:score<3	A="" G="" L="" F="" K="0" N=""
УФБП	УФБП	778			0	0	filter:score<3	A="" G="" L="" F="" K="0" N=""
УФБП	УФБП	779			0	0	filter:score<3	A="" G="" L="" F="" K="0" N=""
УФБП	УФБП	780			0	0	filter:score<3	A="" G="" L="" F="" K="0" N=""
УФБП	УФБП	781			0	0	filter:score<3	A="" G="" L="" F="" K="0" N=""
УФБП	УФБП	782			0	0	filter:score<3	A="" G="" L="" F="" K="0" N=""
УФБП	УФБП	783			0	0	filter:score<3	A="" G="" L="" F="" K="0" N=""
УФБП	УФБП	784			0	0	filter:score<3	A="" G="" L="" F="" K="0" N=""
УФБП	УФБП	785			0	0	filter:score<3	A="" G="" L="" F="" K="0" N=""
УФБП	УФБП	786			0	0	filter:score<3	A="" G="" L="" F="" K="0" N=""
УФБП	УФБП	787			0	0	filter:score<3	A="" G="" L="" F="" K="0" N=""
УФБП	УФБП	788			0	0	filter:score<3	A="" G="" L="" F="" K="0" N=""
УФБП	УФБП	789			0	0	filter:score<3	A="" G="" L="" F="" K="0" N=""
УФБП	УФБП	790			0	0	filter:score<3	A="" G="" L="" F="" K="0" N=""
УФБП	УФБП	791			0	0	filter:score<3	A="" G="" L="" F="" K="0" N=""
УФБП	УФБП	792			0	0	filter:score<3	A="" G="" L="" F="" K="0" N=""
УФБП	УФБП	793			0	0	filter:score<3	A="" G="" L="" F="" K="0" N=""
УФБП	УФБП	794			0	0	filter:score<3	A="" G="" L="" F="" K="0" N=""
УФБП	УФБП	795			0	0	filter:score<3	A="" G="" L="" F="" K="0" N=""
УФБП	УФБП	796			0	0	filter:score<3	A="" G="" L="" F="" K="0" N=""
УФБП	УФБП	797			0	0	filter:score<3	A="" G="" L="" F="" K="0" N=""
УФБП	УФБП	798			0	0	filter:score<3	A="" G="" L="" F="" K="0" N=""
УФБП	УФБП	799			0	0	filter:score<3	A="" G="" L="" F="" K="0" N=""
УФБП	УФБП	800			0	0	filter:score<3	A="" G="" L="" F="" K="0" N=""
УФБП	УФБП	801			0	0	filter:score<3	A="" G="" L="" F="" K="0" N=""
УФБП	УФБП	802			0	0	filter:score<3	A="" G="" L="" F="" K="0" N=""
УФБП	УФБП	803			0	0	filter:score<3	A="" G="" L="" F="" K="0" N=""
УФБП	УФБП	804			0	0	filter:score<3	A="" G="" L="" F="" K="0" N=""
УФБП	УФБП	805			0	0	filter:score<3	A="" G="" L="" F="" K="0" N=""
УФБП	УФБП	806			0	0	filter:score<3	A="" G="" L="" F="" K="0" N=""
УФБП	УФБП	807			0	0	filter:score<3	A="" G="" L="" F="" K="0" N=""
УФБП	УФБП	808			0	0	filter:score<3	A="" G="" L="" F="" K="0" N=""
УФБП	УФБП	809			0	0	filter:score<3	A="" G="" L="" F="" K="0" N=""
УФБП	УФБП	810			0	0	filter:score<3	A="" G="" L="" F="" K="0" N=""
УФБП	УФБП	811			0	0	filter:score<3	A="" G="" L="" F="" K="0" N=""
УФБП	УФБП	812			0	0	filter:score<3	A="" G="" L="" F="" K="0" N=""
УФБП	УФБП	813			0	0	filter:score<3	A="" G="" L="" F="" K="0" N=""
УФБП	УФБП	814			0	0	filter:score<3	A="" G="" L="" F="" K="0" N=""
УФБП	УФБП	815			0	0	filter:score<3	A="" G="" L="" F="" K="0" N=""
УФБП	УФБП	816			0	0	filter:score<3	A="" G="" L="" F="" K="0" N=""
УФБП	УФБП	817			0	0	filter:score<3	A="" G="" L="" F="" K="0" N=""
УФБП	УФБП	818			0	0	filter:score<3	A="" G="" L="" F="" K="0" N=""
УФБП	УФБП	819			0	0	filter:score<3	A="" G="" L="" F="" K="0" N=""
УФБП	УФБП	820			0	0	filter:score<3	A="" G="" L="" F="" K="0" N=""
УФБП	УФБП	821			0	0	filter:score<3	A="" G="" L="" F="" K="0" N=""
УФБП	УФБП	822			0	0	filter:score<3	A="" G="" L="" F="" K="0" N=""
УФБП	УФБП	823			0	0	filter:score<3	A="" G="" L="" F="" K="0" N=""
УФБП	УФБП	824			0	0	filter:score<3	A="" G="" L="" F="" K="0" N=""
УФБП	УФБП	825			0	0	filter:score<3	A="" G="" L="" F="" K="0" N=""
УФБП	УФБП	826			0	0	filter:score<3	A="" G="" L="" F="" K="0" N=""
УФБП	УФБП	827			0	0	filter:score<3	A="" G="" L="" F="" K="0" N=""
УФБП	УФБП	828			0	0	filter:score<3	A="" G="" L="" F="" K="0" N=""
УФБП	УФБП	829			0	0	filter:score<3	A="" G="" L="" F="" K="0" N=""
УФБП	УФБП	830			0	0	filter:score<3	A="" G="" L="" F="" K="0" N=""
УФБП	УФБП	831			0	0	filter:score<3	A="" G="" L="" F="" K="0" N=""
УФБП	УФБП	832			0	0	filter:score<3	A="" G="" L="" F="" K="0" N=""
УФБП	УФБП	833			0	0	filter:score<3	A="" G="" L="" F="" K="0" N=""
УФБП	УФБП	834			0	0	filter:score<3	A="" G="" L="" F="" K="0" N=""
УФБП	УФБП	835			0	0	filter:score<3	A="" G="" L="" F="" K="0" N=""
УФБП	УФБП	836			0	0	filter:score<3	A="" G="" L="" F="" K="0" N=""
УФБП	УФБП	837			0	0	filter:score<3	A="" G="" L="" F="" K="0" N=""
УФБП	УФБП	838			0	0	filter:score<3	A="" G="" L="" F="" K="0" N=""
УФБП	УФБП	839			0	0	filter:score<3	A="" G="" L="" F="" K="0" N=""
УФБП	УФБП	840			0	0	filter:score<3	A="" G="" L="" F="" K="0" N=""
УФБП	УФБП	841			0	0	filter:score<3	A="" G="" L="" F="" K="0" N=""
УФБП	УФБП	842			0	0	filter:score<3	A="" G="" L="" F="" K="0" N=""
УФБП	УФБП	843			0	0	filter:score<3	A="" G="" L="" F="" K="0" N=""
УФБП	УФБП	844			0	0	filter:score<3	A="" G="" L="" F="" K="0" N=""
УФБП	УФБП	845			0	0	filter:score<3	A="" G="" L="" F="" K="0" N=""
УФБП	УФБП	846			0	0	filter:score<3	A="" G="" L="" F="" K="0" N=""
УФБП	УФБП	847			0	0	filter:score<3	A="" G="" L="" F="" K="0" N=""
УФБП	УФБП	848			0	0	filter:score<3	A="" G="" L="" F="" K="0" N=""
УФБП	УФБП	849			0	0	filter:score<3	A="" G="" L="" F="" K="0" N=""
УФБП	УФБП	850			0	0	filter:score<3	A="" G="" L="" F="" K="0" N=""
УФБП	УФБП	851			0	0	filter:score<3	A="" G="" L="" F="" K="0" N=""
УФБП	УФБП	852			0	0	filter:score<3	A="" G="" L="" F="" K="0" N=""
УФБП	УФБП	853			0	0	filter:score<3	A="" G="" L="" F="" K="0" N=""
УФБП	УФБП	854			0	0	filter:score<3	A="" G="" L="" F="" K="0" N=""
УФБП	УФБП	855			0	0	filter:score<3	A="" G="" L="" F="" K="0" N=""
УФБП	УФБП	856			0	0	filter:score<3	A="" G="" L="" F="" K="0" N=""
УФБП	УФБП	857			0	0	filter:score<3	A="" G="" L="" F="" K="0" N=""
УФБП	УФБП	858			0	0	filter:score<3	A="" G="" L="" F="" K="0" N=""
УФБП	УФБП	859			0	0	filter:score<3	A="" G="" L="" F="" K="0" N=""
УФБП	УФБП	860			0	0	filter:score<3	A="" G="" L="" F="" K="0" N=""
УФБП	УФБП	861			0	0	filter:score<3	A="" G="" L="" F="" K="0" N=""
УФБП	УФБП	862			0	0	filter:score<3	A="" G="" L="" F="" K="0" N=""
УФБП	УФБП	863			0	0	filter:score<3	A="" G="" L="" F="" K="0" N=""
УФБП	УФБП	864			0	0	filter:score<3	A="" G="" L="" F="" K="0" N=""
УФБП	УФБП	865			0	0	filter:score<3	A="" G="" L="" F="" K="0" N=""
УФБП	УФБП	866			0	0	filter:score<3	A="" G="" L="" F="" K="0" N=""
УФБП	УФБП	867			0	0	filter:score<3	A="" G="" L="" F="" K="0" N=""
УФБП	УФБП	868			0	0	filter:score<3	A="" G="" L="" F="" K="0" N=""
УФБП	УФБП	869			0	0	filter:score<3	A="" G="" L="" F="" K="0" N=""
УФБП	УФБП	870			0	0	filter:score<3	A="" G="" L="" F="" K="0" N=""
УФБП	УФБП	871			0	0	filter:score<3	A="" G="" L="" F="" K="0" N=""
УФБП	УФБП	872			0	0	filter:score<3	A="" G="" L="" F="" K="0" N=""
УФБП	УФБП	873			0	0	filter:score<3	A="" G="" L="" F="" K="0" N=""
УФБП	УФБП	874			0	0	filter:score<3	A="" G="" L="" F="" K="0" N=""
УФБП	УФБП	875			0	0	filter:score<3	A="" G="" L="" F="" K="0" N=""
УФБП	УФБП	876			0	0	filter:score<3	A="" G="" L="" F="" K="0" N=""
УФБП	УФБП	877			0	0	filter:score<3	A="" G="" L="" F="" K="0" N=""
УФБП	УФБП	878			0	0	filter:score<3	A="" G="" L="" F="" K="0" N=""
УФБП	УФБП	879			0	0	filter:score<3	A="" G="" L="" F="" K="0" N=""
УФБП	УФБП	880			0	0	filter:score<3	A="" G="" L="" F="" K="0" N=""
УФБП	УФБП	881			0	0	filter:score<3	A="" G="" L="" F="" K="0" N=""
УФБП	УФБП	882			0	0	filter:score<3	A="" G="" L="" F="" K="0" N=""
УФБП	УФБП	883			0	0	filter:score<3	A="" G="" L="" F="" K="0" N=""
УФБП	УФБП	884			0	0	filter:score<3	A="" G="" L="" F="" K="0" N=""
УФБП	УФБП	885			0	0	filter:score<3	A="" G="" L="" F="" K="0" N=""
УФБП	УФБП	886			0	0	filter:score<3	A="" G="" L="" F="" K="0" N=""
УФБП	УФБП	887			0	0	filter:score<3	A="" G="" L="" F="" K="0" N=""
УФБП	УФБП	888			0	0	filter:score<3	A="" G="" L="" F="" K="0" N=""
УФБП	УФБП	889			0	0	filter:score<3	A="" G="" L="" F="" K="0" N=""
УФБП	УФБП	890			0	0	filter:score<3	A="" G="" L="" F="" K="0" N=""
УФБП	УФБП	891			0	0	filter:score<3	A="" G="" L="" F="" K="0" N=""
УФБП	УФБП	892			0	0	filter:score<3	A="" G="" L="" F="" K="0" N=""
УФБП	УФБП	893			0	0	filter:score<3	A="" G="" L="" F="" K="0" N=""
УФБП	УФБП	894			0	0	filter:score<3	A="" G="" L="" F="" K="0" N=""
УФБП	УФБП	895			0	0	filter:score<3	A="" G="" L="" F="" K="0" N=""
УФБП	УФБП	896			0	0	filter:score<3	A="" G="" L="" F="" K="0" N=""
УФБП	УФБП	897			0	0	filter:score<3	A="" G="" L="" F="" K="0" N=""
УФБП	УФБП	898			0	0	filter:score<3	A="" G="" L="" F="" K="0" N=""
УФБП	УФБП	899			0	0	filter:score<3	A="" G="" L="" F="" K="0" N=""
УФБП	УФБП	900			0	0	filter:score<3	A="" G="" L="" F="" K="0" N=""
УФБП	УФБП	901			0	0	filter:score<3	A="" G="" L="" F="" K="0" N=""
УФБП	УФБП	902			0	0	filter:score<3	A="" G="" L="" F="" K="0" N=""
УФБП	УФБП	903			0	0	filter:score<3	A="" G="" L="" F="" K="0" N=""
УФБП	УФБП	904			0	0	filter:score<3	A="" G="" L="" F="" K="0" N=""
УФБП	УФБП	905			0	0	filter:score<3	A="" G="" L="" F="" K="0" N=""
УФБП	УФБП	906			0	0	filter:score<3	A="" G="" L="" F="" K="0" N=""
УФБП	УФБП	907			0	0	filter:score<3	A="" G="" L="" F="" K="0" N=""
УФБП	УФБП	908			0	0	filter:score<3	A="" G="" L="" F="" K="0" N=""
УФБП	УФБП	909			0	0	filter:score<3	A="" G="" L="" F="" K="0" N=""
УФБП	УФБП	910			0	0	filter:score<3	A="" G="" L="" F="" K="0" N=""
УФБП	УФБП	911			0	0	filter:score<3	A="" G="" L="" F="" K="0" N=""
УФБП	УФБП	912			0	0	filter:score<3	A="" G="" L="" F="" K="0" N=""
УФБП	УФБП	913			0	0	filter:score<3	A="" G="" L="" F="" K="0" N=""
УФБП	УФБП	914			0	0	filter:score<3	A="" G="" L="" F="" K="0" N=""
УФБП	УФБП	915			0	0	filter:score<3	A="" G="" L="" F="" K="0" N=""
УФБП	УФБП	916			0	0	filter:score<3	A="" G="" L="" F="" K="0" N=""
УФБП	УФБП	917			0	0	filter:score<3	A="" G="" L="" F="" K="0" N=""
УФБП	УФБП	918			0	0	filter:score<3	A="" G="" L="" F="" K="0" N=""
УФБП	УФБП	919			0	0	filter:score<3	A="" G="" L="" F="" K="0" N=""
УФБП	УФБП	920			0	0	filter:score<3	A="" G="" L="" F="" K="0" N=""
УФБП	УФБП	921			0	0	filter:score<3	A="" G="" L="" F="" K="0" N=""
УФБП	УФБП	922			0	0	filter:score<3	A="" G="" L="" F="" K="0" N=""
УФБП	УФБП	923			0	0	filter:score<3	A="" G="" L="" F="" K="0" N=""
УФБП	УФБП	924			0	0	filter:score<3	A="" G="" L="" F="" K="0" N=""
УФБП	УФБП	925			0	0	filter:score<3	A="" G="" L="" F="" K="0" N=""
УФБП	УФБП	926			0	0	filter:score<3	A="" G="" L="" F="" K="0" N=""
УФБП	УФБП	927			0	0	filter:score<3	A="" G="" L="" F="" K="0" N=""
УФБП	УФБП	928			0	0	filter:score<3	A="" G="" L="" F="" K="0" N=""
УФБП	УФБП	929			0	0	filter:score<3	A="" G="" L="" F="" K="0" N=""
УФБП	УФБП	930			0	0	filter:score<3	A="" G="" L="" F="" K="0" N=""
УФБП	УФБП	931			0	0	filter:score<3	A="" G="" L="" F="" K="0" N=""
УФБП	УФБП	932			0	0	filter:score<3	A="" G="" L="" F="" K="0" N=""
УФБП	УФБП	933			0	0	filter:score<3	A="" G="" L="" F="" K="0" N=""
УФБП	УФБП	934			0	0	filter:score<3	A="" G="" L="" F="" K="0" N=""
УФБП	УФБП	935			0	0	filter:score<3	A="" G="" L="" F="" K="0" N=""
УФБП	УФБП	936			0	0	filter:score<3	A="" G="" L="" F="" K="0" N=""
УФБП	УФБП	937			0	0	filter:score<3	A="" G="" L="" F="" K="0" N=""
УФБП	УФБП	938			0	0	filter:score<3	A="" G="" L="" F="" K="0" N=""
УФБП	УФБП	939			0	0	filter:score<3	A="" G="" L="" F="" K="0" N=""
УФБП	УФБП	940			0	0	filter:score<3	A="" G="" L="" F="" K="0" N=""
УФБП	УФБП	941			0	0	filter:score<3	A="" G="" L="" F="" K="0" N=""
УФБП	УФБП	942			0	0	filter:score<3	A="" G="" L="" F="" K="0" N=""
УФБП	УФБП	943			0	0	filter:score<3	A="" G="" L="" F="" K="0" N=""
УФБП	УФБП	944			0	0	filter:score<3	A="" G="" L="" F="" K="0" N=""
УФБП	УФБП	945			0	0	filter:score<3	A="" G="" L="" F="" K="0" N=""
УФБП	УФБП	946			0	0	filter:score<3	A="" G="" L="" F="" K="0" N=""
УФБП	УФБП	947			0	0	filter:score<3	A="" G="" L="" F="" K="0" N=""
УФБП	УФБП	948			0	0	filter:score<3	A="" G="" L="" F="" K="0" N=""
УФБП	УФБП	949			0	0	filter:score<3	A="" G="" L="" F="" K="0" N=""
УФБП	УФБП	950			0	0	filter:score<3	A="" G="" L="" F="" K="0" N=""
УФБП	УФБП	951			0	0	filter:score<3	A="" G="" L="" F="" K="0" N=""
УФБП	УФБП	952			0	0	filter:score<3	A="" G="" L="" F="" K="0" N=""
УФБП	УФБП	953			0	0	filter:score<3	A="" G="" L="" F="" K="0" N=""
УФБП	УФБП	954			0	0	filter:score<3	A="" G="" L="" F="" K="0" N=""
УФБП	УФБП	955			0	0	filter:score<3	A="" G="" L="" F="" K="0" N=""
УФБП	УФБП	956			0	0	filter:score<3	A="" G="" L="" F="" K="0" N=""
УФБП	УФБП	957			0	0	filter:score<3	A="" G="" L="" F="" K="0" N=""
УФБП	УФБП	958			0	0	filter:score<3	A="" G="" L="" F="" K="0" N=""
УФБП	УФБП	959			0	0	filter:score<3	A="" G="" L="" F="" K="0" N=""
УФБП	УФБП	960			0	0	filter:score<3	A="" G="" L="" F="" K="0" N=""
УФБП	УФБП	961			0	0	filter:score<3	A="" G="" L="" F="" K="0" N=""
УФБП	УФБП	962			0	0	filter:score<3	A="" G="" L="" F="" K="0" N=""
УФБП	УФБП	963			0	0	filter:score<3	A="" G="" L="" F="" K="0" N=""
УФБП	УФБП	964			0	0	filter:score<3	A="" G="" L="" F="" K="0" N=""
УФБП	УФБП	965			0	0	filter:score<3	A="" G="" L="" F="" K="0" N=""
УФБП	УФБП	966			0	0	filter:score<3	A="" G="" L="" F="" K="0" N=""
УФБП	УФБП	967			0	0	filter:score<3	A="" G="" L="" F="" K="0" N=""
УФБП	УФБП	968			0	0	filter:score<3	A="" G="" L="" F="" K="0" N=""
УФБП	УФБП	969			0	0	filter:score<3	A="" G="" L="" F="" K="0" N=""
УФБП	УФБП	970			0	0	filter:score<3	A="" G="" L="" F="" K="0" N=""
УФБП	УФБП	971			0	0	filter:score<3	A="" G="" L="" F="" K="0" N=""
УФБП	УФБП	972			0	0	filter:score<3	A="" G="" L="" F="" K="0" N=""
УФБП	УФБП	973			0	0	filter:score<3	A="" G="" L="" F="" K="0" N=""
УФБП	УФБП	974			0	0	filter:score<3	A="" G="" L="" F="" K="0" N=""
УФБП	УФБП	975			0	0	filter:score<3	A="" G="" L="" F="" K="0" N=""
УФБП	УФБП	976			0	0	filter:score<3	A="" G="" L="" F="" K="0" N=""
УФБП	УФБП	977			0	0	filter:score<3	A="" G="" L="" F="" K="0" N=""
УФБП	УФБП	978			0	0	filter:score<3	A="" G="" L="" F="" K="0" N=""
УФБП	УФБП	979			0	0	filter:score<3	A="" G="" L="" F="" K="0" N=""
УФБП	УФБП	980			0	0	filter:score<3	A="" G="" L="" F="" K="0" N=""
УФБП	УФБП	981			0	0	filter:score<3	A="" G="" L="" F="" K="0" N=""
УД	ВСЕ	4	1	1.1.1.1. Изготовление и печатание информационного бюллетеня «Елизовский вестник» / оказани	298.6667	298.6667	year:foreign	P=2025
УД	ВСЕ	5	2	1.1.1.2. Изготовление и печатание газеты «Елизовские вести» / оказание услуг по печатанию 	780	780	year:foreign	P=2025
УД	ВСЕ	30	27	3.2.1.1.  Приобретение, сопровождение (поддержка) программных комплексов Приобретение, соп	3879.6	3879.6	year:foreign	P=2025
УД	ВСЕ	63	63	услуги связи, виртуальный АТС / оказание услуг связи	33.12	33.12	year:foreign	P=2025
УД	ВСЕ	77	77	IPTV / оказание услуг связи на основе передачи данных ПАО "ростелеком"	16.4	16.4	year:foreign	P=2025
УД	ВСЕ	84	85	ЭА357-25 Поставка ГСМ 1 полугодие / Поставка горюче-смазочных материалов 	2250	2250	year:foreign	P=2025
УД	ВСЕ	90	91	ЭА388-25 Обслуживание автоматической пожарной сигнализации с системой пожаротушения и сред	288	48.96	year:foreign	P=2025
УД	ВСЕ	91	92	Обслуживание автоматической пожарной сигнализации и средств оповещения при пожаре / Оказан	144	57.6	year:foreign	P=2025
УД	ВСЕ	92	93	охрана Ленина 10 административно дежурная / Оказание охранных услуг	6738.8052	3355.67462	year:foreign	P=2025
УД	ВСЕ	93	94	охрана склады / Оказание услуг по централизованной охране складов МКУ «ЕДДС ЕМР» с помощью	525.6	525.6	year:foreign	P=2025
УД	ВСЕ	94	95	оказание услуг по проведению предрейсовых и послерейсовых медицинских осмотров водителей	1254	1254	year:foreign	P=2025
УД	ВСЕ	98	99	Приобритение воды бутилированной 1 полугодие / Поставка воды минеральной природной питьево	129.9144	129.9144	year:foreign	P=2025
УД	ВСЕ	103	104	абонентская плата муждугородных тел соединений / Оказание услуг связи юридическому лицу, ф	770	770	year:foreign	P=2025
УД	ВСЕ	117	123	сотовая связь: кол центр / предоставление услуг связи	173.6	173.6	year:foreign	P=2025
УД	ВСЕ	133	150	Телематические услуги связи (интернет) / оказание телематических услуг связи	4.179	4.179	year:foreign	P=2025
УД	ВСЕ	137	154	Основной канал связи Интернет ЕМР на 6 мес. (с 01.01.2026 по 30.06.2026 гг.) / оказание ко	477.60048	477.60048	year:foreign	P=2025
УД	ВСЕ	138	155	Эксплуатационно-техническое обслуживание ЕМР на 12 мес. (с 01.01.2026 по 31.12.2026 гг.) /	4357.506	4357.506	year:foreign	P=2025
УД	ВСЕ	139	156	Сим-карты ЕМР на 12 мес. (с 01.01.2026 по 31.12.2026 гг.) / оказание услуг подвижной связи	165	165	year:foreign	P=2025
УД	ВСЕ	140	157	Основной канал связи Интернет ЕГП на 3 мес. (с 01.01.2026 по 31.03.2026 гг.) / оказание ко	79.60008	79.60008	year:foreign	P=2025
УД	ВСЕ	141	158	Эксплуатационно-техническое обслуживание ЕГП на 3 мес. (с 01.01.2026 по 31.03.2026 гг.) / 	348.60048	348.60048	year:foreign	P=2025
УД	ВСЕ	142	159	Сим-карты ЕГП на 12 мес. (с 01.01.2026 по 31.12.2026 гг.) / оказание услуг подвижной связи	52.8	52.8	year:foreign	P=2025
УД	ВСЕ	157	176	3.3.1.1. Оказание комплексных услуг по передаче данных, организации доступа в сеть Интерне	1090.8	1090.8	year:foreign	P=2025
УД	ВСЕ	161	181	оказание услуг по помывке в бане отдельных категорий граждан	9.5	9.5	year:foreign	P=2025
УД	ВСЕ	186	173/10	поверка прибора, доставка	12	0	year:noYear	P=""
УД	ВСЕ	187	173/11	услуги по оценке имущественного права	50	0	year:noYear	P=""
УД	ВСЕ	193	173/3	предоставление услуг связи (СИМ-карты, сотовая связь)	46.196	46.196	year:foreign	P=2025
УД	ВСЕ	194	173/5	Поставка индивидуальных рационов питания (ИРП) в рамках реализации муниципальной программы	177.999	164.641	year:foreign	P=2025
УДТХ	УДТХ	4	4	Содержание мест (площадок) накопления твердых коммунальных отходов на территории Паратунск	1210.59135	1210.59135	year:foreign	P=2025
УДТХ	УДТХ	5	59	Содержание мест (площадок) накопления твердых коммунальных отходов на территории Пионерско	1540.36774	1540.36774	year:foreign	P=2025
УДТХ	УДТХ	6	60	Содержание мест (площадок) накопления твердых коммунальных отходов на территории Раздольне	642.09499	642.09499	year:foreign	P=2025
УДТХ	УДТХ	7	10	Содержание автомобильных дорог общего пользования местного значения	1599.79974	1599.79974	year:foreign	P=2025
УДТХ	УДТХ	70	84	Приобретение специализированной коммунальной техники, запасных частей и навесного оборудов	22875.03099	0	year:noYear	P=""
УДТХ	УДТХ	71			0	0	filter:score<3	A="" G="" L="" F="" K="0" N=""
УДТХ	УДТХ	72			0	0	filter:score<3	A="" G="" L="" F="" K="0" N=""
УДТХ	УДТХ	73			0	0	filter:score<3	A="" G="" L="" F="" K="0" N=""
УДТХ	УДТХ	74			0	0	filter:score<3	A="" G="" L="" F="" K="0" N=""
УДТХ	УДТХ	75			0	0	filter:score<3	A="" G="" L="" F="" K="0" N=""
УДТХ	УДТХ	76			0	0	filter:score<3	A="" G="" L="" F="" K="0" N=""
УДТХ	УДТХ	77			0	0	filter:score<3	A="" G="" L="" F="" K="0" N=""
УДТХ	УДТХ	78			0	0	filter:score<3	A="" G="" L="" F="" K="0" N=""
УДТХ	УДТХ	79			0	0	filter:score<3	A="" G="" L="" F="" K="0" N=""
УДТХ	УДТХ	80			0	0	filter:score<3	A="" G="" L="" F="" K="0" N=""
УДТХ	УДТХ	81			0	0	filter:score<3	A="" G="" L="" F="" K="0" N=""
УДТХ	УДТХ	82			0	0	filter:score<3	A="" G="" L="" F="" K="0" N=""
УДТХ	УДТХ	83			0	0	filter:score<3	A="" G="" L="" F="" K="0" N=""
УДТХ	УДТХ	84			0	0	filter:score<3	A="" G="" L="" F="" K="0" N=""
УДТХ	УДТХ	85			0	0	filter:score<3	A="" G="" L="" F="" K="0" N=""
УДТХ	УДТХ	86			0	0	filter:score<3	A="" G="" L="" F="" K="0" N=""
УДТХ	УДТХ	87			0	0	filter:score<3	A="" G="" L="" F="" K="0" N=""
УДТХ	УДТХ	88			0	0	filter:score<3	A="" G="" L="" F="" K="0" N=""
УДТХ	УДТХ	89			0	0	filter:score<3	A="" G="" L="" F="" K="0" N=""
УДТХ	УДТХ	90			0	0	filter:score<3	A="" G="" L="" F="" K="0" N=""
УДТХ	УДТХ	91			0	0	filter:score<3	A="" G="" L="" F="" K="0" N=""
УДТХ	УДТХ	92			0	0	filter:score<3	A="" G="" L="" F="" K="0" N=""
УДТХ	УДТХ	93			0	0	filter:score<3	A="" G="" L="" F="" K="0" N=""
УДТХ	УДТХ	94			0	0	filter:score<3	A="" G="" L="" F="" K="0" N=""
УДТХ	УДТХ	95			0	0	filter:score<3	A="" G="" L="" F="" K="0" N=""
УДТХ	УДТХ	96			0	0	filter:score<3	A="" G="" L="" F="" K="0" N=""
УДТХ	УДТХ	97			0	0	filter:score<3	A="" G="" L="" F="" K="0" N=""
УДТХ	УДТХ	98			0	0	filter:score<3	A="" G="" L="" F="" K="0" N=""
УДТХ	УДТХ	99			0	0	filter:score<3	A="" G="" L="" F="" K="0" N=""
УДТХ	УДТХ	100			0	0	filter:score<3	A="" G="" L="" F="" K="0" N=""
УДТХ	УДТХ	101			0	0	filter:score<3	A="" G="" L="" F="" K="0" N=""
УДТХ	УДТХ	102			0	0	filter:score<3	A="" G="" L="" F="" K="0" N=""
УДТХ	УДТХ	103			0	0	filter:score<3	A="" G="" L="" F="" K="0" N=""
УДТХ	УДТХ	104			0	0	filter:score<3	A="" G="" L="" F="" K="0" N=""
УДТХ	УДТХ	105			0	0	filter:score<3	A="" G="" L="" F="" K="0" N=""
УДТХ	УДТХ	106			0	0	filter:score<3	A="" G="" L="" F="" K="0" N=""
УДТХ	УДТХ	107			0	0	filter:score<3	A="" G="" L="" F="" K="0" N=""
УДТХ	УДТХ	108			0	0	filter:score<3	A="" G="" L="" F="" K="0" N=""
УДТХ	УДТХ	109			0	0	filter:score<3	A="" G="" L="" F="" K="0" N=""
УДТХ	УДТХ	110			0	0	filter:score<3	A="" G="" L="" F="" K="0" N=""
УДТХ	УДТХ	111			0	0	filter:score<3	A="" G="" L="" F="" K="0" N=""
УДТХ	УДТХ	112			0	0	filter:score<3	A="" G="" L="" F="" K="0" N=""
УДТХ	УДТХ	113			0	0	filter:score<3	A="" G="" L="" F="" K="0" N=""
УДТХ	УДТХ	114			0	0	filter:score<3	A="" G="" L="" F="" K="0" N=""
УДТХ	УДТХ	115			0	0	filter:score<3	A="" G="" L="" F="" K="0" N=""
УДТХ	УДТХ	116			0	0	filter:score<3	A="" G="" L="" F="" K="0" N=""
УДТХ	УДТХ	117			0	0	filter:score<3	A="" G="" L="" F="" K="0" N=""
УДТХ	УДТХ	118			0	0	filter:score<3	A="" G="" L="" F="" K="0" N=""
УДТХ	УДТХ	119			0	0	filter:score<3	A="" G="" L="" F="" K="0" N=""
УДТХ	УДТХ	120			0	0	filter:score<3	A="" G="" L="" F="" K="0" N=""
УДТХ	УДТХ	121			0	0	filter:score<3	A="" G="" L="" F="" K="0" N=""
УДТХ	УДТХ	122			0	0	filter:score<3	A="" G="" L="" F="" K="0" N=""
УДТХ	УДТХ	123			0	0	filter:score<3	A="" G="" L="" F="" K="0" N=""
УДТХ	УДТХ	124			0	0	filter:score<3	A="" G="" L="" F="" K="0" N=""
УДТХ	УДТХ	125			0	0	filter:score<3	A="" G="" L="" F="" K="0" N=""
УДТХ	УДТХ	126			0	0	filter:score<3	A="" G="" L="" F="" K="0" N=""
УДТХ	УДТХ	127			0	0	filter:score<3	A="" G="" L="" F="" K="0" N=""
УДТХ	УДТХ	128			0	0	filter:score<3	A="" G="" L="" F="" K="0" N=""
УДТХ	УДТХ	129			0	0	filter:score<3	A="" G="" L="" F="" K="0" N=""
УДТХ	УДТХ	130			0	0	filter:score<3	A="" G="" L="" F="" K="0" N=""
УДТХ	УДТХ	131			0	0	filter:score<3	A="" G="" L="" F="" K="0" N=""
УДТХ	УДТХ	132			0	0	filter:score<3	A="" G="" L="" F="" K="0" N=""
УДТХ	УДТХ	133			0	0	filter:score<3	A="" G="" L="" F="" K="0" N=""
УДТХ	УДТХ	134			0	0	filter:score<3	A="" G="" L="" F="" K="0" N=""
УДТХ	УДТХ	135			0	0	filter:score<3	A="" G="" L="" F="" K="0" N=""
УДТХ	УДТХ	136			0	0	filter:score<3	A="" G="" L="" F="" K="0" N=""
УДТХ	УДТХ	137			0	0	filter:score<3	A="" G="" L="" F="" K="0" N=""
УДТХ	УДТХ	138			0	0	filter:score<3	A="" G="" L="" F="" K="0" N=""
УДТХ	УДТХ	139			0	0	filter:score<3	A="" G="" L="" F="" K="0" N=""
УДТХ	УДТХ	140			0	0	filter:score<3	A="" G="" L="" F="" K="0" N=""
УДТХ	УДТХ	141			0	0	filter:score<3	A="" G="" L="" F="" K="0" N=""
УДТХ	УДТХ	142			0	0	filter:score<3	A="" G="" L="" F="" K="0" N=""
УДТХ	УДТХ	143			0	0	filter:score<3	A="" G="" L="" F="" K="0" N=""
УДТХ	УДТХ	144			0	0	filter:score<3	A="" G="" L="" F="" K="0" N=""
УДТХ	УДТХ	145			0	0	filter:score<3	A="" G="" L="" F="" K="0" N=""
УДТХ	УДТХ	146			0	0	filter:score<3	A="" G="" L="" F="" K="0" N=""
УДТХ	УДТХ	147			0	0	filter:score<3	A="" G="" L="" F="" K="0" N=""
УДТХ	УДТХ	148			0	0	filter:score<3	A="" G="" L="" F="" K="0" N=""
УДТХ	УДТХ	149			0	0	filter:score<3	A="" G="" L="" F="" K="0" N=""
УДТХ	УДТХ	150			0	0	filter:score<3	A="" G="" L="" F="" K="0" N=""
УДТХ	УДТХ	151			0	0	filter:score<3	A="" G="" L="" F="" K="0" N=""
УДТХ	УДТХ	152			0	0	filter:score<3	A="" G="" L="" F="" K="0" N=""
УДТХ	УДТХ	153			0	0	filter:score<3	A="" G="" L="" F="" K="0" N=""
УДТХ	УДТХ	154			0	0	filter:score<3	A="" G="" L="" F="" K="0" N=""
УДТХ	УДТХ	155			0	0	filter:score<3	A="" G="" L="" F="" K="0" N=""
УДТХ	УДТХ	156			0	0	filter:score<3	A="" G="" L="" F="" K="0" N=""
УДТХ	УДТХ	157			0	0	filter:score<3	A="" G="" L="" F="" K="0" N=""
УДТХ	УДТХ	158			0	0	filter:score<3	A="" G="" L="" F="" K="0" N=""
УДТХ	УДТХ	159			0	0	filter:score<3	A="" G="" L="" F="" K="0" N=""
УДТХ	УДТХ	160			0	0	filter:score<3	A="" G="" L="" F="" K="0" N=""
УДТХ	УДТХ	161			0	0	filter:score<3	A="" G="" L="" F="" K="0" N=""
УДТХ	УДТХ	162			0	0	filter:score<3	A="" G="" L="" F="" K="0" N=""
УДТХ	УДТХ	163			0	0	filter:score<3	A="" G="" L="" F="" K="0" N=""
УДТХ	УДТХ	164			0	0	filter:score<3	A="" G="" L="" F="" K="0" N=""
УДТХ	УДТХ	165			0	0	filter:score<3	A="" G="" L="" F="" K="0" N=""
УДТХ	УДТХ	166			0	0	filter:score<3	A="" G="" L="" F="" K="0" N=""
УДТХ	УДТХ	167			0	0	filter:score<3	A="" G="" L="" F="" K="0" N=""
УДТХ	УДТХ	168			0	0	filter:score<3	A="" G="" L="" F="" K="0" N=""
УДТХ	УДТХ	169			0	0	filter:score<3	A="" G="" L="" F="" K="0" N=""
УДТХ	УДТХ	170			0	0	filter:score<3	A="" G="" L="" F="" K="0" N=""
УДТХ	УДТХ	171			0	0	filter:score<3	A="" G="" L="" F="" K="0" N=""
УДТХ	УДТХ	172			0	0	filter:score<3	A="" G="" L="" F="" K="0" N=""
УДТХ	УДТХ	173			0	0	filter:score<3	A="" G="" L="" F="" K="0" N=""
УДТХ	УДТХ	174			0	0	filter:score<3	A="" G="" L="" F="" K="0" N=""
УДТХ	УДТХ	175			0	0	filter:score<3	A="" G="" L="" F="" K="0" N=""
УДТХ	УДТХ	176			0	0	filter:score<3	A="" G="" L="" F="" K="0" N=""
УДТХ	УДТХ	177			0	0	filter:score<3	A="" G="" L="" F="" K="0" N=""
УДТХ	УДТХ	178			0	0	filter:score<3	A="" G="" L="" F="" K="0" N=""
УДТХ	УДТХ	179			0	0	filter:score<3	A="" G="" L="" F="" K="0" N=""
УДТХ	УДТХ	180			0	0	filter:score<3	A="" G="" L="" F="" K="0" N=""
УДТХ	УДТХ	181			0	0	filter:score<3	A="" G="" L="" F="" K="0" N=""
УДТХ	УДТХ	182			0	0	filter:score<3	A="" G="" L="" F="" K="0" N=""
УДТХ	УДТХ	183			0	0	filter:score<3	A="" G="" L="" F="" K="0" N=""
УДТХ	УДТХ	184			0	0	filter:score<3	A="" G="" L="" F="" K="0" N=""
УДТХ	УДТХ	185			0	0	filter:score<3	A="" G="" L="" F="" K="0" N=""
УДТХ	УДТХ	186			0	0	filter:score<3	A="" G="" L="" F="" K="0" N=""
УДТХ	УДТХ	187			0	0	filter:score<3	A="" G="" L="" F="" K="0" N=""
УДТХ	УДТХ	188			0	0	filter:score<3	A="" G="" L="" F="" K="0" N=""
УДТХ	УДТХ	189			0	0	filter:score<3	A="" G="" L="" F="" K="0" N=""
УДТХ	УДТХ	190			0	0	filter:score<3	A="" G="" L="" F="" K="0" N=""
УДТХ	УДТХ	191			0	0	filter:score<3	A="" G="" L="" F="" K="0" N=""
УДТХ	УДТХ	192			0	0	filter:score<3	A="" G="" L="" F="" K="0" N=""
УДТХ	УДТХ	193			0	0	filter:score<3	A="" G="" L="" F="" K="0" N=""
УДТХ	УДТХ	194			0	0	filter:score<3	A="" G="" L="" F="" K="0" N=""
УДТХ	УДТХ	195			0	0	filter:score<3	A="" G="" L="" F="" K="0" N=""
УДТХ	УДТХ	196			0	0	filter:score<3	A="" G="" L="" F="" K="0" N=""
УДТХ	УДТХ	197			0	0	filter:score<3	A="" G="" L="" F="" K="0" N=""
УДТХ	УДТХ	198			0	0	filter:score<3	A="" G="" L="" F="" K="0" N=""
УДТХ	УДТХ	199			0	0	filter:score<3	A="" G="" L="" F="" K="0" N=""
УДТХ	УДТХ	200			0	0	filter:score<3	A="" G="" L="" F="" K="0" N=""
УДТХ	УДТХ	201			0	0	filter:score<3	A="" G="" L="" F="" K="0" N=""
УДТХ	УДТХ	202			0	0	filter:score<3	A="" G="" L="" F="" K="0" N=""
УДТХ	УДТХ	203			0	0	filter:score<3	A="" G="" L="" F="" K="0" N=""
УДТХ	УДТХ	204			0	0	filter:score<3	A="" G="" L="" F="" K="0" N=""
УДТХ	УДТХ	205			0	0	filter:score<3	A="" G="" L="" F="" K="0" N=""
УДТХ	УДТХ	206			0	0	filter:score<3	A="" G="" L="" F="" K="0" N=""
УДТХ	УДТХ	207			0	0	filter:score<3	A="" G="" L="" F="" K="0" N=""
УДТХ	УДТХ	208			0	0	filter:score<3	A="" G="" L="" F="" K="0" N=""
УДТХ	УДТХ	209			0	0	filter:score<3	A="" G="" L="" F="" K="0" N=""
УДТХ	УДТХ	210			0	0	filter:score<3	A="" G="" L="" F="" K="0" N=""
УДТХ	УДТХ	211			0	0	filter:score<3	A="" G="" L="" F="" K="0" N=""
УДТХ	УДТХ	212			0	0	filter:score<3	A="" G="" L="" F="" K="0" N=""
УДТХ	УДТХ	213			0	0	filter:score<3	A="" G="" L="" F="" K="0" N=""
УДТХ	УДТХ	214			0	0	filter:score<3	A="" G="" L="" F="" K="0" N=""
УДТХ	УДТХ	215			0	0	filter:score<3	A="" G="" L="" F="" K="0" N=""
УДТХ	УДТХ	216			0	0	filter:score<3	A="" G="" L="" F="" K="0" N=""
УДТХ	УДТХ	217			0	0	filter:score<3	A="" G="" L="" F="" K="0" N=""
УДТХ	УДТХ	218			0	0	filter:score<3	A="" G="" L="" F="" K="0" N=""
УДТХ	УДТХ	219			0	0	filter:score<3	A="" G="" L="" F="" K="0" N=""
УДТХ	УДТХ	220			0	0	filter:score<3	A="" G="" L="" F="" K="0" N=""
УДТХ	УДТХ	221			0	0	filter:score<3	A="" G="" L="" F="" K="0" N=""
УДТХ	УДТХ	222			0	0	filter:score<3	A="" G="" L="" F="" K="0" N=""
УДТХ	УДТХ	223			0	0	filter:score<3	A="" G="" L="" F="" K="0" N=""
УДТХ	УДТХ	224			0	0	filter:score<3	A="" G="" L="" F="" K="0" N=""
УДТХ	УДТХ	225			0	0	filter:score<3	A="" G="" L="" F="" K="0" N=""
УДТХ	УДТХ	226			0	0	filter:score<3	A="" G="" L="" F="" K="0" N=""
УДТХ	УДТХ	227			0	0	filter:score<3	A="" G="" L="" F="" K="0" N=""
УДТХ	УДТХ	228			0	0	filter:score<3	A="" G="" L="" F="" K="0" N=""
УДТХ	УДТХ	229			0	0	filter:score<3	A="" G="" L="" F="" K="0" N=""
УДТХ	УДТХ	230			0	0	filter:score<3	A="" G="" L="" F="" K="0" N=""
УДТХ	УДТХ	231			0	0	filter:score<3	A="" G="" L="" F="" K="0" N=""
УДТХ	УДТХ	232			0	0	filter:score<3	A="" G="" L="" F="" K="0" N=""
УДТХ	УДТХ	233			0	0	filter:score<3	A="" G="" L="" F="" K="0" N=""
УДТХ	УДТХ	234			0	0	filter:score<3	A="" G="" L="" F="" K="0" N=""
УДТХ	УДТХ	235			0	0	filter:score<3	A="" G="" L="" F="" K="0" N=""
УДТХ	УДТХ	236			0	0	filter:score<3	A="" G="" L="" F="" K="0" N=""
УДТХ	УДТХ	237			0	0	filter:score<3	A="" G="" L="" F="" K="0" N=""
УДТХ	УДТХ	238			0	0	filter:score<3	A="" G="" L="" F="" K="0" N=""
УДТХ	УДТХ	239			0	0	filter:score<3	A="" G="" L="" F="" K="0" N=""
УДТХ	УДТХ	240			0	0	filter:score<3	A="" G="" L="" F="" K="0" N=""
УДТХ	УДТХ	241			0	0	filter:score<3	A="" G="" L="" F="" K="0" N=""
УДТХ	УДТХ	242			0	0	filter:score<3	A="" G="" L="" F="" K="0" N=""
УДТХ	УДТХ	243			0	0	filter:score<3	A="" G="" L="" F="" K="0" N=""
УДТХ	УДТХ	244			0	0	filter:score<3	A="" G="" L="" F="" K="0" N=""
УДТХ	УДТХ	245			0	0	filter:score<3	A="" G="" L="" F="" K="0" N=""
УДТХ	УДТХ	246			0	0	filter:score<3	A="" G="" L="" F="" K="0" N=""
УДТХ	УДТХ	247			0	0	filter:score<3	A="" G="" L="" F="" K="0" N=""
УДТХ	УДТХ	248			0	0	filter:score<3	A="" G="" L="" F="" K="0" N=""
УДТХ	УДТХ	249			0	0	filter:score<3	A="" G="" L="" F="" K="0" N=""
УДТХ	УДТХ	250			0	0	filter:score<3	A="" G="" L="" F="" K="0" N=""
УДТХ	УДТХ	251			0	0	filter:score<3	A="" G="" L="" F="" K="0" N=""
УДТХ	УДТХ	252			0	0	filter:score<3	A="" G="" L="" F="" K="0" N=""
УДТХ	УДТХ	253			0	0	filter:score<3	A="" G="" L="" F="" K="0" N=""
УДТХ	УДТХ	254			0	0	filter:score<3	A="" G="" L="" F="" K="0" N=""
УДТХ	УДТХ	255			0	0	filter:score<3	A="" G="" L="" F="" K="0" N=""
УДТХ	УДТХ	256			0	0	filter:score<3	A="" G="" L="" F="" K="0" N=""
УДТХ	УДТХ	257			0	0	filter:score<3	A="" G="" L="" F="" K="0" N=""
УДТХ	УДТХ	258			0	0	filter:score<3	A="" G="" L="" F="" K="0" N=""
УДТХ	УДТХ	259			0	0	filter:score<3	A="" G="" L="" F="" K="0" N=""
УДТХ	УДТХ	260			0	0	filter:score<3	A="" G="" L="" F="" K="0" N=""
УДТХ	УДТХ	261			0	0	filter:score<3	A="" G="" L="" F="" K="0" N=""
УДТХ	УДТХ	262			0	0	filter:score<3	A="" G="" L="" F="" K="0" N=""
УДТХ	УДТХ	263			0	0	filter:score<3	A="" G="" L="" F="" K="0" N=""
УДТХ	УДТХ	264			0	0	filter:score<3	A="" G="" L="" F="" K="0" N=""
УДТХ	УДТХ	265			0	0	filter:score<3	A="" G="" L="" F="" K="0" N=""
УДТХ	УДТХ	266			0	0	filter:score<3	A="" G="" L="" F="" K="0" N=""
УДТХ	УДТХ	267			0	0	filter:score<3	A="" G="" L="" F="" K="0" N=""
УДТХ	УДТХ	268			0	0	filter:score<3	A="" G="" L="" F="" K="0" N=""
УДТХ	УДТХ	269			0	0	filter:score<3	A="" G="" L="" F="" K="0" N=""
УДТХ	УДТХ	270			0	0	filter:score<3	A="" G="" L="" F="" K="0" N=""
УДТХ	УДТХ	271			0	0	filter:score<3	A="" G="" L="" F="" K="0" N=""
УДТХ	УДТХ	272			0	0	filter:score<3	A="" G="" L="" F="" K="0" N=""
УДТХ	УДТХ	273			0	0	filter:score<3	A="" G="" L="" F="" K="0" N=""
УДТХ	УДТХ	274			0	0	filter:score<3	A="" G="" L="" F="" K="0" N=""
УДТХ	УДТХ	275			0	0	filter:score<3	A="" G="" L="" F="" K="0" N=""
УДТХ	УДТХ	276			0	0	filter:score<3	A="" G="" L="" F="" K="0" N=""
УДТХ	УДТХ	277			0	0	filter:score<3	A="" G="" L="" F="" K="0" N=""
УДТХ	УДТХ	278			0	0	filter:score<3	A="" G="" L="" F="" K="0" N=""
УДТХ	УДТХ	279			0	0	filter:score<3	A="" G="" L="" F="" K="0" N=""
УДТХ	УДТХ	280			0	0	filter:score<3	A="" G="" L="" F="" K="0" N=""
УДТХ	УДТХ	281			0	0	filter:score<3	A="" G="" L="" F="" K="0" N=""
УДТХ	УДТХ	282			0	0	filter:score<3	A="" G="" L="" F="" K="0" N=""
УДТХ	УДТХ	283			0	0	filter:score<3	A="" G="" L="" F="" K="0" N=""
УДТХ	УДТХ	284			0	0	filter:score<3	A="" G="" L="" F="" K="0" N=""
УДТХ	УДТХ	285			0	0	filter:score<3	A="" G="" L="" F="" K="0" N=""
УДТХ	УДТХ	286			0	0	filter:score<3	A="" G="" L="" F="" K="0" N=""
УДТХ	УДТХ	287			0	0	filter:score<3	A="" G="" L="" F="" K="0" N=""
УДТХ	УДТХ	288			0	0	filter:score<3	A="" G="" L="" F="" K="0" N=""
УДТХ	УДТХ	289			0	0	filter:score<3	A="" G="" L="" F="" K="0" N=""
УДТХ	УДТХ	290			0	0	filter:score<3	A="" G="" L="" F="" K="0" N=""
УДТХ	УДТХ	291			0	0	filter:score<3	A="" G="" L="" F="" K="0" N=""
УДТХ	УДТХ	292			0	0	filter:score<3	A="" G="" L="" F="" K="0" N=""
УДТХ	УДТХ	293			0	0	filter:score<3	A="" G="" L="" F="" K="0" N=""
УДТХ	УДТХ	294			0	0	filter:score<3	A="" G="" L="" F="" K="0" N=""
УДТХ	УДТХ	295			0	0	filter:score<3	A="" G="" L="" F="" K="0" N=""
УДТХ	УДТХ	296			0	0	filter:score<3	A="" G="" L="" F="" K="0" N=""
УДТХ	УДТХ	297			0	0	filter:score<3	A="" G="" L="" F="" K="0" N=""
УДТХ	УДТХ	298			0	0	filter:score<3	A="" G="" L="" F="" K="0" N=""
УДТХ	УДТХ	299			0	0	filter:score<3	A="" G="" L="" F="" K="0" N=""
УДТХ	УДТХ	300			0	0	filter:score<3	A="" G="" L="" F="" K="0" N=""
УДТХ	УДТХ	301			0	0	filter:score<3	A="" G="" L="" F="" K="0" N=""
УДТХ	УДТХ	302			0	0	filter:score<3	A="" G="" L="" F="" K="0" N=""
УДТХ	УДТХ	303			0	0	filter:score<3	A="" G="" L="" F="" K="0" N=""
УДТХ	УДТХ	304			0	0	filter:score<3	A="" G="" L="" F="" K="0" N=""
УДТХ	УДТХ	305			0	0	filter:score<3	A="" G="" L="" F="" K="0" N=""
УДТХ	УДТХ	306			0	0	filter:score<3	A="" G="" L="" F="" K="0" N=""
УДТХ	УДТХ	307			0	0	filter:score<3	A="" G="" L="" F="" K="0" N=""
УДТХ	УДТХ	308			0	0	filter:score<3	A="" G="" L="" F="" K="0" N=""
УДТХ	УДТХ	309			0	0	filter:score<3	A="" G="" L="" F="" K="0" N=""
УДТХ	УДТХ	310			0	0	filter:score<3	A="" G="" L="" F="" K="0" N=""
УДТХ	УДТХ	311			0	0	filter:score<3	A="" G="" L="" F="" K="0" N=""
УДТХ	УДТХ	312			0	0	filter:score<3	A="" G="" L="" F="" K="0" N=""
УДТХ	УДТХ	313			0	0	filter:score<3	A="" G="" L="" F="" K="0" N=""
УДТХ	УДТХ	314			0	0	filter:score<3	A="" G="" L="" F="" K="0" N=""
УДТХ	УДТХ	315			0	0	filter:score<3	A="" G="" L="" F="" K="0" N=""
УДТХ	УДТХ	316			0	0	filter:score<3	A="" G="" L="" F="" K="0" N=""
УДТХ	УДТХ	317			0	0	filter:score<3	A="" G="" L="" F="" K="0" N=""
УДТХ	УДТХ	318			0	0	filter:score<3	A="" G="" L="" F="" K="0" N=""
УДТХ	УДТХ	319			0	0	filter:score<3	A="" G="" L="" F="" K="0" N=""
УДТХ	УДТХ	320			0	0	filter:score<3	A="" G="" L="" F="" K="0" N=""
УДТХ	УДТХ	321			0	0	filter:score<3	A="" G="" L="" F="" K="0" N=""
УДТХ	УДТХ	322			0	0	filter:score<3	A="" G="" L="" F="" K="0" N=""
УДТХ	УДТХ	323			0	0	filter:score<3	A="" G="" L="" F="" K="0" N=""
УДТХ	УДТХ	324			0	0	filter:score<3	A="" G="" L="" F="" K="0" N=""
УДТХ	УДТХ	325			0	0	filter:score<3	A="" G="" L="" F="" K="0" N=""
УДТХ	УДТХ	326			0	0	filter:score<3	A="" G="" L="" F="" K="0" N=""
УДТХ	УДТХ	327			0	0	filter:score<3	A="" G="" L="" F="" K="0" N=""
УДТХ	УДТХ	328			0	0	filter:score<3	A="" G="" L="" F="" K="0" N=""
УДТХ	УДТХ	329			0	0	filter:score<3	A="" G="" L="" F="" K="0" N=""
УДТХ	УДТХ	330			0	0	filter:score<3	A="" G="" L="" F="" K="0" N=""
УДТХ	УДТХ	331			0	0	filter:score<3	A="" G="" L="" F="" K="0" N=""
УДТХ	УДТХ	332			0	0	filter:score<3	A="" G="" L="" F="" K="0" N=""
УДТХ	УДТХ	333			0	0	filter:score<3	A="" G="" L="" F="" K="0" N=""
УДТХ	УДТХ	334			0	0	filter:score<3	A="" G="" L="" F="" K="0" N=""
УДТХ	УДТХ	335			0	0	filter:score<3	A="" G="" L="" F="" K="0" N=""
УДТХ	УДТХ	336			0	0	filter:score<3	A="" G="" L="" F="" K="0" N=""
УДТХ	УДТХ	337			0	0	filter:score<3	A="" G="" L="" F="" K="0" N=""
УДТХ	УДТХ	338			0	0	filter:score<3	A="" G="" L="" F="" K="0" N=""
УДТХ	УДТХ	339			0	0	filter:score<3	A="" G="" L="" F="" K="0" N=""
УДТХ	УДТХ	340			0	0	filter:score<3	A="" G="" L="" F="" K="0" N=""
УДТХ	УДТХ	341			0	0	filter:score<3	A="" G="" L="" F="" K="0" N=""
УДТХ	УДТХ	342			0	0	filter:score<3	A="" G="" L="" F="" K="0" N=""
УДТХ	УДТХ	343			0	0	filter:score<3	A="" G="" L="" F="" K="0" N=""
УДТХ	УДТХ	344			0	0	filter:score<3	A="" G="" L="" F="" K="0" N=""
УДТХ	УДТХ	345			0	0	filter:score<3	A="" G="" L="" F="" K="0" N=""
УДТХ	УДТХ	346			0	0	filter:score<3	A="" G="" L="" F="" K="0" N=""
УДТХ	УДТХ	347			0	0	filter:score<3	A="" G="" L="" F="" K="0" N=""
УДТХ	УДТХ	348			0	0	filter:score<3	A="" G="" L="" F="" K="0" N=""
УДТХ	УДТХ	349			0	0	filter:score<3	A="" G="" L="" F="" K="0" N=""
УДТХ	УДТХ	350			0	0	filter:score<3	A="" G="" L="" F="" K="0" N=""
УДТХ	УДТХ	351			0	0	filter:score<3	A="" G="" L="" F="" K="0" N=""
УДТХ	УДТХ	352			0	0	filter:score<3	A="" G="" L="" F="" K="0" N=""
УДТХ	УДТХ	353			0	0	filter:score<3	A="" G="" L="" F="" K="0" N=""
УДТХ	УДТХ	354			0	0	filter:score<3	A="" G="" L="" F="" K="0" N=""
УДТХ	УДТХ	355			0	0	filter:score<3	A="" G="" L="" F="" K="0" N=""
УДТХ	УДТХ	356			0	0	filter:score<3	A="" G="" L="" F="" K="0" N=""
УДТХ	УДТХ	357			0	0	filter:score<3	A="" G="" L="" F="" K="0" N=""
УДТХ	УДТХ	358			0	0	filter:score<3	A="" G="" L="" F="" K="0" N=""
УДТХ	УДТХ	359			0	0	filter:score<3	A="" G="" L="" F="" K="0" N=""
УДТХ	УДТХ	360			0	0	filter:score<3	A="" G="" L="" F="" K="0" N=""
УДТХ	УДТХ	361			0	0	filter:score<3	A="" G="" L="" F="" K="0" N=""
УДТХ	УДТХ	362			0	0	filter:score<3	A="" G="" L="" F="" K="0" N=""
УДТХ	УДТХ	363			0	0	filter:score<3	A="" G="" L="" F="" K="0" N=""
УДТХ	УДТХ	364			0	0	filter:score<3	A="" G="" L="" F="" K="0" N=""
УДТХ	УДТХ	365			0	0	filter:score<3	A="" G="" L="" F="" K="0" N=""
УДТХ	УДТХ	366			0	0	filter:score<3	A="" G="" L="" F="" K="0" N=""
УДТХ	УДТХ	367			0	0	filter:score<3	A="" G="" L="" F="" K="0" N=""
УДТХ	УДТХ	368			0	0	filter:score<3	A="" G="" L="" F="" K="0" N=""
УДТХ	УДТХ	369			0	0	filter:score<3	A="" G="" L="" F="" K="0" N=""
УДТХ	УДТХ	370			0	0	filter:score<3	A="" G="" L="" F="" K="0" N=""
УДТХ	УДТХ	371			0	0	filter:score<3	A="" G="" L="" F="" K="0" N=""
УДТХ	УДТХ	372			0	0	filter:score<3	A="" G="" L="" F="" K="0" N=""
УДТХ	УДТХ	373			0	0	filter:score<3	A="" G="" L="" F="" K="0" N=""
УДТХ	УДТХ	374			0	0	filter:score<3	A="" G="" L="" F="" K="0" N=""
УДТХ	УДТХ	375			0	0	filter:score<3	A="" G="" L="" F="" K="0" N=""
УДТХ	УДТХ	376			0	0	filter:score<3	A="" G="" L="" F="" K="0" N=""
УДТХ	УДТХ	377			0	0	filter:score<3	A="" G="" L="" F="" K="0" N=""
УДТХ	УДТХ	378			0	0	filter:score<3	A="" G="" L="" F="" K="0" N=""
УДТХ	УДТХ	379			0	0	filter:score<3	A="" G="" L="" F="" K="0" N=""
УДТХ	УДТХ	380			0	0	filter:score<3	A="" G="" L="" F="" K="0" N=""
УДТХ	УДТХ	381			0	0	filter:score<3	A="" G="" L="" F="" K="0" N=""
УДТХ	УДТХ	382			0	0	filter:score<3	A="" G="" L="" F="" K="0" N=""
УДТХ	УДТХ	383			0	0	filter:score<3	A="" G="" L="" F="" K="0" N=""
УДТХ	УДТХ	384			0	0	filter:score<3	A="" G="" L="" F="" K="0" N=""
УДТХ	УДТХ	385			0	0	filter:score<3	A="" G="" L="" F="" K="0" N=""
УДТХ	УДТХ	386			0	0	filter:score<3	A="" G="" L="" F="" K="0" N=""
УДТХ	УДТХ	387			0	0	filter:score<3	A="" G="" L="" F="" K="0" N=""
УДТХ	УДТХ	388			0	0	filter:score<3	A="" G="" L="" F="" K="0" N=""
УДТХ	УДТХ	389			0	0	filter:score<3	A="" G="" L="" F="" K="0" N=""
УДТХ	УДТХ	390			0	0	filter:score<3	A="" G="" L="" F="" K="0" N=""
УДТХ	УДТХ	391			0	0	filter:score<3	A="" G="" L="" F="" K="0" N=""
УДТХ	УДТХ	392			0	0	filter:score<3	A="" G="" L="" F="" K="0" N=""
УДТХ	УДТХ	393			0	0	filter:score<3	A="" G="" L="" F="" K="0" N=""
УДТХ	УДТХ	394			0	0	filter:score<3	A="" G="" L="" F="" K="0" N=""
УДТХ	УДТХ	395			0	0	filter:score<3	A="" G="" L="" F="" K="0" N=""
УДТХ	УДТХ	396			0	0	filter:score<3	A="" G="" L="" F="" K="0" N=""
УДТХ	УДТХ	397			0	0	filter:score<3	A="" G="" L="" F="" K="0" N=""
УДТХ	УДТХ	398			0	0	filter:score<3	A="" G="" L="" F="" K="0" N=""
УДТХ	УДТХ	399			0	0	filter:score<3	A="" G="" L="" F="" K="0" N=""
УДТХ	УДТХ	400			0	0	filter:score<3	A="" G="" L="" F="" K="0" N=""
УДТХ	УДТХ	401			0	0	filter:score<3	A="" G="" L="" F="" K="0" N=""
УДТХ	УДТХ	402			0	0	filter:score<3	A="" G="" L="" F="" K="0" N=""
УДТХ	УДТХ	403			0	0	filter:score<3	A="" G="" L="" F="" K="0" N=""
УДТХ	УДТХ	404			0	0	filter:score<3	A="" G="" L="" F="" K="0" N=""
УДТХ	УДТХ	405			0	0	filter:score<3	A="" G="" L="" F="" K="0" N=""
УДТХ	УДТХ	406			0	0	filter:score<3	A="" G="" L="" F="" K="0" N=""
УДТХ	УДТХ	407			0	0	filter:score<3	A="" G="" L="" F="" K="0" N=""
УДТХ	УДТХ	408			0	0	filter:score<3	A="" G="" L="" F="" K="0" N=""
УДТХ	УДТХ	409			0	0	filter:score<3	A="" G="" L="" F="" K="0" N=""
УДТХ	УДТХ	410			0	0	filter:score<3	A="" G="" L="" F="" K="0" N=""
УДТХ	УДТХ	411			0	0	filter:score<3	A="" G="" L="" F="" K="0" N=""
УДТХ	УДТХ	412			0	0	filter:score<3	A="" G="" L="" F="" K="0" N=""
УДТХ	УДТХ	413			0	0	filter:score<3	A="" G="" L="" F="" K="0" N=""
УДТХ	УДТХ	414			0	0	filter:score<3	A="" G="" L="" F="" K="0" N=""
УДТХ	УДТХ	415			0	0	filter:score<3	A="" G="" L="" F="" K="0" N=""
УДТХ	УДТХ	416			0	0	filter:score<3	A="" G="" L="" F="" K="0" N=""
УДТХ	УДТХ	417			0	0	filter:score<3	A="" G="" L="" F="" K="0" N=""
УДТХ	УДТХ	418			0	0	filter:score<3	A="" G="" L="" F="" K="0" N=""
УДТХ	УДТХ	419			0	0	filter:score<3	A="" G="" L="" F="" K="0" N=""
УДТХ	УДТХ	420			0	0	filter:score<3	A="" G="" L="" F="" K="0" N=""
УДТХ	УДТХ	421			0	0	filter:score<3	A="" G="" L="" F="" K="0" N=""
УДТХ	УДТХ	422			0	0	filter:score<3	A="" G="" L="" F="" K="0" N=""
УДТХ	УДТХ	423			0	0	filter:score<3	A="" G="" L="" F="" K="0" N=""
УДТХ	УДТХ	424			0	0	filter:score<3	A="" G="" L="" F="" K="0" N=""
УДТХ	УДТХ	425			0	0	filter:score<3	A="" G="" L="" F="" K="0" N=""
УДТХ	УДТХ	426			0	0	filter:score<3	A="" G="" L="" F="" K="0" N=""
УДТХ	УДТХ	427			0	0	filter:score<3	A="" G="" L="" F="" K="0" N=""
УДТХ	УДТХ	428			0	0	filter:score<3	A="" G="" L="" F="" K="0" N=""
УДТХ	УДТХ	429			0	0	filter:score<3	A="" G="" L="" F="" K="0" N=""
УДТХ	УДТХ	430			0	0	filter:score<3	A="" G="" L="" F="" K="0" N=""
УДТХ	УДТХ	431			0	0	filter:score<3	A="" G="" L="" F="" K="0" N=""
УДТХ	УДТХ	432			0	0	filter:score<3	A="" G="" L="" F="" K="0" N=""
УДТХ	УДТХ	433			0	0	filter:score<3	A="" G="" L="" F="" K="0" N=""
УДТХ	УДТХ	434			0	0	filter:score<3	A="" G="" L="" F="" K="0" N=""
УДТХ	УДТХ	435			0	0	filter:score<3	A="" G="" L="" F="" K="0" N=""
УДТХ	УДТХ	436			0	0	filter:score<3	A="" G="" L="" F="" K="0" N=""
УДТХ	УДТХ	437			0	0	filter:score<3	A="" G="" L="" F="" K="0" N=""
УДТХ	УДТХ	438			0	0	filter:score<3	A="" G="" L="" F="" K="0" N=""
УДТХ	УДТХ	439			0	0	filter:score<3	A="" G="" L="" F="" K="0" N=""
УДТХ	УДТХ	440			0	0	filter:score<3	A="" G="" L="" F="" K="0" N=""
УДТХ	УДТХ	441			0	0	filter:score<3	A="" G="" L="" F="" K="0" N=""
УДТХ	УДТХ	442			0	0	filter:score<3	A="" G="" L="" F="" K="0" N=""
УДТХ	УДТХ	443			0	0	filter:score<3	A="" G="" L="" F="" K="0" N=""
УДТХ	УДТХ	444			0	0	filter:score<3	A="" G="" L="" F="" K="0" N=""
УДТХ	УДТХ	445			0	0	filter:score<3	A="" G="" L="" F="" K="0" N=""
УДТХ	УДТХ	446			0	0	filter:score<3	A="" G="" L="" F="" K="0" N=""
УДТХ	УДТХ	447			0	0	filter:score<3	A="" G="" L="" F="" K="0" N=""
УДТХ	УДТХ	448			0	0	filter:score<3	A="" G="" L="" F="" K="0" N=""
УДТХ	УДТХ	449			0	0	filter:score<3	A="" G="" L="" F="" K="0" N=""
УДТХ	УДТХ	450			0	0	filter:score<3	A="" G="" L="" F="" K="0" N=""
УДТХ	УДТХ	451			0	0	filter:score<3	A="" G="" L="" F="" K="0" N=""
УДТХ	УДТХ	452			0	0	filter:score<3	A="" G="" L="" F="" K="0" N=""
УДТХ	УДТХ	453			0	0	filter:score<3	A="" G="" L="" F="" K="0" N=""
УДТХ	УДТХ	454			0	0	filter:score<3	A="" G="" L="" F="" K="0" N=""
УДТХ	УДТХ	455			0	0	filter:score<3	A="" G="" L="" F="" K="0" N=""
УДТХ	УДТХ	456			0	0	filter:score<3	A="" G="" L="" F="" K="0" N=""
УДТХ	УДТХ	457			0	0	filter:score<3	A="" G="" L="" F="" K="0" N=""
УДТХ	УДТХ	458			0	0	filter:score<3	A="" G="" L="" F="" K="0" N=""
УДТХ	УДТХ	459			0	0	filter:score<3	A="" G="" L="" F="" K="0" N=""
УДТХ	УДТХ	460			0	0	filter:score<3	A="" G="" L="" F="" K="0" N=""
УДТХ	УДТХ	461			0	0	filter:score<3	A="" G="" L="" F="" K="0" N=""
УДТХ	УДТХ	462			0	0	filter:score<3	A="" G="" L="" F="" K="0" N=""
УДТХ	УДТХ	463			0	0	filter:score<3	A="" G="" L="" F="" K="0" N=""
УДТХ	УДТХ	464			0	0	filter:score<3	A="" G="" L="" F="" K="0" N=""
УДТХ	УДТХ	465			0	0	filter:score<3	A="" G="" L="" F="" K="0" N=""
УДТХ	УДТХ	466			0	0	filter:score<3	A="" G="" L="" F="" K="0" N=""
УДТХ	УДТХ	467			0	0	filter:score<3	A="" G="" L="" F="" K="0" N=""
УДТХ	УДТХ	468			0	0	filter:score<3	A="" G="" L="" F="" K="0" N=""
УДТХ	УДТХ	469			0	0	filter:score<3	A="" G="" L="" F="" K="0" N=""
УДТХ	УДТХ	470			0	0	filter:score<3	A="" G="" L="" F="" K="0" N=""
УДТХ	УДТХ	471			0	0	filter:score<3	A="" G="" L="" F="" K="0" N=""
УДТХ	УДТХ	472			0	0	filter:score<3	A="" G="" L="" F="" K="0" N=""
УДТХ	УДТХ	473			0	0	filter:score<3	A="" G="" L="" F="" K="0" N=""
УДТХ	УДТХ	474			0	0	filter:score<3	A="" G="" L="" F="" K="0" N=""
УДТХ	УДТХ	475			0	0	filter:score<3	A="" G="" L="" F="" K="0" N=""
УДТХ	УДТХ	476			0	0	filter:score<3	A="" G="" L="" F="" K="0" N=""
УДТХ	УДТХ	477			0	0	filter:score<3	A="" G="" L="" F="" K="0" N=""
УДТХ	УДТХ	478			0	0	filter:score<3	A="" G="" L="" F="" K="0" N=""
УДТХ	УДТХ	479			0	0	filter:score<3	A="" G="" L="" F="" K="0" N=""
УДТХ	УДТХ	480			0	0	filter:score<3	A="" G="" L="" F="" K="0" N=""
УДТХ	УДТХ	481			0	0	filter:score<3	A="" G="" L="" F="" K="0" N=""
УДТХ	УДТХ	482			0	0	filter:score<3	A="" G="" L="" F="" K="0" N=""
УДТХ	УДТХ	483			0	0	filter:score<3	A="" G="" L="" F="" K="0" N=""
УДТХ	УДТХ	484			0	0	filter:score<3	A="" G="" L="" F="" K="0" N=""
УДТХ	УДТХ	485			0	0	filter:score<3	A="" G="" L="" F="" K="0" N=""
УДТХ	УДТХ	486			0	0	filter:score<3	A="" G="" L="" F="" K="0" N=""
УДТХ	УДТХ	487			0	0	filter:score<3	A="" G="" L="" F="" K="0" N=""
УДТХ	УДТХ	488			0	0	filter:score<3	A="" G="" L="" F="" K="0" N=""
УДТХ	УДТХ	489			0	0	filter:score<3	A="" G="" L="" F="" K="0" N=""
УДТХ	УДТХ	490			0	0	filter:score<3	A="" G="" L="" F="" K="0" N=""
УДТХ	УДТХ	491			0	0	filter:score<3	A="" G="" L="" F="" K="0" N=""
УДТХ	УДТХ	492			0	0	filter:score<3	A="" G="" L="" F="" K="0" N=""
УДТХ	УДТХ	493			0	0	filter:score<3	A="" G="" L="" F="" K="0" N=""
УДТХ	УДТХ	494			0	0	filter:score<3	A="" G="" L="" F="" K="0" N=""
УДТХ	УДТХ	495			0	0	filter:score<3	A="" G="" L="" F="" K="0" N=""
УДТХ	УДТХ	496			0	0	filter:score<3	A="" G="" L="" F="" K="0" N=""
УДТХ	УДТХ	497			0	0	filter:score<3	A="" G="" L="" F="" K="0" N=""
УДТХ	УДТХ	498			0	0	filter:score<3	A="" G="" L="" F="" K="0" N=""
УДТХ	УДТХ	499			0	0	filter:score<3	A="" G="" L="" F="" K="0" N=""
УДТХ	УДТХ	500			0	0	filter:score<3	A="" G="" L="" F="" K="0" N=""
УДТХ	УДТХ	501			0	0	filter:score<3	A="" G="" L="" F="" K="0" N=""
УДТХ	УДТХ	502			0	0	filter:score<3	A="" G="" L="" F="" K="0" N=""
УДТХ	УДТХ	503			0	0	filter:score<3	A="" G="" L="" F="" K="0" N=""
УДТХ	УДТХ	504			0	0	filter:score<3	A="" G="" L="" F="" K="0" N=""
УДТХ	УДТХ	505			0	0	filter:score<3	A="" G="" L="" F="" K="0" N=""
УДТХ	УДТХ	506			0	0	filter:score<3	A="" G="" L="" F="" K="0" N=""
УДТХ	УДТХ	507			0	0	filter:score<3	A="" G="" L="" F="" K="0" N=""
УДТХ	УДТХ	508			0	0	filter:score<3	A="" G="" L="" F="" K="0" N=""
УДТХ	УДТХ	509			0	0	filter:score<3	A="" G="" L="" F="" K="0" N=""
УДТХ	УДТХ	510			0	0	filter:score<3	A="" G="" L="" F="" K="0" N=""
УДТХ	УДТХ	511			0	0	filter:score<3	A="" G="" L="" F="" K="0" N=""
УДТХ	УДТХ	512			0	0	filter:score<3	A="" G="" L="" F="" K="0" N=""
УДТХ	УДТХ	513			0	0	filter:score<3	A="" G="" L="" F="" K="0" N=""
УДТХ	УДТХ	514			0	0	filter:score<3	A="" G="" L="" F="" K="0" N=""
УДТХ	УДТХ	515			0	0	filter:score<3	A="" G="" L="" F="" K="0" N=""
УДТХ	УДТХ	516			0	0	filter:score<3	A="" G="" L="" F="" K="0" N=""
УДТХ	УДТХ	517			0	0	filter:score<3	A="" G="" L="" F="" K="0" N=""
УДТХ	УДТХ	518			0	0	filter:score<3	A="" G="" L="" F="" K="0" N=""
УДТХ	УДТХ	519			0	0	filter:score<3	A="" G="" L="" F="" K="0" N=""
УДТХ	УДТХ	520			0	0	filter:score<3	A="" G="" L="" F="" K="0" N=""
УДТХ	УДТХ	521			0	0	filter:score<3	A="" G="" L="" F="" K="0" N=""
УДТХ	УДТХ	522			0	0	filter:score<3	A="" G="" L="" F="" K="0" N=""
УДТХ	УДТХ	523			0	0	filter:score<3	A="" G="" L="" F="" K="0" N=""
УДТХ	УДТХ	524			0	0	filter:score<3	A="" G="" L="" F="" K="0" N=""
УДТХ	УДТХ	525			0	0	filter:score<3	A="" G="" L="" F="" K="0" N=""
УДТХ	УДТХ	526			0	0	filter:score<3	A="" G="" L="" F="" K="0" N=""
УДТХ	УДТХ	527			0	0	filter:score<3	A="" G="" L="" F="" K="0" N=""
УДТХ	УДТХ	528			0	0	filter:score<3	A="" G="" L="" F="" K="0" N=""
УДТХ	УДТХ	529			0	0	filter:score<3	A="" G="" L="" F="" K="0" N=""
УДТХ	УДТХ	530			0	0	filter:score<3	A="" G="" L="" F="" K="0" N=""
УДТХ	УДТХ	531			0	0	filter:score<3	A="" G="" L="" F="" K="0" N=""
УДТХ	УДТХ	532			0	0	filter:score<3	A="" G="" L="" F="" K="0" N=""
УДТХ	УДТХ	533			0	0	filter:score<3	A="" G="" L="" F="" K="0" N=""
УДТХ	УДТХ	534			0	0	filter:score<3	A="" G="" L="" F="" K="0" N=""
УДТХ	УДТХ	535			0	0	filter:score<3	A="" G="" L="" F="" K="0" N=""
УДТХ	УДТХ	536			0	0	filter:score<3	A="" G="" L="" F="" K="0" N=""
УДТХ	УДТХ	537			0	0	filter:score<3	A="" G="" L="" F="" K="0" N=""
УДТХ	УДТХ	538			0	0	filter:score<3	A="" G="" L="" F="" K="0" N=""
УДТХ	УДТХ	539			0	0	filter:score<3	A="" G="" L="" F="" K="0" N=""
УДТХ	УДТХ	540			0	0	filter:score<3	A="" G="" L="" F="" K="0" N=""
УДТХ	УДТХ	541			0	0	filter:score<3	A="" G="" L="" F="" K="0" N=""
УДТХ	УДТХ	542			0	0	filter:score<3	A="" G="" L="" F="" K="0" N=""
УДТХ	УДТХ	543			0	0	filter:score<3	A="" G="" L="" F="" K="0" N=""
УДТХ	УДТХ	544			0	0	filter:score<3	A="" G="" L="" F="" K="0" N=""
УДТХ	УДТХ	545			0	0	filter:score<3	A="" G="" L="" F="" K="0" N=""
УДТХ	УДТХ	546			0	0	filter:score<3	A="" G="" L="" F="" K="0" N=""
УДТХ	УДТХ	547			0	0	filter:score<3	A="" G="" L="" F="" K="0" N=""
УДТХ	УДТХ	548			0	0	filter:score<3	A="" G="" L="" F="" K="0" N=""
УДТХ	УДТХ	549			0	0	filter:score<3	A="" G="" L="" F="" K="0" N=""
УДТХ	УДТХ	550			0	0	filter:score<3	A="" G="" L="" F="" K="0" N=""
УДТХ	УДТХ	551			0	0	filter:score<3	A="" G="" L="" F="" K="0" N=""
УДТХ	УДТХ	552			0	0	filter:score<3	A="" G="" L="" F="" K="0" N=""
УДТХ	УДТХ	553			0	0	filter:score<3	A="" G="" L="" F="" K="0" N=""
УДТХ	УДТХ	554			0	0	filter:score<3	A="" G="" L="" F="" K="0" N=""
УДТХ	УДТХ	555			0	0	filter:score<3	A="" G="" L="" F="" K="0" N=""
УДТХ	УДТХ	556			0	0	filter:score<3	A="" G="" L="" F="" K="0" N=""
УДТХ	УДТХ	557			0	0	filter:score<3	A="" G="" L="" F="" K="0" N=""
УДТХ	УДТХ	558			0	0	filter:score<3	A="" G="" L="" F="" K="0" N=""
УДТХ	УДТХ	559			0	0	filter:score<3	A="" G="" L="" F="" K="0" N=""
УДТХ	УДТХ	560			0	0	filter:score<3	A="" G="" L="" F="" K="0" N=""
УДТХ	УДТХ	561			0	0	filter:score<3	A="" G="" L="" F="" K="0" N=""
УДТХ	УДТХ	562			0	0	filter:score<3	A="" G="" L="" F="" K="0" N=""
УДТХ	УДТХ	563			0	0	filter:score<3	A="" G="" L="" F="" K="0" N=""
УДТХ	УДТХ	564			0	0	filter:score<3	A="" G="" L="" F="" K="0" N=""
УДТХ	УДТХ	565			0	0	filter:score<3	A="" G="" L="" F="" K="0" N=""
УДТХ	УДТХ	566			0	0	filter:score<3	A="" G="" L="" F="" K="0" N=""
УДТХ	УДТХ	567			0	0	filter:score<3	A="" G="" L="" F="" K="0" N=""
УДТХ	УДТХ	568			0	0	filter:score<3	A="" G="" L="" F="" K="0" N=""
УДТХ	УДТХ	569			0	0	filter:score<3	A="" G="" L="" F="" K="0" N=""
УДТХ	УДТХ	570			0	0	filter:score<3	A="" G="" L="" F="" K="0" N=""
УДТХ	УДТХ	571			0	0	filter:score<3	A="" G="" L="" F="" K="0" N=""
УДТХ	УДТХ	572			0	0	filter:score<3	A="" G="" L="" F="" K="0" N=""
УДТХ	УДТХ	573			0	0	filter:score<3	A="" G="" L="" F="" K="0" N=""
УДТХ	УДТХ	574			0	0	filter:score<3	A="" G="" L="" F="" K="0" N=""
УДТХ	УДТХ	575			0	0	filter:score<3	A="" G="" L="" F="" K="0" N=""
УДТХ	УДТХ	576			0	0	filter:score<3	A="" G="" L="" F="" K="0" N=""
УДТХ	УДТХ	577			0	0	filter:score<3	A="" G="" L="" F="" K="0" N=""
УДТХ	УДТХ	578			0	0	filter:score<3	A="" G="" L="" F="" K="0" N=""
УДТХ	УДТХ	579			0	0	filter:score<3	A="" G="" L="" F="" K="0" N=""
УДТХ	УДТХ	580			0	0	filter:score<3	A="" G="" L="" F="" K="0" N=""
УДТХ	УДТХ	581			0	0	filter:score<3	A="" G="" L="" F="" K="0" N=""
УДТХ	УДТХ	582			0	0	filter:score<3	A="" G="" L="" F="" K="0" N=""
УДТХ	УДТХ	583			0	0	filter:score<3	A="" G="" L="" F="" K="0" N=""
УДТХ	УДТХ	584			0	0	filter:score<3	A="" G="" L="" F="" K="0" N=""
УДТХ	УДТХ	585			0	0	filter:score<3	A="" G="" L="" F="" K="0" N=""
УДТХ	УДТХ	586			0	0	filter:score<3	A="" G="" L="" F="" K="0" N=""
УДТХ	УДТХ	587			0	0	filter:score<3	A="" G="" L="" F="" K="0" N=""
УДТХ	УДТХ	588			0	0	filter:score<3	A="" G="" L="" F="" K="0" N=""
УДТХ	УДТХ	589			0	0	filter:score<3	A="" G="" L="" F="" K="0" N=""
УДТХ	УДТХ	590			0	0	filter:score<3	A="" G="" L="" F="" K="0" N=""
УДТХ	УДТХ	591			0	0	filter:score<3	A="" G="" L="" F="" K="0" N=""
УДТХ	УДТХ	592			0	0	filter:score<3	A="" G="" L="" F="" K="0" N=""
УДТХ	УДТХ	593			0	0	filter:score<3	A="" G="" L="" F="" K="0" N=""
УДТХ	УДТХ	594			0	0	filter:score<3	A="" G="" L="" F="" K="0" N=""
УДТХ	УДТХ	595			0	0	filter:score<3	A="" G="" L="" F="" K="0" N=""
УДТХ	УДТХ	596			0	0	filter:score<3	A="" G="" L="" F="" K="0" N=""
УДТХ	УДТХ	597			0	0	filter:score<3	A="" G="" L="" F="" K="0" N=""
УДТХ	УДТХ	598			0	0	filter:score<3	A="" G="" L="" F="" K="0" N=""
УДТХ	УДТХ	599			0	0	filter:score<3	A="" G="" L="" F="" K="0" N=""
УДТХ	УДТХ	600			0	0	filter:score<3	A="" G="" L="" F="" K="0" N=""
УДТХ	УДТХ	601			0	0	filter:score<3	A="" G="" L="" F="" K="0" N=""
УДТХ	УДТХ	602			0	0	filter:score<3	A="" G="" L="" F="" K="0" N=""
УДТХ	УДТХ	603			0	0	filter:score<3	A="" G="" L="" F="" K="0" N=""
УДТХ	УДТХ	604			0	0	filter:score<3	A="" G="" L="" F="" K="0" N=""
УДТХ	УДТХ	605			0	0	filter:score<3	A="" G="" L="" F="" K="0" N=""
УДТХ	УДТХ	606			0	0	filter:score<3	A="" G="" L="" F="" K="0" N=""
УДТХ	УДТХ	607			0	0	filter:score<3	A="" G="" L="" F="" K="0" N=""
УДТХ	УДТХ	608			0	0	filter:score<3	A="" G="" L="" F="" K="0" N=""
УДТХ	УДТХ	609			0	0	filter:score<3	A="" G="" L="" F="" K="0" N=""
УДТХ	УДТХ	610			0	0	filter:score<3	A="" G="" L="" F="" K="0" N=""
УДТХ	УДТХ	611			0	0	filter:score<3	A="" G="" L="" F="" K="0" N=""
УДТХ	УДТХ	612			0	0	filter:score<3	A="" G="" L="" F="" K="0" N=""
УДТХ	УДТХ	613			0	0	filter:score<3	A="" G="" L="" F="" K="0" N=""
УДТХ	УДТХ	614			0	0	filter:score<3	A="" G="" L="" F="" K="0" N=""
УДТХ	УДТХ	615			0	0	filter:score<3	A="" G="" L="" F="" K="0" N=""
УДТХ	УДТХ	616			0	0	filter:score<3	A="" G="" L="" F="" K="0" N=""
УДТХ	УДТХ	617			0	0	filter:score<3	A="" G="" L="" F="" K="0" N=""
УДТХ	УДТХ	618			0	0	filter:score<3	A="" G="" L="" F="" K="0" N=""
УДТХ	УДТХ	619			0	0	filter:score<3	A="" G="" L="" F="" K="0" N=""
УДТХ	УДТХ	620			0	0	filter:score<3	A="" G="" L="" F="" K="0" N=""
УДТХ	УДТХ	621			0	0	filter:score<3	A="" G="" L="" F="" K="0" N=""
УДТХ	УДТХ	622			0	0	filter:score<3	A="" G="" L="" F="" K="0" N=""
УДТХ	УДТХ	623			0	0	filter:score<3	A="" G="" L="" F="" K="0" N=""
УДТХ	УДТХ	624			0	0	filter:score<3	A="" G="" L="" F="" K="0" N=""
УДТХ	УДТХ	625			0	0	filter:score<3	A="" G="" L="" F="" K="0" N=""
УДТХ	УДТХ	626			0	0	filter:score<3	A="" G="" L="" F="" K="0" N=""
УДТХ	УДТХ	627			0	0	filter:score<3	A="" G="" L="" F="" K="0" N=""
УДТХ	УДТХ	628			0	0	filter:score<3	A="" G="" L="" F="" K="0" N=""
УДТХ	УДТХ	629			0	0	filter:score<3	A="" G="" L="" F="" K="0" N=""
УДТХ	УДТХ	630			0	0	filter:score<3	A="" G="" L="" F="" K="0" N=""
УДТХ	УДТХ	631			0	0	filter:score<3	A="" G="" L="" F="" K="0" N=""
УДТХ	УДТХ	632			0	0	filter:score<3	A="" G="" L="" F="" K="0" N=""
УДТХ	УДТХ	633			0	0	filter:score<3	A="" G="" L="" F="" K="0" N=""
УДТХ	УДТХ	634			0	0	filter:score<3	A="" G="" L="" F="" K="0" N=""
УДТХ	УДТХ	635			0	0	filter:score<3	A="" G="" L="" F="" K="0" N=""
УДТХ	УДТХ	636			0	0	filter:score<3	A="" G="" L="" F="" K="0" N=""
УДТХ	УДТХ	637			0	0	filter:score<3	A="" G="" L="" F="" K="0" N=""
УДТХ	УДТХ	638			0	0	filter:score<3	A="" G="" L="" F="" K="0" N=""
УДТХ	УДТХ	639			0	0	filter:score<3	A="" G="" L="" F="" K="0" N=""
УДТХ	УДТХ	640			0	0	filter:score<3	A="" G="" L="" F="" K="0" N=""
УДТХ	УДТХ	641			0	0	filter:score<3	A="" G="" L="" F="" K="0" N=""
УДТХ	УДТХ	642			0	0	filter:score<3	A="" G="" L="" F="" K="0" N=""
УДТХ	УДТХ	643			0	0	filter:score<3	A="" G="" L="" F="" K="0" N=""
УДТХ	УДТХ	644			0	0	filter:score<3	A="" G="" L="" F="" K="0" N=""
УДТХ	УДТХ	645			0	0	filter:score<3	A="" G="" L="" F="" K="0" N=""
УДТХ	УДТХ	646			0	0	filter:score<3	A="" G="" L="" F="" K="0" N=""
УДТХ	УДТХ	647			0	0	filter:score<3	A="" G="" L="" F="" K="0" N=""
УДТХ	УДТХ	648			0	0	filter:score<3	A="" G="" L="" F="" K="0" N=""
УДТХ	УДТХ	649			0	0	filter:score<3	A="" G="" L="" F="" K="0" N=""
УДТХ	УДТХ	650			0	0	filter:score<3	A="" G="" L="" F="" K="0" N=""
УДТХ	УДТХ	651			0	0	filter:score<3	A="" G="" L="" F="" K="0" N=""
УДТХ	УДТХ	652			0	0	filter:score<3	A="" G="" L="" F="" K="0" N=""
УДТХ	УДТХ	653			0	0	filter:score<3	A="" G="" L="" F="" K="0" N=""
УДТХ	УДТХ	654			0	0	filter:score<3	A="" G="" L="" F="" K="0" N=""
УДТХ	УДТХ	655			0	0	filter:score<3	A="" G="" L="" F="" K="0" N=""
УДТХ	УДТХ	656			0	0	filter:score<3	A="" G="" L="" F="" K="0" N=""
УДТХ	УДТХ	657			0	0	filter:score<3	A="" G="" L="" F="" K="0" N=""
УДТХ	УДТХ	658			0	0	filter:score<3	A="" G="" L="" F="" K="0" N=""
УДТХ	УДТХ	659			0	0	filter:score<3	A="" G="" L="" F="" K="0" N=""
УДТХ	УДТХ	660			0	0	filter:score<3	A="" G="" L="" F="" K="0" N=""
УДТХ	УДТХ	661			0	0	filter:score<3	A="" G="" L="" F="" K="0" N=""
УДТХ	УДТХ	662			0	0	filter:score<3	A="" G="" L="" F="" K="0" N=""
УДТХ	УДТХ	663			0	0	filter:score<3	A="" G="" L="" F="" K="0" N=""
УДТХ	УДТХ	664			0	0	filter:score<3	A="" G="" L="" F="" K="0" N=""
УДТХ	УДТХ	665			0	0	filter:score<3	A="" G="" L="" F="" K="0" N=""
УДТХ	УДТХ	666			0	0	filter:score<3	A="" G="" L="" F="" K="0" N=""
УДТХ	УДТХ	667			0	0	filter:score<3	A="" G="" L="" F="" K="0" N=""
УДТХ	УДТХ	668			0	0	filter:score<3	A="" G="" L="" F="" K="0" N=""
УДТХ	УДТХ	669			0	0	filter:score<3	A="" G="" L="" F="" K="0" N=""
УДТХ	УДТХ	670			0	0	filter:score<3	A="" G="" L="" F="" K="0" N=""
УДТХ	УДТХ	671			0	0	filter:score<3	A="" G="" L="" F="" K="0" N=""
УДТХ	УДТХ	672			0	0	filter:score<3	A="" G="" L="" F="" K="0" N=""
УДТХ	УДТХ	673			0	0	filter:score<3	A="" G="" L="" F="" K="0" N=""
УДТХ	УДТХ	674			0	0	filter:score<3	A="" G="" L="" F="" K="0" N=""
УДТХ	УДТХ	675			0	0	filter:score<3	A="" G="" L="" F="" K="0" N=""
УДТХ	УДТХ	676			0	0	filter:score<3	A="" G="" L="" F="" K="0" N=""
УДТХ	УДТХ	677			0	0	filter:score<3	A="" G="" L="" F="" K="0" N=""
УДТХ	УДТХ	678			0	0	filter:score<3	A="" G="" L="" F="" K="0" N=""
УДТХ	УДТХ	679			0	0	filter:score<3	A="" G="" L="" F="" K="0" N=""
УДТХ	УДТХ	680			0	0	filter:score<3	A="" G="" L="" F="" K="0" N=""
УДТХ	УДТХ	681			0	0	filter:score<3	A="" G="" L="" F="" K="0" N=""
УДТХ	УДТХ	682			0	0	filter:score<3	A="" G="" L="" F="" K="0" N=""
УДТХ	УДТХ	683			0	0	filter:score<3	A="" G="" L="" F="" K="0" N=""
УДТХ	УДТХ	684			0	0	filter:score<3	A="" G="" L="" F="" K="0" N=""
УДТХ	УДТХ	685			0	0	filter:score<3	A="" G="" L="" F="" K="0" N=""
УДТХ	УДТХ	686			0	0	filter:score<3	A="" G="" L="" F="" K="0" N=""
УДТХ	УДТХ	687			0	0	filter:score<3	A="" G="" L="" F="" K="0" N=""
УДТХ	УДТХ	688			0	0	filter:score<3	A="" G="" L="" F="" K="0" N=""
УДТХ	УДТХ	689			0	0	filter:score<3	A="" G="" L="" F="" K="0" N=""
УДТХ	УДТХ	690			0	0	filter:score<3	A="" G="" L="" F="" K="0" N=""
УДТХ	УДТХ	691			0	0	filter:score<3	A="" G="" L="" F="" K="0" N=""
УДТХ	УДТХ	692			0	0	filter:score<3	A="" G="" L="" F="" K="0" N=""
УДТХ	УДТХ	693			0	0	filter:score<3	A="" G="" L="" F="" K="0" N=""
УДТХ	УДТХ	694			0	0	filter:score<3	A="" G="" L="" F="" K="0" N=""
УДТХ	УДТХ	695			0	0	filter:score<3	A="" G="" L="" F="" K="0" N=""
УДТХ	УДТХ	696			0	0	filter:score<3	A="" G="" L="" F="" K="0" N=""
УДТХ	УДТХ	697			0	0	filter:score<3	A="" G="" L="" F="" K="0" N=""
УДТХ	УДТХ	698			0	0	filter:score<3	A="" G="" L="" F="" K="0" N=""
УДТХ	УДТХ	699			0	0	filter:score<3	A="" G="" L="" F="" K="0" N=""
УДТХ	УДТХ	700			0	0	filter:score<3	A="" G="" L="" F="" K="0" N=""
УДТХ	УДТХ	701			0	0	filter:score<3	A="" G="" L="" F="" K="0" N=""
УДТХ	УДТХ	702			0	0	filter:score<3	A="" G="" L="" F="" K="0" N=""
УДТХ	УДТХ	703			0	0	filter:score<3	A="" G="" L="" F="" K="0" N=""
УДТХ	УДТХ	704			0	0	filter:score<3	A="" G="" L="" F="" K="0" N=""
УДТХ	УДТХ	705			0	0	filter:score<3	A="" G="" L="" F="" K="0" N=""
УДТХ	УДТХ	706			0	0	filter:score<3	A="" G="" L="" F="" K="0" N=""
УДТХ	УДТХ	707			0	0	filter:score<3	A="" G="" L="" F="" K="0" N=""
УДТХ	УДТХ	708			0	0	filter:score<3	A="" G="" L="" F="" K="0" N=""
УДТХ	УДТХ	709			0	0	filter:score<3	A="" G="" L="" F="" K="0" N=""
УДТХ	УДТХ	710			0	0	filter:score<3	A="" G="" L="" F="" K="0" N=""
УДТХ	УДТХ	711			0	0	filter:score<3	A="" G="" L="" F="" K="0" N=""
УДТХ	УДТХ	712			0	0	filter:score<3	A="" G="" L="" F="" K="0" N=""
УДТХ	УДТХ	713			0	0	filter:score<3	A="" G="" L="" F="" K="0" N=""
УДТХ	УДТХ	714			0	0	filter:score<3	A="" G="" L="" F="" K="0" N=""
УДТХ	УДТХ	715			0	0	filter:score<3	A="" G="" L="" F="" K="0" N=""
УДТХ	УДТХ	716			0	0	filter:score<3	A="" G="" L="" F="" K="0" N=""
УДТХ	УДТХ	717			0	0	filter:score<3	A="" G="" L="" F="" K="0" N=""
УДТХ	УДТХ	718			0	0	filter:score<3	A="" G="" L="" F="" K="0" N=""
УДТХ	УДТХ	719			0	0	filter:score<3	A="" G="" L="" F="" K="0" N=""
УДТХ	УДТХ	720			0	0	filter:score<3	A="" G="" L="" F="" K="0" N=""
УДТХ	УДТХ	721			0	0	filter:score<3	A="" G="" L="" F="" K="0" N=""
УДТХ	УДТХ	722			0	0	filter:score<3	A="" G="" L="" F="" K="0" N=""
УДТХ	УДТХ	723			0	0	filter:score<3	A="" G="" L="" F="" K="0" N=""
УДТХ	УДТХ	724			0	0	filter:score<3	A="" G="" L="" F="" K="0" N=""
УДТХ	УДТХ	725			0	0	filter:score<3	A="" G="" L="" F="" K="0" N=""
УДТХ	УДТХ	726			0	0	filter:score<3	A="" G="" L="" F="" K="0" N=""
УДТХ	УДТХ	727			0	0	filter:score<3	A="" G="" L="" F="" K="0" N=""
УДТХ	УДТХ	728			0	0	filter:score<3	A="" G="" L="" F="" K="0" N=""
УДТХ	УДТХ	729			0	0	filter:score<3	A="" G="" L="" F="" K="0" N=""
УДТХ	УДТХ	730			0	0	filter:score<3	A="" G="" L="" F="" K="0" N=""
УДТХ	УДТХ	731			0	0	filter:score<3	A="" G="" L="" F="" K="0" N=""
УДТХ	УДТХ	732			0	0	filter:score<3	A="" G="" L="" F="" K="0" N=""
УДТХ	УДТХ	733			0	0	filter:score<3	A="" G="" L="" F="" K="0" N=""
УДТХ	УДТХ	734			0	0	filter:score<3	A="" G="" L="" F="" K="0" N=""
УДТХ	УДТХ	735			0	0	filter:score<3	A="" G="" L="" F="" K="0" N=""
УДТХ	УДТХ	736			0	0	filter:score<3	A="" G="" L="" F="" K="0" N=""
УДТХ	УДТХ	737			0	0	filter:score<3	A="" G="" L="" F="" K="0" N=""
УДТХ	УДТХ	738			0	0	filter:score<3	A="" G="" L="" F="" K="0" N=""
УДТХ	УДТХ	739			0	0	filter:score<3	A="" G="" L="" F="" K="0" N=""
УДТХ	УДТХ	740			0	0	filter:score<3	A="" G="" L="" F="" K="0" N=""
УДТХ	УДТХ	741			0	0	filter:score<3	A="" G="" L="" F="" K="0" N=""
УДТХ	УДТХ	742			0	0	filter:score<3	A="" G="" L="" F="" K="0" N=""
УДТХ	УДТХ	743			0	0	filter:score<3	A="" G="" L="" F="" K="0" N=""
УДТХ	УДТХ	744			0	0	filter:score<3	A="" G="" L="" F="" K="0" N=""
УДТХ	УДТХ	745			0	0	filter:score<3	A="" G="" L="" F="" K="0" N=""
УДТХ	УДТХ	746			0	0	filter:score<3	A="" G="" L="" F="" K="0" N=""
УДТХ	УДТХ	747			0	0	filter:score<3	A="" G="" L="" F="" K="0" N=""
УДТХ	УДТХ	748			0	0	filter:score<3	A="" G="" L="" F="" K="0" N=""
УДТХ	УДТХ	749			0	0	filter:score<3	A="" G="" L="" F="" K="0" N=""
УДТХ	УДТХ	750			0	0	filter:score<3	A="" G="" L="" F="" K="0" N=""
УДТХ	УДТХ	751			0	0	filter:score<3	A="" G="" L="" F="" K="0" N=""
УДТХ	УДТХ	752			0	0	filter:score<3	A="" G="" L="" F="" K="0" N=""
УДТХ	УДТХ	753			0	0	filter:score<3	A="" G="" L="" F="" K="0" N=""
УДТХ	УДТХ	754			0	0	filter:score<3	A="" G="" L="" F="" K="0" N=""
УДТХ	УДТХ	755			0	0	filter:score<3	A="" G="" L="" F="" K="0" N=""
УДТХ	УДТХ	756			0	0	filter:score<3	A="" G="" L="" F="" K="0" N=""
УДТХ	УДТХ	757			0	0	filter:score<3	A="" G="" L="" F="" K="0" N=""
УДТХ	УДТХ	758			0	0	filter:score<3	A="" G="" L="" F="" K="0" N=""
УДТХ	УДТХ	759			0	0	filter:score<3	A="" G="" L="" F="" K="0" N=""
УДТХ	УДТХ	760			0	0	filter:score<3	A="" G="" L="" F="" K="0" N=""
УДТХ	УДТХ	761			0	0	filter:score<3	A="" G="" L="" F="" K="0" N=""
УДТХ	УДТХ	762			0	0	filter:score<3	A="" G="" L="" F="" K="0" N=""
УДТХ	УДТХ	763			0	0	filter:score<3	A="" G="" L="" F="" K="0" N=""
УДТХ	УДТХ	764			0	0	filter:score<3	A="" G="" L="" F="" K="0" N=""
УДТХ	УДТХ	765			0	0	filter:score<3	A="" G="" L="" F="" K="0" N=""
УДТХ	УДТХ	766			0	0	filter:score<3	A="" G="" L="" F="" K="0" N=""
УДТХ	УДТХ	767			0	0	filter:score<3	A="" G="" L="" F="" K="0" N=""
УДТХ	УДТХ	768			0	0	filter:score<3	A="" G="" L="" F="" K="0" N=""
УДТХ	УДТХ	769			0	0	filter:score<3	A="" G="" L="" F="" K="0" N=""
УДТХ	УДТХ	770			0	0	filter:score<3	A="" G="" L="" F="" K="0" N=""
УДТХ	УДТХ	771			0	0	filter:score<3	A="" G="" L="" F="" K="0" N=""
УДТХ	УДТХ	772			0	0	filter:score<3	A="" G="" L="" F="" K="0" N=""
УДТХ	УДТХ	773			0	0	filter:score<3	A="" G="" L="" F="" K="0" N=""
УДТХ	УДТХ	774			0	0	filter:score<3	A="" G="" L="" F="" K="0" N=""
УДТХ	УДТХ	775			0	0	filter:score<3	A="" G="" L="" F="" K="0" N=""
УДТХ	УДТХ	776			0	0	filter:score<3	A="" G="" L="" F="" K="0" N=""
УДТХ	УДТХ	777			0	0	filter:score<3	A="" G="" L="" F="" K="0" N=""
УДТХ	УДТХ	778			0	0	filter:score<3	A="" G="" L="" F="" K="0" N=""
УДТХ	УДТХ	779			0	0	filter:score<3	A="" G="" L="" F="" K="0" N=""
УДТХ	УДТХ	780			0	0	filter:score<3	A="" G="" L="" F="" K="0" N=""
УДТХ	УДТХ	781			0	0	filter:score<3	A="" G="" L="" F="" K="0" N=""
УДТХ	УДТХ	782			0	0	filter:score<3	A="" G="" L="" F="" K="0" N=""
УДТХ	УДТХ	783			0	0	filter:score<3	A="" G="" L="" F="" K="0" N=""
УДТХ	УДТХ	784			0	0	filter:score<3	A="" G="" L="" F="" K="0" N=""
УДТХ	УДТХ	785			0	0	filter:score<3	A="" G="" L="" F="" K="0" N=""
УДТХ	УДТХ	786			0	0	filter:score<3	A="" G="" L="" F="" K="0" N=""
УДТХ	УДТХ	787			0	0	filter:score<3	A="" G="" L="" F="" K="0" N=""
УДТХ	УДТХ	788			0	0	filter:score<3	A="" G="" L="" F="" K="0" N=""
УДТХ	УДТХ	789			0	0	filter:score<3	A="" G="" L="" F="" K="0" N=""
УДТХ	УДТХ	790			0	0	filter:score<3	A="" G="" L="" F="" K="0" N=""
УДТХ	УДТХ	791			0	0	filter:score<3	A="" G="" L="" F="" K="0" N=""
УДТХ	УДТХ	792			0	0	filter:score<3	A="" G="" L="" F="" K="0" N=""
УДТХ	УДТХ	793			0	0	filter:score<3	A="" G="" L="" F="" K="0" N=""
УДТХ	УДТХ	794			0	0	filter:score<3	A="" G="" L="" F="" K="0" N=""
УДТХ	УДТХ	795			0	0	filter:score<3	A="" G="" L="" F="" K="0" N=""
УДТХ	УДТХ	796			0	0	filter:score<3	A="" G="" L="" F="" K="0" N=""
УДТХ	УДТХ	797			0	0	filter:score<3	A="" G="" L="" F="" K="0" N=""
УДТХ	УДТХ	798			0	0	filter:score<3	A="" G="" L="" F="" K="0" N=""
УДТХ	УДТХ	799			0	0	filter:score<3	A="" G="" L="" F="" K="0" N=""
УДТХ	УДТХ	800			0	0	filter:score<3	A="" G="" L="" F="" K="0" N=""
УДТХ	УДТХ	801			0	0	filter:score<3	A="" G="" L="" F="" K="0" N=""
УДТХ	УДТХ	802			0	0	filter:score<3	A="" G="" L="" F="" K="0" N=""
УДТХ	УДТХ	803			0	0	filter:score<3	A="" G="" L="" F="" K="0" N=""
УДТХ	УДТХ	804			0	0	filter:score<3	A="" G="" L="" F="" K="0" N=""
УДТХ	УДТХ	805			0	0	filter:score<3	A="" G="" L="" F="" K="0" N=""
УДТХ	УДТХ	806			0	0	filter:score<3	A="" G="" L="" F="" K="0" N=""
УДТХ	УДТХ	807			0	0	filter:score<3	A="" G="" L="" F="" K="0" N=""
УДТХ	УДТХ	808			0	0	filter:score<3	A="" G="" L="" F="" K="0" N=""
УДТХ	УДТХ	809			0	0	filter:score<3	A="" G="" L="" F="" K="0" N=""
УДТХ	УДТХ	810			0	0	filter:score<3	A="" G="" L="" F="" K="0" N=""
УДТХ	УДТХ	811			0	0	filter:score<3	A="" G="" L="" F="" K="0" N=""
УДТХ	УДТХ	812			0	0	filter:score<3	A="" G="" L="" F="" K="0" N=""
УДТХ	УДТХ	813			0	0	filter:score<3	A="" G="" L="" F="" K="0" N=""
УДТХ	УДТХ	814			0	0	filter:score<3	A="" G="" L="" F="" K="0" N=""
УДТХ	УДТХ	815			0	0	filter:score<3	A="" G="" L="" F="" K="0" N=""
УДТХ	УДТХ	816			0	0	filter:score<3	A="" G="" L="" F="" K="0" N=""
УДТХ	УДТХ	817			0	0	filter:score<3	A="" G="" L="" F="" K="0" N=""
УДТХ	УДТХ	818			0	0	filter:score<3	A="" G="" L="" F="" K="0" N=""
УДТХ	УДТХ	819			0	0	filter:score<3	A="" G="" L="" F="" K="0" N=""
УДТХ	УДТХ	820			0	0	filter:score<3	A="" G="" L="" F="" K="0" N=""
УДТХ	УДТХ	821			0	0	filter:score<3	A="" G="" L="" F="" K="0" N=""
УДТХ	УДТХ	822			0	0	filter:score<3	A="" G="" L="" F="" K="0" N=""
УДТХ	УДТХ	823			0	0	filter:score<3	A="" G="" L="" F="" K="0" N=""
УДТХ	УДТХ	824			0	0	filter:score<3	A="" G="" L="" F="" K="0" N=""
УДТХ	УДТХ	825			0	0	filter:score<3	A="" G="" L="" F="" K="0" N=""
УДТХ	УДТХ	826			0	0	filter:score<3	A="" G="" L="" F="" K="0" N=""
УДТХ	УДТХ	827			0	0	filter:score<3	A="" G="" L="" F="" K="0" N=""
УДТХ	УДТХ	828			0	0	filter:score<3	A="" G="" L="" F="" K="0" N=""
УДТХ	УДТХ	829			0	0	filter:score<3	A="" G="" L="" F="" K="0" N=""
УДТХ	УДТХ	830			0	0	filter:score<3	A="" G="" L="" F="" K="0" N=""
УДТХ	УДТХ	831			0	0	filter:score<3	A="" G="" L="" F="" K="0" N=""
УДТХ	УДТХ	832			0	0	filter:score<3	A="" G="" L="" F="" K="0" N=""
УДТХ	УДТХ	833			0	0	filter:score<3	A="" G="" L="" F="" K="0" N=""
УДТХ	УДТХ	834			0	0	filter:score<3	A="" G="" L="" F="" K="0" N=""
УДТХ	УДТХ	835			0	0	filter:score<3	A="" G="" L="" F="" K="0" N=""
УДТХ	УДТХ	836			0	0	filter:score<3	A="" G="" L="" F="" K="0" N=""
УДТХ	УДТХ	837			0	0	filter:score<3	A="" G="" L="" F="" K="0" N=""
УДТХ	УДТХ	838			0	0	filter:score<3	A="" G="" L="" F="" K="0" N=""
УДТХ	УДТХ	839			0	0	filter:score<3	A="" G="" L="" F="" K="0" N=""
УДТХ	УДТХ	840			0	0	filter:score<3	A="" G="" L="" F="" K="0" N=""
УДТХ	УДТХ	841			0	0	filter:score<3	A="" G="" L="" F="" K="0" N=""
УДТХ	УДТХ	842			0	0	filter:score<3	A="" G="" L="" F="" K="0" N=""
УДТХ	УДТХ	843			0	0	filter:score<3	A="" G="" L="" F="" K="0" N=""
УДТХ	УДТХ	844			0	0	filter:score<3	A="" G="" L="" F="" K="0" N=""
УДТХ	УДТХ	845			0	0	filter:score<3	A="" G="" L="" F="" K="0" N=""
УДТХ	УДТХ	846			0	0	filter:score<3	A="" G="" L="" F="" K="0" N=""
УДТХ	УДТХ	847			0	0	filter:score<3	A="" G="" L="" F="" K="0" N=""
УДТХ	УДТХ	848			0	0	filter:score<3	A="" G="" L="" F="" K="0" N=""
УДТХ	УДТХ	849			0	0	filter:score<3	A="" G="" L="" F="" K="0" N=""
УДТХ	УДТХ	850			0	0	filter:score<3	A="" G="" L="" F="" K="0" N=""
УДТХ	УДТХ	851			0	0	filter:score<3	A="" G="" L="" F="" K="0" N=""
УДТХ	УДТХ	852			0	0	filter:score<3	A="" G="" L="" F="" K="0" N=""
УДТХ	УДТХ	853			0	0	filter:score<3	A="" G="" L="" F="" K="0" N=""
УДТХ	УДТХ	854			0	0	filter:score<3	A="" G="" L="" F="" K="0" N=""
УДТХ	УДТХ	855			0	0	filter:score<3	A="" G="" L="" F="" K="0" N=""
УДТХ	УДТХ	856			0	0	filter:score<3	A="" G="" L="" F="" K="0" N=""
УДТХ	УДТХ	857			0	0	filter:score<3	A="" G="" L="" F="" K="0" N=""
УДТХ	УДТХ	858			0	0	filter:score<3	A="" G="" L="" F="" K="0" N=""
УДТХ	УДТХ	859			0	0	filter:score<3	A="" G="" L="" F="" K="0" N=""
УДТХ	УДТХ	860			0	0	filter:score<3	A="" G="" L="" F="" K="0" N=""
УДТХ	УДТХ	861			0	0	filter:score<3	A="" G="" L="" F="" K="0" N=""
УДТХ	УДТХ	862			0	0	filter:score<3	A="" G="" L="" F="" K="0" N=""
УДТХ	УДТХ	863			0	0	filter:score<3	A="" G="" L="" F="" K="0" N=""
УДТХ	УДТХ	864			0	0	filter:score<3	A="" G="" L="" F="" K="0" N=""
УДТХ	УДТХ	865			0	0	filter:score<3	A="" G="" L="" F="" K="0" N=""
УДТХ	УДТХ	866			0	0	filter:score<3	A="" G="" L="" F="" K="0" N=""
УДТХ	УДТХ	867			0	0	filter:score<3	A="" G="" L="" F="" K="0" N=""
УДТХ	УДТХ	868			0	0	filter:score<3	A="" G="" L="" F="" K="0" N=""
УДТХ	УДТХ	869			0	0	filter:score<3	A="" G="" L="" F="" K="0" N=""
УДТХ	УДТХ	870			0	0	filter:score<3	A="" G="" L="" F="" K="0" N=""
УДТХ	УДТХ	871			0	0	filter:score<3	A="" G="" L="" F="" K="0" N=""
УДТХ	УДТХ	872			0	0	filter:score<3	A="" G="" L="" F="" K="0" N=""
УДТХ	УДТХ	873			0	0	filter:score<3	A="" G="" L="" F="" K="0" N=""
УДТХ	УДТХ	874			0	0	filter:score<3	A="" G="" L="" F="" K="0" N=""
УДТХ	УДТХ	875			0	0	filter:score<3	A="" G="" L="" F="" K="0" N=""
УДТХ	УДТХ	876			0	0	filter:score<3	A="" G="" L="" F="" K="0" N=""
УДТХ	УДТХ	877			0	0	filter:score<3	A="" G="" L="" F="" K="0" N=""
УДТХ	УДТХ	878			0	0	filter:score<3	A="" G="" L="" F="" K="0" N=""
УДТХ	УДТХ	879			0	0	filter:score<3	A="" G="" L="" F="" K="0" N=""
УДТХ	УДТХ	880			0	0	filter:score<3	A="" G="" L="" F="" K="0" N=""
УДТХ	УДТХ	881			0	0	filter:score<3	A="" G="" L="" F="" K="0" N=""
УДТХ	УДТХ	882			0	0	filter:score<3	A="" G="" L="" F="" K="0" N=""
УДТХ	УДТХ	883			0	0	filter:score<3	A="" G="" L="" F="" K="0" N=""
УДТХ	УДТХ	884			0	0	filter:score<3	A="" G="" L="" F="" K="0" N=""
УДТХ	УДТХ	885			0	0	filter:score<3	A="" G="" L="" F="" K="0" N=""
УДТХ	УДТХ	886			0	0	filter:score<3	A="" G="" L="" F="" K="0" N=""
УДТХ	УДТХ	887			0	0	filter:score<3	A="" G="" L="" F="" K="0" N=""
УДТХ	УДТХ	888			0	0	filter:score<3	A="" G="" L="" F="" K="0" N=""
УДТХ	УДТХ	889			0	0	filter:score<3	A="" G="" L="" F="" K="0" N=""
УДТХ	УДТХ	890			0	0	filter:score<3	A="" G="" L="" F="" K="0" N=""
УДТХ	УДТХ	891			0	0	filter:score<3	A="" G="" L="" F="" K="0" N=""
УДТХ	УДТХ	892			0	0	filter:score<3	A="" G="" L="" F="" K="0" N=""
УДТХ	УДТХ	893			0	0	filter:score<3	A="" G="" L="" F="" K="0" N=""
УДТХ	УДТХ	894			0	0	filter:score<3	A="" G="" L="" F="" K="0" N=""
УДТХ	УДТХ	895			0	0	filter:score<3	A="" G="" L="" F="" K="0" N=""
УДТХ	УДТХ	896			0	0	filter:score<3	A="" G="" L="" F="" K="0" N=""
УДТХ	УДТХ	897			0	0	filter:score<3	A="" G="" L="" F="" K="0" N=""
УДТХ	УДТХ	898			0	0	filter:score<3	A="" G="" L="" F="" K="0" N=""
УДТХ	УДТХ	899			0	0	filter:score<3	A="" G="" L="" F="" K="0" N=""
УДТХ	УДТХ	900			0	0	filter:score<3	A="" G="" L="" F="" K="0" N=""
УДТХ	УДТХ	901			0	0	filter:score<3	A="" G="" L="" F="" K="0" N=""
УДТХ	УДТХ	902			0	0	filter:score<3	A="" G="" L="" F="" K="0" N=""
УДТХ	УДТХ	903			0	0	filter:score<3	A="" G="" L="" F="" K="0" N=""
УДТХ	УДТХ	904			0	0	filter:score<3	A="" G="" L="" F="" K="0" N=""
УДТХ	УДТХ	905			0	0	filter:score<3	A="" G="" L="" F="" K="0" N=""
УДТХ	УДТХ	906			0	0	filter:score<3	A="" G="" L="" F="" K="0" N=""
УДТХ	УДТХ	907			0	0	filter:score<3	A="" G="" L="" F="" K="0" N=""
УДТХ	УДТХ	908			0	0	filter:score<3	A="" G="" L="" F="" K="0" N=""
УДТХ	УДТХ	909			0	0	filter:score<3	A="" G="" L="" F="" K="0" N=""
УДТХ	УДТХ	910			0	0	filter:score<3	A="" G="" L="" F="" K="0" N=""
УДТХ	УДТХ	911			0	0	filter:score<3	A="" G="" L="" F="" K="0" N=""
УДТХ	УДТХ	912			0	0	filter:score<3	A="" G="" L="" F="" K="0" N=""
УДТХ	УДТХ	913			0	0	filter:score<3	A="" G="" L="" F="" K="0" N=""
УДТХ	УДТХ	914			0	0	filter:score<3	A="" G="" L="" F="" K="0" N=""
УДТХ	УДТХ	915			0	0	filter:score<3	A="" G="" L="" F="" K="0" N=""
УДТХ	УДТХ	916			0	0	filter:score<3	A="" G="" L="" F="" K="0" N=""
УДТХ	УДТХ	917			0	0	filter:score<3	A="" G="" L="" F="" K="0" N=""
УДТХ	УДТХ	918			0	0	filter:score<3	A="" G="" L="" F="" K="0" N=""
УДТХ	УДТХ	919			0	0	filter:score<3	A="" G="" L="" F="" K="0" N=""
УДТХ	УДТХ	920			0	0	filter:score<3	A="" G="" L="" F="" K="0" N=""
УДТХ	УДТХ	921			0	0	filter:score<3	A="" G="" L="" F="" K="0" N=""
УДТХ	УДТХ	922			0	0	filter:score<3	A="" G="" L="" F="" K="0" N=""
УДТХ	УДТХ	923			0	0	filter:score<3	A="" G="" L="" F="" K="0" N=""
УДТХ	УДТХ	924			0	0	filter:score<3	A="" G="" L="" F="" K="0" N=""
УДТХ	УДТХ	925			0	0	filter:score<3	A="" G="" L="" F="" K="0" N=""
УДТХ	УДТХ	926			0	0	filter:score<3	A="" G="" L="" F="" K="0" N=""
УДТХ	УДТХ	927			0	0	filter:score<3	A="" G="" L="" F="" K="0" N=""
УДТХ	УДТХ	928			0	0	filter:score<3	A="" G="" L="" F="" K="0" N=""
УДТХ	УДТХ	929			0	0	filter:score<3	A="" G="" L="" F="" K="0" N=""
УДТХ	УДТХ	930			0	0	filter:score<3	A="" G="" L="" F="" K="0" N=""
УДТХ	УДТХ	931			0	0	filter:score<3	A="" G="" L="" F="" K="0" N=""
УДТХ	УДТХ	932			0	0	filter:score<3	A="" G="" L="" F="" K="0" N=""
УДТХ	УДТХ	933			0	0	filter:score<3	A="" G="" L="" F="" K="0" N=""
УДТХ	УДТХ	934			0	0	filter:score<3	A="" G="" L="" F="" K="0" N=""
УДТХ	УДТХ	935			0	0	filter:score<3	A="" G="" L="" F="" K="0" N=""
УДТХ	УДТХ	936			0	0	filter:score<3	A="" G="" L="" F="" K="0" N=""
УДТХ	УДТХ	937			0	0	filter:score<3	A="" G="" L="" F="" K="0" N=""
УДТХ	УДТХ	938			0	0	filter:score<3	A="" G="" L="" F="" K="0" N=""
УДТХ	УДТХ	939			0	0	filter:score<3	A="" G="" L="" F="" K="0" N=""
УДТХ	УДТХ	940			0	0	filter:score<3	A="" G="" L="" F="" K="0" N=""
УДТХ	УДТХ	941			0	0	filter:score<3	A="" G="" L="" F="" K="0" N=""
УДТХ	УДТХ	942			0	0	filter:score<3	A="" G="" L="" F="" K="0" N=""
УДТХ	УДТХ	943			0	0	filter:score<3	A="" G="" L="" F="" K="0" N=""
УДТХ	УДТХ	944			0	0	filter:score<3	A="" G="" L="" F="" K="0" N=""
УДТХ	УДТХ	945			0	0	filter:score<3	A="" G="" L="" F="" K="0" N=""
УДТХ	УДТХ	946			0	0	filter:score<3	A="" G="" L="" F="" K="0" N=""
УДТХ	УДТХ	947			0	0	filter:score<3	A="" G="" L="" F="" K="0" N=""
УДТХ	УДТХ	948			0	0	filter:score<3	A="" G="" L="" F="" K="0" N=""
УДТХ	УДТХ	949			0	0	filter:score<3	A="" G="" L="" F="" K="0" N=""
УДТХ	УДТХ	950			0	0	filter:score<3	A="" G="" L="" F="" K="0" N=""
УДТХ	УДТХ	951			0	0	filter:score<3	A="" G="" L="" F="" K="0" N=""
УДТХ	УДТХ	952			0	0	filter:score<3	A="" G="" L="" F="" K="0" N=""
УДТХ	УДТХ	953			0	0	filter:score<3	A="" G="" L="" F="" K="0" N=""
УДТХ	УДТХ	954			0	0	filter:score<3	A="" G="" L="" F="" K="0" N=""
УДТХ	УДТХ	955			0	0	filter:score<3	A="" G="" L="" F="" K="0" N=""
УДТХ	УДТХ	956			0	0	filter:score<3	A="" G="" L="" F="" K="0" N=""
УДТХ	УДТХ	957			0	0	filter:score<3	A="" G="" L="" F="" K="0" N=""
УДТХ	УДТХ	958			0	0	filter:score<3	A="" G="" L="" F="" K="0" N=""
УДТХ	УДТХ	959			0	0	filter:score<3	A="" G="" L="" F="" K="0" N=""
УДТХ	УДТХ	960			0	0	filter:score<3	A="" G="" L="" F="" K="0" N=""
УДТХ	УДТХ	961			0	0	filter:score<3	A="" G="" L="" F="" K="0" N=""
УДТХ	УДТХ	962			0	0	filter:score<3	A="" G="" L="" F="" K="0" N=""
УДТХ	УДТХ	963			0	0	filter:score<3	A="" G="" L="" F="" K="0" N=""
УДТХ	УДТХ	964			0	0	filter:score<3	A="" G="" L="" F="" K="0" N=""
УДТХ	УДТХ	965			0	0	filter:score<3	A="" G="" L="" F="" K="0" N=""
УДТХ	УДТХ	966			0	0	filter:score<3	A="" G="" L="" F="" K="0" N=""
УДТХ	УДТХ	967			0	0	filter:score<3	A="" G="" L="" F="" K="0" N=""
УДТХ	УДТХ	968			0	0	filter:score<3	A="" G="" L="" F="" K="0" N=""
УДТХ	УДТХ	969			0	0	filter:score<3	A="" G="" L="" F="" K="0" N=""
УДТХ	УДТХ	970			0	0	filter:score<3	A="" G="" L="" F="" K="0" N=""
УДТХ	УДТХ	971			0	0	filter:score<3	A="" G="" L="" F="" K="0" N=""
УДТХ	УДТХ	972			0	0	filter:score<3	A="" G="" L="" F="" K="0" N=""
УДТХ	УДТХ	973			0	0	filter:score<3	A="" G="" L="" F="" K="0" N=""
УДТХ	УДТХ	974			0	0	filter:score<3	A="" G="" L="" F="" K="0" N=""
УДТХ	УДТХ	975			0	0	filter:score<3	A="" G="" L="" F="" K="0" N=""
УДТХ	УДТХ	976			0	0	filter:score<3	A="" G="" L="" F="" K="0" N=""
УДТХ	УДТХ	977			0	0	filter:score<3	A="" G="" L="" F="" K="0" N=""
УКСиМП	ВСЕ	80	77	возмещение затрат на теплоэнергию (Б-ф 17 п.Сокоч)	596.84	596.84	year:foreign	P=2025
УКСиМП	ВСЕ	86	83	Услуги телекоммуникационные (Интернет) (Центральная библ. - НОВА)	162.54	162.54	year:foreign	P=2025
УКСиМП	ВСЕ	183	180	Установка и обслуживание системы ГАИС "ЭРА-ГЛОНАСС"	2.68256	2.62056	year:foreign	P=2025
УКСиМП	ВСЕ	197	194	возмездное оказание услуг (водоканал)	34.85	34.85	year:foreign	P=2025
УКСиМП	ВСЕ	280	671	услуги по расчистке снега фронтальным погрузчиком	200	0	year:noYear	P=""
УКСиМП	ВСЕ	283	674	Канцелярские товары Канцелярские товары (бумага для принтера А4) 80г/м2 146% 500л 1/5	30	0	year:noYear	P=""
УКСиМП	ВСЕ	326	319	найм жилья	240	0	year:noYear	P=""
УКСиМП	ВСЕ	348	341	Лицензирование медицинского кабинета (необходим ремонт для приведения в соответствие, заяв	78.38	0	year:noYear	P=""
УКСиМП	ВСЕ	409	402	Услуги связи	155	155	year:foreign	P=2025
УО	ВСЕ	6	3	Охрана лиценз.	3950	2971.3	year:foreign	P=2025
УО	ВСЕ	7	4	Охрана лиценз.	15799.9968	15799.9968	year:foreign	P=2025
УО	ВСЕ	8	5	Охрана лиценз.	15799.9968	15799.9968	year:foreign	P=2025
УО	ВСЕ	23	20	Оснащения нового корпуса, кух , навигация, хоз группа	441	441	year:foreign	P=2025
УО	ВСЕ	24	21	Оснащения нового корпуса, кух , навигация, хоз группа	643.2	643.2	year:foreign	P=2025
УО	ВСЕ	28	25	Капитальный ремонт учебных классов	40482.95592	40482.96	year:foreign	P=2025
УО	ВСЕ	29	26	Капитальный ремонт кабинетов	14962.519960000001	9850.3748	year:foreign	P=2025
УО	ВСЕ	30	27	Капитальный ремонт полов и лестниц	19362.460000000003	12612.750800000002	year:foreign	P=2025
УО	ВСЕ	33	30	Капитальный ремонт помещений спортзала, мастерской, мед.блока	11807.69411	7700.000000000001	year:foreign	P=2025
УО	ВСЕ	34	31	капитальный ремонт вентиляции	3859.7514	3859.7514	year:foreign	P=2025
УО	ВСЕ	49	47	Поставка Филе рыбы мороженой, продуктов  рыбных, переработанных в МБДОУ АЕМР	14691.11	9255.4	year:foreign	P=2025
УО	ВСЕ	50	48	Поставка Филе рыбы мороженой, продуктов  рыбных, переработанных в МБДОУ 	15794.67	9871.67	year:foreign	P=2025
УО	ВСЕ	51	49	Поставка мяса говядины, свинины (замороженной) для детского питания в муниципальные бюджет	16295.34	16295.34	year:foreign	P=2025
УО	ВСЕ	52	50	Поставка мяса говядины, свинины (замороженной) для детского питания в муниципальные бюджет	14092.099999999999	13880.72	year:foreign	P=2025
УО	ВСЕ	53	51	Поставка мяса говядины, свинины (замороженной) для детского питания в муниципальные бюджет	11382.192	11382.192	year:foreign	P=2025
УО	ВСЕ	54	52	Поставка мяса говядины (замороженной) для детского питания в муниципальные бюджетные дошко	11208.75	11152.71	year:foreign	P=2025
УО	ВСЕ	55	53	Поставка мяса говядины (замороженной) для детского питания в муниципальные бюджетные дошко	11432.8	11432.8	year:foreign	P=2025
УО	ВСЕ	56	54	Поставка овощей переработанных, консервированных в муниципальные бюджетные дошкольные обра	19653.98	18376.18	year:foreign	P=2025
УО	ВСЕ	57	55	Поставка молока питьевого в муниципальные бюджетные	5803.804	4033.6437800000003	year:foreign	P=2025
УО	ВСЕ	66	64	Услуги местной телефонной связи   - Услуги внутризоновой телефонной связи (Интерком сервис	150	150	year:foreign	P=2025
УО	ВСЕ	68	66	Услуги (работы) в области защиты информации и обеспечения безопасности критической информа	175.96	175.96	year:foreign	P=2025
УО	ВСЕ	69	67	 Бензин автомобильный	500	500	year:foreign	P=2025
УО	ВСЕ	70	68	Топливо дизельное	500	500	year:foreign	P=2025
УО	ВСЕ	86	84	Очистка кровли от снега	32	32	year:foreign	P=2025
УО	ВСЕ	87	85	ТСО (техническое обслуживание средств охраны)	36.04	36.04	year:foreign	P=2025
УО	ВСЕ	88	86	Услуги местной телефонной связи   - Услуги внутризоновой телефонной связи (Интерком сервис	70	70	year:foreign	P=2025
УО	ВСЕ	97	97	масло сливочное	1320	1320	year:foreign	P=2025
УО	ВСЕ	98	98	яйцо куриное	1666.8	1666.8	year:foreign	P=2025
УО	ВСЕ	99	99	творог	585	585	year:foreign	P=2025
УО	ВСЕ	100	100	мясо кур	410.4	410.4	year:foreign	P=2025
УО	ВСЕ	101	101	Овощей, очищенных в вакууме	560.74	560.74	year:foreign	P=2025
УО	ВСЕ	102	102	Картофель в вакууме	598.5	598.5	year:foreign	P=2025
УО	ВСЕ	103	103	биточки куриные нежные, шницель рыбный, фрикадельки домашние	594.21	594.21	year:foreign	P=2025
УО	ВСЕ	104	104	фарш говяжий	460.73	460.73	year:foreign	P=2025
УО	ВСЕ	105	105	фарш домашний, вареники с творогом	555.19	555.19	year:foreign	P=2025
УО	ВСЕ	106	106	Котлеты Деревенские, котлеты Камчатские, фарш из печени	471.2	471.2	year:foreign	P=2025
УО	ВСЕ	107	107	пельмени мясные, пельмени рыбные	585.4	585.4	year:foreign	P=2025
УО	ВСЕ	108	108	Варенец с лактулозой, снежок, тесто для сырников	540.4	540.4	year:foreign	P=2025
УО	ВСЕ	109	109	Хлеб ржаной, хлеб белый	576.6	576.6	year:foreign	P=2025
УО	ВСЕ	110	110	булочки и т.д.	572.8	572.8	year:foreign	P=2025
УО	ВСЕ	111	111	твердые коммунальные отходы	227.65	227.65	year:foreign	P=2025
УО	ВСЕ	112	112	аварийно ремонтные работы инженерных сетей в границах балансовой принадлежности учреждения	100	100	year:foreign	P=2025
УО	ВСЕ	113	113	ТО приборов учета тепловой энергии и узла погодного регулирования	54	54	year:foreign	P=2025
УО	ВСЕ	114	114	расчистка территории от снега	20	20	year:foreign	P=2025
УО	ВСЕ	116	116	экстренный выезд наряда вневедомственной охраны по сигналу о срабатывании средств тревожно	148.92	148.92	year:foreign	P=2025
УО	ВСЕ	117	117	поставка сыра полутвердого	1573.75	1573.75	year:foreign	P=2025
УО	ВСЕ	118	118	поставка творога	1357.62	1357.62	year:foreign	P=2025
УО	ВСЕ	119	119	Масло сливочное	2890	2890	year:foreign	P=2025
УО	ВСЕ	120	120	Яйцо	450	450	year:foreign	P=2025
УО	ВСЕ	121	121	Куры-цыплята бройлеры	590	590	year:foreign	P=2025
УО	ВСЕ	122	122	Куры-филе	454.96	454.96	year:foreign	P=2025
УО	ВСЕ	123	123	Кондитерские продукты	368.97	368.97	year:foreign	P=2025
УО	ВСЕ	124	124	Сухофрукты	250	250	year:foreign	P=2025
УО	ВСЕ	125	125	Приправы, специи и проч.	453	453	year:foreign	P=2025
УО	ВСЕ	126	126	Картофель	595.99	595.99	year:foreign	P=2025
УО	ВСЕ	127	127	Корнеплоды и клубнеплоды	440	440	year:foreign	P=2025
УО	ВСЕ	128	128	Хлеб	598	598	year:foreign	P=2025
УО	ВСЕ	129	129	Хлебобулочные изделия	597.5	597.5	year:foreign	P=2025
УО	ВСЕ	130	130	Свежие помидоры и огурцы	440	440	year:foreign	P=2025
УО	ВСЕ	131	131	Овощи и фрукты консервированные и переработанные	595	595	year:foreign	P=2025
УО	ВСЕ	132	132	Сахар	514.19	514.19	year:foreign	P=2025
УО	ВСЕ	133	133	Продукты питания (масло растительное, макароны)	469.3	469.3	year:foreign	P=2025
УО	ВСЕ	134	134	Продукты рыбные (кальмар-филе, морская капуста)	470	470	year:foreign	P=2025
УО	ВСЕ	135	135	Продукты питания (сок, молоко сгущ.)	595	595	year:foreign	P=2025
УО	ВСЕ	136	136	Пельмени мясные	300.52	300.52	year:foreign	P=2025
УО	ВСЕ	137	137	Пельмени рыбные	400.18	400.18	year:foreign	P=2025
УО	ВСЕ	138	138	Вареники	325.24	325.24	year:foreign	P=2025
УО	ВСЕ	139	139	Рис	339.2	339.2	year:foreign	P=2025
УО	ВСЕ	141	141	ТО систем обеспечения пожарной безопасности зданий и сооружений	5	5	year:foreign	P=2025
УО	ВСЕ	142	142	ТО систем обеспечения пожарной безопасности зданий и сооружений	25	25	year:foreign	P=2025
УО	ВСЕ	143	143	Наблюдение за средствами тревожной сигнализации на объекте с помощью пульта централизованн	24.82	24.82	year:foreign	P=2025
УО	ВСЕ	144	144	Диспетчеризация и техническое обслуживание приборов учета тепловой энергии	7	7	year:foreign	P=2025
УО	ВСЕ	145	145	Диспетчеризация и техническое обслуживание приборов учета тепловой энергии	35	35	year:foreign	P=2025
УО	ВСЕ	146	146	Предрейсовый и послерейсовый осмотр водителя	35	35	year:foreign	P=2025
УО	ВСЕ	148	148	Обслуживание технических средств охраны	5.13	5.13	year:foreign	P=2025
УО	ВСЕ	150	150	Идентификация АСН в ГАИС «ЭРА-ГЛОНАСС» и обеспечение передачи в Ространснадзор информации	6.84	6.84	year:foreign	P=2025
УО	ВСЕ	151	151	Услуги связи	37.88	37.88	year:foreign	P=2025
УО	ВСЕ	152	152	Обращение с твердыми коммунальными отходами	301.63	301.63	year:foreign	P=2025
УО	ВСЕ	153	153	Холодное водоснабжение и водоотведение	530.59	530.59	year:foreign	P=2025
УО	ВСЕ	154	154	Энергоснабжение	7978.66	7978.66	year:foreign	P=2025
УО	ВСЕ	155	155	Теплоснабжение и ГВС	26790.19	26790.19	year:foreign	P=2025
УО	ВСЕ	195	195	Программа энергосбережения	6.5	6.5	year:foreign	P=2025
УО	ВСЕ	203	203	Оказание услуг по экстренному выезду наряда вневедомственной охраны по сигналу о срабатыва	148.92	148.92	year:foreign	P=2025
УО	ВСЕ	204	204	Техническое обслуживание СПС и СОУЭ	15.6	15.6	year:foreign	P=2025
УО	ВСЕ	205	205	обслуживание пожарных дверей	6	6	year:foreign	P=2025
УО	ВСЕ	206	206	обслуживание и заправка огнетушителей	5.25	5.25	year:foreign	P=2025
УО	ВСЕ	208	208	Обслуживание технических средств охраны	30.78	30.78	year:foreign	P=2025
УО	ВСЕ	209	209	Обслуживание систем видеонаблюдения	36	36	year:foreign	P=2025
УО	ВСЕ	211	212	  "Масло сливочное"	2970	2970	year:foreign	P=2025
УО	ВСЕ	212	213	  Творог	1787.5	1787.5	year:foreign	P=2025
УО	ВСЕ	294	295	хлеб и хлебобулочная продукция	433	433	year:foreign	P=2025
УО	ВСЕ	296	297	консервы рыбные, кальмар	54.43	54.43	year:foreign	P=2025
УО	ВСЕ	297	298	вода питьевая негазированная	205.2	205.2	year:foreign	P=2025
УО	ВСЕ	298	299	яйца куриные столовые	135.6	135.6	year:foreign	P=2025
УО	ВСЕ	299	300	Овощи свежие, капуста квашенная	588.45	588.45	year:foreign	P=2025
УО	ВСЕ	303	305	печень говяжья	86.85	86.85	year:foreign	P=2025
УО	ВСЕ	304	306	овощи свежие-огурец, томат	153.43	153.43	year:foreign	P=2025
УО	ВСЕ	310	313	нефтепродукты АИ-92	400	400	year:foreign	P=2025
УО	ВСЕ	311	314	аварийно-ремонтные работы	134.24	134.24	year:foreign	P=2025
УО	ВСЕ	331	335	проведение испытаний и измерений электрооборудования	60	0	year:noYear	P=""
УО	ВСЕ	336	340	сыры полутвердые	253.08	253.08	year:foreign	P=2025
УО	ВСЕ	337	341	масло сливочное	869.55	869.55	year:foreign	P=2025
УО	ВСЕ	338	342	творог	521.95	521.95	year:foreign	P=2025
УО	ВСЕ	339	344	поставка творога	1072.5	1072.5	year:foreign	P=2025
УО	ВСЕ	340	346	Масло сливочное	3630	3630	year:foreign	P=2025
УО	ВСЕ	360	366	ГСМ	600	600	year:foreign	P=2025
УО	ВСЕ	361	367	ТО систем обеспечения пожарной безопасности зданий и сооружений	30	30	year:foreign	P=2025
УО	ВСЕ	362	368	услуги экстренного выезда группы задержания автобус ПАЗ	3.64	3.64	year:foreign	P=2025
УО	ВСЕ	363	369	услуги экстренного выезда полиции	120.7	120.7	year:foreign	P=2025
УО	ВСЕ	364	370	Диспетчеризация и техническое обслуживание приборов учета тепловой энергии	45	45	year:foreign	P=2025
УО	ВСЕ	366	372	Идентификация АСН в ГАИС «ЭРА-ГЛОНАСС» и обеспечение передачи в Ространснадзор информации	6.96	6.96	year:foreign	P=2025
УО	ВСЕ	367	373	Услуги связи	71.6	71.6	year:foreign	P=2025
УО	ВСЕ	368	374	Обращение с твердыми коммунальными отходами	543	543	year:foreign	P=2025
УО	ВСЕ	369	375	Холодное водоснабжение и водоотведение	762.05	762.05	year:foreign	P=2025
УО	ВСЕ	370	376	Энергоснабжение	4837.66	4837.66	year:foreign	P=2025
УО	ВСЕ	371	377	Теплоснабжение и ГВС	24052.35	24052.35	year:foreign	P=2025
УО	ВСЕ	374	380	Снегоочистка	100	100	year:foreign	P=2025
УО	ВСЕ	377	383	Техническое обслуживание противопожарных дверей	12	12	year:foreign	P=2025
УО	ВСЕ	378	384	техническое обслуживание средств охраны	8.43	8.43	year:foreign	P=2025
УО	ВСЕ	379	385	Техническое обслуживание систем пожарной автоматики	42.8	42.8	year:foreign	P=2025
УО	ВСЕ	396	405	Масло сливочное	663	663	year:foreign	P=2025
УО	ВСЕ	397	406	Творог	486.2	486.2	year:foreign	P=2025
УО	ВСЕ	398	407	Сыр	283.28	283.28	year:foreign	P=2025
УО	ВСЕ	402	411	Услуги теплоснабжения	8787.67	8787.67	year:foreign	P=2025
УО	ВСЕ	403	412	Услуги электроснабжения	1911.24	1911.24	year:foreign	P=2025
УО	ВСЕ	405	414	Услуги по ТКО	333.88	333.88	year:foreign	P=2025
УО	ВСЕ	409	418	оказание услуг по обслуживанию приборов тепловой энергии и узла погодного регулирования	54	54	year:foreign	P=2025
УО	ВСЕ	410	419	Система Гарант	45.56	45.56	year:foreign	P=2025
УО	ВСЕ	411	420	вывоз и расчистка снега	185	185	year:foreign	P=2025
УО	ВСЕ	414	423	бензин	500	500	year:foreign	P=2025
УО	ВСЕ	418	427	Масло сливочное	1072.5	1072.5	year:foreign	P=2025
УО	ВСЕ	419	428	Творог	328.9	328.9	year:foreign	P=2025
УО	ВСЕ	420	429	Сыры полутвердые	302.5	302.5	year:foreign	P=2025
УО	ВСЕ	422	431	полуфабрикаты	487.11	487.11	year:foreign	P=2025
УО	ВСЕ	423	432	яйцо свежее	80.60000000000001	80.60000000000001	year:foreign	P=2025
УО	ВСЕ	424	433	филе кур	190.59	190.59	year:foreign	P=2025
УО	ВСЕ	425	434	куры	169.20000000000002	169.20000000000002	year:foreign	P=2025
УО	ВСЕ	426	435	продукты питания	588.1	588.1	year:foreign	P=2025
УО	ВСЕ	427	436	овощи корнеплодные,клубнеплодные	458.40000000000003	458.40000000000003	year:foreign	P=2025
УО	ВСЕ	428	437	кальмар,морская капуста	209	209	year:foreign	P=2025
УО	ВСЕ	429	438	хлеб	393.65000000000003	393.65000000000003	year:foreign	P=2025
УО	ВСЕ	430	439	хлебобулочные изделия	539.55	539.55	year:foreign	P=2025
УО	ВСЕ	431	440	овощи консервированные	246.65999999999997	246.65999999999997	year:foreign	P=2025
УО	ВСЕ	436	446	масло сливочное	1485	1485	year:foreign	P=2025
УО	ВСЕ	437	448	сыр	555	555	year:foreign	P=2025
УО	ВСЕ	438	449	творог	715	715	year:foreign	P=2025
УО	ВСЕ	439	450	поставка яиц столовых	132	132	year:foreign	P=2025
УО	ВСЕ	440	451	бакалея	427.23	427.23	year:foreign	P=2025
УО	ВСЕ	441	452	куры охлажденные	216	216	year:foreign	P=2025
УО	ВСЕ	442	453	программное обеспечение	3.6	3.6	year:foreign	P=2025
УО	ВСЕ	443	454	обеспечение функционирования и поддержки работоспособности сетей передачи данных	60	60	year:foreign	P=2025
УО	ВСЕ	444	455	мониторинг ИТП	57.6	57.6	year:foreign	P=2025
УО	ВСЕ	445	456	поставка хлеба,хлебобулочных	596.28	596.28	year:foreign	P=2025
УО	ВСЕ	446	457	расчистка снега	300	300	year:foreign	P=2025
УО	ВСЕ	447	458	обслуживание пожарных дверей	11.44	11.44	year:foreign	P=2025
УО	ВСЕ	448	459	расчистка территории от снега	200	200	year:foreign	P=2025
УО	ВСЕ	450	461	дератизация	32.2	32.2	year:foreign	P=2025
УО	ВСЕ	451	462	Обслуживание технических средств охраны	30.78	30.78	year:foreign	P=2025
УО	ВСЕ	452	463	Оказание услуг по диспетчеризации и техническому обслуживанию приборов учета тепловой энер	66	66	year:foreign	P=2025
УО	ВСЕ	453	464	обслуживание технических средств охраны (кнопка ТСО)	37.26	37.26	year:foreign	P=2025
УО	ВСЕ	454	465	ТО приборов УТЭ и УПР	75.9	75.9	year:foreign	P=2025
УО	ВСЕ	458	469	Оказание услуг по обращению с твердыми коммунальными отходами	107.41	107.41	year:foreign	P=2025
УО	ВСЕ	459	470	Энергоснабжение	1647.44	1647.44	year:foreign	P=2025
УО	ВСЕ	471	482	услуг по обслуживанию и ремонту системы передачи тревожных сообщений	60	60	year:foreign	P=2025
УО	ВСЕ	473	484	ГСМ	300	300	year:foreign	P=2025
УО	ВСЕ	474	485	предрейсовый осмотр	91.96	91.96	year:foreign	P=2025
УО	ВСЕ	475	486	овощи свежие	454.71	454.71	year:foreign	P=2025
УО	ВСЕ	476	487	яйцо	64.8	64.8	year:foreign	P=2025
УО	ВСЕ	477	488	куры охлажден.	162	162	year:foreign	P=2025
УО	ВСЕ	478	489	филе, бедро куриное охлажденное	155.98	155.98	year:foreign	P=2025
УО	ВСЕ	479	490	хлеб	286.68	286.68	year:foreign	P=2025
УО	ВСЕ	480	491	продукты питания	404.11	404.11	year:foreign	P=2025
УО	ВСЕ	481	492	пельмени, вареники	281.61	281.61	year:foreign	P=2025
УО	ВСЕ	482	493	продукты питания	357.86	357.86	year:foreign	P=2025
УО	ВСЕ	483	494	молочная продукция	65.47	65.47	year:foreign	P=2025
УО	ВСЕ	484	495	кальмар	41.3	41.3	year:foreign	P=2025
УО	ВСЕ	485	496	печень	63	63	year:foreign	P=2025
УО	ВСЕ	486	497	Поставка продуктов питания Хлеба недлительного хранения"	346.45	346.45	year:foreign	P=2025
УО	ВСЕ	487	498	Хлебобулочные и кондитерские изделия	542.37	542.37	year:foreign	P=2025
УО	ВСЕ	488	499	Продукты питания	76.01	76.01	year:foreign	P=2025
УО	ВСЕ	503	514	ТО систем и средств СПС и СОУЭ	28.8	28.8	year:foreign	P=2025
УО	ВСЕ	504	515	ТО противопожарных дверей	2	2	year:foreign	P=2025
УО	ВСЕ	505	516	ТО сетей передачи данных ("Пожар")	30	30	year:foreign	P=2025
УО	ВСЕ	506	517	оказание услуг по обращению с ТКО	119.35	119.35	year:foreign	P=2025
УО	ВСЕ	507	518	Техническое обслуживание узла погодного регулирования	13.5	13.5	year:foreign	P=2025
УО	ВСЕ	508	519	Техническое обслуживание приборов учета тепловой энергии	36.9	36.9	year:foreign	P=2025
УО	ВСЕ	509	520	Поставка продуктов питания	342	342	year:foreign	P=2025
УО	ВСЕ	510	521	Поставка товара	139.36	139.36	year:foreign	P=2025
УО	ВСЕ	511	522	Поставка продуктов питания	413.9	413.9	year:foreign	P=2025
УО	ВСЕ	512	523	Поставка продуктов питания "Сыр полутвердый"	338.4	338.4	year:foreign	P=2025
УО	ВСЕ	513	524	Поставка продуктов питания "Печень говяжья"	81	81	year:foreign	P=2025
УО	ВСЕ	514	525	Поставка Вода питьевая	86.4	86.4	year:foreign	P=2025
УО	ВСЕ	515	526	Поставка продуктов питания	323.15	323.15	year:foreign	P=2025
УО	ВСЕ	516	527	Поставка продуктов питания	121	121	year:foreign	P=2025
УО	ВСЕ	517	528	Поставка продуктов питания, Овощи, фрукты свежие	82.1	82.1	year:foreign	P=2025
УО	ВСЕ	518	529	Поставка продуктов питания, сухофрукты	100.15	100.15	year:foreign	P=2025
УО	ВСЕ	519	530	Кальмар. морская капуста	183	183	year:foreign	P=2025
УО	ВСЕ	520	531	Поставка продуктов питания	415.38	415.38	year:foreign	P=2025
УО	ВСЕ	521	532	Поставка продуктов питания	491.13	491.13	year:foreign	P=2025
УО	ВСЕ	522	533	Поставка продуктов питания	12.35	12.35	year:foreign	P=2025
УО	ВСЕ	523	534	Централизованная охрана объектов	96	96	year:foreign	P=2025
УО	ВСЕ	524	535	Услуга связи Глонасс	2.62	2.62	year:foreign	P=2025
УО	ВСЕ	529	540	Сыр полутвердый	799.47	799.47	year:foreign	P=2025
УО	ВСЕ	530	542	Масло сливочное	1808.8	1808.8	year:foreign	P=2025
УО	ВСЕ	574	586	Оказание услуг связи	401.9	401.9	year:foreign	P=2025
УО	ВСЕ	586	598	использование системы "Кабинет Удостовер. Центра"	6.55	6.55	year:foreign	P=2025
УО	ВСЕ	587	614	Услуг по очистке кровли от снега, наледи и сосулек	100	100	year:foreign	P=2025
УО	ВСЕ	588	615	Работы по разработке проектно-сметной документации на монтаж системы видеонаблюдения	280	280	year:foreign	P=2025
УО	ВСЕ	595	622	Масло сливочное	660	660	year:foreign	P=2025
УО	ВСЕ	596	623	Творог	429	429	year:foreign	P=2025
УО	ВСЕ	597	624	Поставка хлеба	300	300	year:foreign	P=2025
УО	ВСЕ	598	625	Поставка мяса кур - цыплят-бройлеров, охлажденных	246	246	year:foreign	P=2025
УО	ВСЕ	599	626	Печень говяжья	245	245	year:foreign	P=2025
УО	ВСЕ	600	627	Кальмар	118	118	year:foreign	P=2025
УО	ВСЕ	601	628	Корнеплоды и клубнеплоды	0.55	0.55	year:foreign	P=2025
УО	ВСЕ	602	629	Соки, продукты кондитерские, консервированные и прочие	186.09	186.09	year:foreign	P=2025
УО	ВСЕ	603	630	Продукты питания	124.42	124.42	year:foreign	P=2025
УО	ВСЕ	604	631	Продукты питания	161.86	161.86	year:foreign	P=2025
УО	ВСЕ	605	632	Яйцо куриное столовое	129.6	129.6	year:foreign	P=2025
УО	ВСЕ	606	633	Сыр полутвердый	157.92	157.92	year:foreign	P=2025
УО	ВСЕ	607	634	Овощи свежие	30	30	year:foreign	P=2025
УО	ВСЕ	608	635	Мясо птицы, филе охлажденное	18.15	18.15	year:foreign	P=2025
УО	ВСЕ	609	636	Овощи, фрукты консервированные, кондитерские изделия и прочее	471.5	471.5	year:foreign	P=2025
УО	ВСЕ	610	637	Оказание услуг по диспетчеризации и техническому обслуживанию приборов учета тепловой энер	15.5	15.5	year:foreign	P=2025
УО	ВСЕ	611	638	Мониторинг состояния средств автоматической пожарной сигнализации и вывод сигналов "Пожар"	36	36	year:foreign	P=2025
УО	ВСЕ	612	639	Оказание услуг по техническому обслуживанию систем обеспечения пожарной безопасности здани	43.2	43.2	year:foreign	P=2025
УО	ВСЕ	613	640	Экстренный выезд наряда вневедомственной охраны по сигналу о срабатывании средств тревожно	148.92	148.92	year:foreign	P=2025
УО	ВСЕ	614	641	Интернет	29.62	29.62	year:foreign	P=2025
УО	ВСЕ	615	642	Связь	10.13	10.13	year:foreign	P=2025
УО	ВСЕ	619	646	Техническое обслуживание системы охранного телевидения (системы видеонаблюдения)	88	88	year:foreign	P=2025
УО	ВСЕ	627	654	Обслуживание лифта	132.3	132.3	year:foreign	P=2025
УО	ВСЕ	628	655	ТО видеонаблюдения	102	102	year:foreign	P=2025
УО	ВСЕ	629	656	Обслуживание УУТЭ	44.5	44.5	year:foreign	P=2025
УО	ВСЕ	630	657	ТО тревожной кнопки	50.3	50.3	year:foreign	P=2025
УО	ВСЕ	631	658	Охрана здания	148.9	148.9	year:foreign	P=2025
УО	ВСЕ	632	659	Обслуживание вентиляции	180	180	year:foreign	P=2025
УО	ВСЕ	643	670	Вывоз ТБО	153	153	year:foreign	P=2025
УО	ВСЕ	645	672	ХВС и водоотведение	312.9	312.9	year:foreign	P=2025
УО	ВСЕ	646	673	Электричество	3458	3458	year:foreign	P=2025
УО	ВСЕ	647	674	Тепло	2000	2000	year:foreign	P=2025
УО	ВСЕ	648	675	Продукты питания	169.2	169.2	year:foreign	P=2025
УО	ВСЕ	649	676	Продукты питания	42.8	42.8	year:foreign	P=2025
УО	ВСЕ	650	677	Продукты питания	250	250	year:foreign	P=2025
УО	ВСЕ	651	678	Продукты питания	150	150	year:foreign	P=2025
УО	ВСЕ	652	679	Продукты питания	65	65	year:foreign	P=2025
УО	ВСЕ	653	680	Продукты питания	450	450	year:foreign	P=2025
УО	ВСЕ	654	681	Продукты питания	129.7	129.7	year:foreign	P=2025
УО	ВСЕ	655	682	Продукты питания	47.5	47.5	year:foreign	P=2025
УО	ВСЕ	656	683	Продукты питания	88.9	88.9	year:foreign	P=2025
УО	ВСЕ	657	684	Продукты питания	650	650	year:foreign	P=2025
УО	ВСЕ	658	685	Продукты питания	7.2	7.2	year:foreign	P=2025
УО	ВСЕ	659	686	Продукты питания	350	350	year:foreign	P=2025
УО	ВСЕ	660	687	Продукты питания	200	200	year:foreign	P=2025
УО	ВСЕ	661	688	Продукты питания	110	110	year:foreign	P=2025
УО	ВСЕ	662	689	Продукты питания	20	20	year:foreign	P=2025
УО	ВСЕ	663	690	Продукты питания	169.2	169.2	year:foreign	P=2025
УО	ВСЕ	665	699	Творог	321.75	321.75	year:foreign	P=2025
УО	ВСЕ	674	709	Поставка продуктов питания	200	200	year:foreign	P=2025
УО	ВСЕ	675	710	Поставка продуктов питания	200	200	year:foreign	P=2025
УО	ВСЕ	690	726	масло сливочное	555	555	year:foreign	P=2025
УО	ВСЕ	691	728	сыр	485.63	485.63	year:foreign	P=2025
УО	ВСЕ	692	729	творог	512.36	512.36	year:foreign	P=2025
УО	ВСЕ	693	730	поставка яиц столовых	132	132	year:foreign	P=2025
УО	ВСЕ	694	731	фрукты	345.8	345.8	year:foreign	P=2025
УО	ВСЕ	695	732	бакалея	427.23	427.23	year:foreign	P=2025
УО	ВСЕ	696	733	куры охлажденные	216	216	year:foreign	P=2025
УО	ВСЕ	697	734	программное обеспечение	3.6	3.6	year:foreign	P=2025
УО	ВСЕ	698	735	обеспечение функционирования и поддержки работоспособности сетей передачи данных	60	60	year:foreign	P=2025
УО	ВСЕ	699	736	мониторинг ИТП	57.6	57.6	year:foreign	P=2025
УО	ВСЕ	700	737	поставка хлеба,хлебобулочных	596.28	596.28	year:foreign	P=2025
УО	ВСЕ	701	738	расчистка снега	200	200	year:foreign	P=2025
УО	ВСЕ	702	739	поставка масла сливочного	907	907	year:foreign	P=2025
УО	ВСЕ	703	740	поставка творога	786.5	786.5	year:foreign	P=2025
УО	ВСЕ	704	741	поставка сыра полутвердого	220	220	year:foreign	P=2025
УО	ВСЕ	710	748	Поставка продуктов питания	200	200	year:foreign	P=2025
УО	ВСЕ	711	749	Поставка продуктов питания	200	200	year:foreign	P=2025
УО	ВСЕ	729	767	Оказание услуг по предрейсовому и послерейсовому  медицинскому освидетельствованию   водит	46.86	46.86	year:foreign	P=2025
УО	ВСЕ	730	768	Выполнение  аварийно-ремонтных работ	100	100	year:foreign	P=2025
УО	ВСЕ	732	770	Мойка автомобиля 	48	48	year:foreign	P=2025
УО	ВСЕ	736	774	Охрана (кнопка)	372.3	372.3	year:foreign	P=2025
УО	ВСЕ	743	781	Мониторинг АПС	60	60	year:foreign	P=2025
УО	ВСЕ	744	783	масло сливочное	555	555	year:foreign	P=2025
УО	ВСЕ	745	785	сыр	485.63	485.63	year:foreign	P=2025
УО	ВСЕ	746	786	творог	512.36	512.36	year:foreign	P=2025
УО	ВСЕ	747	787	поставка яиц столовых	132	132	year:foreign	P=2025
УО	ВСЕ	748	788	бакалея	427.23	427.23	year:foreign	P=2025
УО	ВСЕ	749	789	овощи корнеплодные	513.8	513.8	year:foreign	P=2025
УО	ВСЕ	750	790	куры охлажденные	216	216	year:foreign	P=2025
УО	ВСЕ	751	791	программное обеспечение	3.6	3.6	year:foreign	P=2025
УО	ВСЕ	752	792	обеспечение функционирования и поддержки работоспособности сетей передачи данных	60	60	year:foreign	P=2025
УО	ВСЕ	753	793	мониторинг ИТП	57.6	57.6	year:foreign	P=2025
УО	ВСЕ	754	794	поставка хлеба,хлебобулочных	596.28	596.28	year:foreign	P=2025
УО	ВСЕ	755	795	расчистка снега	200	200	year:foreign	P=2025
УО	ВСЕ	756	796	обслуживание пожарных дверей	11.44	11.44	year:foreign	P=2025
УО	ВСЕ	757	797	расчистка территории от снега	20	20	year:foreign	P=2025
УО	ВСЕ	759	799	дератизация	32.2	32.2	year:foreign	P=2025
УО	ВСЕ	760	800	Обслуживание технических средств охраны	30.78	30.78	year:foreign	P=2025
УО	ВСЕ	761	801	Оказание услуг по диспетчеризации и техническому обслуживанию приборов учета тепловой энер	66	66	year:foreign	P=2025
УО	ВСЕ	762	802	обслуживание технических средств охраны (кнопка ТСО)	37.26	37.26	year:foreign	P=2025
УО	ВСЕ	763	803	ТО приборов УТЭ и УПР	75.9	75.9	year:foreign	P=2025
УО	ВСЕ	782	824	Малые формы	345	345	year:foreign	P=2025
УО	ВСЕ	793	842	масло сливочное	1204.5	1204.5	year:foreign	P=2025
УО	ВСЕ	794	843	творог	893.75	893.75	year:foreign	P=2025
УО	ВСЕ	808	857	Выполнение  аварийно-ремонтных работ	125	125	year:foreign	P=2025
УО	ВСЕ	810	859	Услуги видеонаблюдения	26	26	year:foreign	P=2025
УО	ВСЕ	823	872	масло сливочное	1462	1462	year:foreign	P=2025
УО	ВСЕ	824	874	поставка печени	704.74	704.74	year:foreign	P=2025
УО	ВСЕ	825	876	Сыры полутвердые	289.57	289.57	year:foreign	P=2025
УО	ВСЕ	826	877	продукты питания	515.75	515.75	year:foreign	P=2025
УО	ВСЕ	827	878	яйцо	345	345	year:foreign	P=2025
УО	ВСЕ	828	879	куры охлажденные	200	200	year:foreign	P=2025
УО	ВСЕ	829	880	продукты питания	208	208	year:foreign	P=2025
УО	ВСЕ	830	881	Хлеб, батон, хлебобулочные изделия	600	600	year:foreign	P=2025
УО	ВСЕ	831	883	филе куриное охлажденное	475.9	475.9	year:foreign	P=2025
УО	ВСЕ	832	884	Творог	2212.8	2212.8	year:foreign	P=2025
УО	ВСЕ	833	886	Хлеб и хдебобулочные изделия	600	600	year:foreign	P=2025
УО	ВСЕ	835	888	полуфабрикаты	600	600	year:foreign	P=2025
УО	ВСЕ	837	890	сок фруктовый	600	600	year:foreign	P=2025
УО	ВСЕ	838	891	программа энергосбережения	589	589	year:foreign	P=2025
УО	ВСЕ	839	892	Осаго	16	16	year:foreign	P=2025
УО	ВСЕ	840	893	Бензин 	10.58	10.58	year:foreign	P=2025
УО	ВСЕ	852	905	яйцо куриное	203.71	203.71	year:foreign	P=2025
УО	ВСЕ	853	906	вода питьевая	81	81	year:foreign	P=2025
УО	ВСЕ	854	907	мясо птицы	138.6	138.6	year:foreign	P=2025
УО	ВСЕ	855	908	печень говяжья	192.5	192.5	year:foreign	P=2025
УО	ВСЕ	856	909	кальмар, морская капуста	72.66	72.66	year:foreign	P=2025
УО	ВСЕ	857	910	Капуста белокочанная Капуста квашенная Картофель Лук репчатый Морковь Перец сладкий Чеснок	431.13	431.13	year:foreign	P=2025
УО	ВСЕ	858	911	виноград сушеный (изюм) горошек консервированный джем Какао-порошок компот крахмал картофе	444.38	444.38	year:foreign	P=2025
УО	ВСЕ	859	912	сыр	114.78	114.78	year:foreign	P=2025
УО	ВСЕ	860	913	Хлеб из пшеничной муки Хлеб из ржано-пшеничной муки Батон Булочка ванильная Булочка особая	300.32	300.32	year:foreign	P=2025
УО	ВСЕ	861	914	филе куриное	24.2	24.2	year:foreign	P=2025
УО	ВСЕ	862	915	ванилин кофейный напиток крупа рисовая лимонная кислота макароны молоко сгущенное сахар со	118.37	118.37	year:foreign	P=2025
УО	ВСЕ	863	916	томаты, огурцы	155.52	155.52	year:foreign	P=2025
УО	ВСЕ	864	917	масло сливочное	602.25	602.25	year:foreign	P=2025
УО	ВСЕ	865	918	творог	502.65	502.65	year:foreign	P=2025
УО	ВСЕ	866	921	местная телефонная связь услуги Интернет-провайдера внутризоновая телефонная связь междуго	108	108	year:foreign	P=2025
УО	ВСЕ	867	922	холодное водоснабжение и водоотведение	198.19	198.19	year:foreign	P=2025
УО	ВСЕ	868	923	электроснабжение	1700.8	1700.8	year:foreign	P=2025
УО	ВСЕ	869	924	Теплоснабжение и горячее водоснабжение при открытой и закрытой системах теплоснабжения	3490.11	3490.11	year:foreign	P=2025
УО	ВСЕ	870	925	Оказание услуг по обращению с твердыми коммунальными отходами	143.22	143.22	year:foreign	P=2025
УО	ВСЕ	873	928	Поставка "Огурцы свежие"	82.8	82.8	year:foreign	P=2025
УО	ВСЕ	874	929	Поставка " Продукты рыбные"	86	86	year:foreign	P=2025
УО	ВСЕ	875	930	Поставка "Вода питьевая"	238.14	238.14	year:foreign	P=2025
УО	ВСЕ	876	931	Поставка "Мясо кур охлажденное"	165	165	year:foreign	P=2025
УО	ВСЕ	877	932	Поставка "Филе куриное охлажденное"	42.35	42.35	year:foreign	P=2025
УО	ВСЕ	878	933	Поставка«Капусты квашеной» 	101.75	101.75	year:foreign	P=2025
УО	ВСЕ	879	934	Поставка «Овощей свежих корнеплодных и клубнеплодных» 	575.37	575.37	year:foreign	P=2025
УО	ВСЕ	880	935	Поставка "Масло растительное, рис"	112.54	112.54	year:foreign	P=2025
УО	ВСЕ	881	936	Поставка " Продукты мясные	195	195	year:foreign	P=2025
УО	ВСЕ	882	937	Поставка "Масло сливочное топленое"	5.1	5.1	year:foreign	P=2025
УО	ВСЕ	883	938	Электроснабжение	2033.89	2033.89	year:foreign	P=2025
УО	ВСЕ	884	939	Теплоснабжение	9637.13908	9637.13908	year:foreign	P=2025
УО	ВСЕ	885	940	Поставка "Сок. Компот. Сахар"	392.7	392.7	year:foreign	P=2025
УО	ВСЕ	886	941	Поставка "Продуктов питания прочих"	521.73	521.73	year:foreign	P=2025
УО	ВСЕ	887	942	Поставка «Хлеба не длительного хранения»	285.79	285.79	year:foreign	P=2025
УО	ВСЕ	888	943	Аварийные работы	150	150	year:foreign	P=2025
УО	ВСЕ	889	944	Связь, интернет	105	105	year:foreign	P=2025
УО	ВСЕ	890	945	Вывоз ТБО	137.71	137.71	year:foreign	P=2025
УО	ВСЕ	891	946	Подача ХВС и водоотведение	478.39	478.39	year:foreign	P=2025
УО	ВСЕ	892	947	Техническое обслуживание теплосчетчика, УПР	54	54	year:foreign	P=2025
УО	ВСЕ	893	948	Обслуживание технических средств видеонаблюдения	26.8	26.8	year:foreign	P=2025
УО	ВСЕ	894	949	Дезинфекция учреждения	48.93	48.93	year:foreign	P=2025
УО	ВСЕ	895	950	Расчистка территории	100	100	year:foreign	P=2025
УО	ВСЕ	896	951	Поставка «Овощи  свежие»	141.59	141.59	year:foreign	P=2025
УО	ВСЕ	897	952	Экстренный выезд наряда полиции	120.59	120.59	year:foreign	P=2025
УО	ВСЕ	898	953	Обслуживание кнопки экстренного вызова наряда полиции	144.63	144.63	year:foreign	P=2025
УО	ВСЕ	899	954	Обслуживание пожарной безопасности( Двери, АПС, Кнопка)	66.8	66.8	year:foreign	P=2025
УО	ВСЕ	900	955	Заправка картриджей	107.1	107.1	year:foreign	P=2025
УО	ВСЕ	901	956	Ремонт шнека	17.15	17.15	year:foreign	P=2025
УО	ВСЕ	924	979	поставка мяса охлажденного	236.27	236.27	year:foreign	P=2025
УО	ВСЕ	925	980	поставка сыра полутвердого	116.55	116.55	year:foreign	P=2025
УО	ВСЕ	926	981	поставка творога	429	429	year:foreign	P=2025
УО	ВСЕ	927	983	Масло сливочное	528	528	year:foreign	P=2025
УО	ВСЕ	928	984	Яйцо	224.64	224.64	year:foreign	P=2025
УО	ВСЕ	929	985	Куры-цыплята бройлеры	140.4	140.4	year:foreign	P=2025
УО	ВСЕ	930	986	Куры-филе	25.41	25.41	year:foreign	P=2025
УО	ВСЕ	931	987	Сухофрукты, прочие продукты	513.77	513.77	year:foreign	P=2025
УО	ВСЕ	932	988	Овощи свежие	87.78	87.78	year:foreign	P=2025
УО	ВСЕ	933	989	Овощи очищенные	498.3	498.3	year:foreign	P=2025
УО	ВСЕ	934	990	Хлеб	365.96	365.96	year:foreign	P=2025
УО	ВСЕ	935	991	Свежие помидоры и огурцы 	129.33	129.33	year:foreign	P=2025
УО	ВСЕ	936	992	Продукты питания (крупы и прочие продукты)	490.96	490.96	year:foreign	P=2025
УО	ВСЕ	937	993	Продукты рыбные (кальмар-филе)	88.5	88.5	year:foreign	P=2025
УО	ВСЕ	938	994	ТО систем обеспечения пожарной безопасности зданий и сооружений	30	30	year:foreign	P=2025
УО	ВСЕ	939	995	услуги экстренного выезда полиции	74.46	74.46	year:foreign	P=2025
УО	ВСЕ	940	996	Диспетчеризация и техническое обслуживание приборов учета тепловой энергии	45	45	year:foreign	P=2025
УО	ВСЕ	941	997	Услуги связи	73.62	73.62	year:foreign	P=2025
УО	ВСЕ	942	998	Обращение с твердыми коммунальными отходами	71.61	71.61	year:foreign	P=2025
УО	ВСЕ	943	999	Холодное водоснабжение и водоотведение	73.04	73.04	year:foreign	P=2025
УО	ВСЕ	944	1000	Энергоснабжение	1426.32	1426.32	year:foreign	P=2025
УО	ВСЕ	945	1001	Теплоснабжение и ГВС	5728.43	5728.43	year:foreign	P=2025
УО	ВСЕ	950	1006	Техническое обслуживание апс	36	36	year:foreign	P=2025
УО	ВСЕ	951	1007	техническое обслуживание средств охраны	32.16	32.16	year:foreign	P=2025
УО	ВСЕ	952	1008	масло сливочное	268.6	268.6	year:foreign	P=2025
УО	ВСЕ	953	1011	поставка печени	250	250	year:foreign	P=2025
УО	ВСЕ	954	1012	Сыр   полутвердый	66.73	66.73	year:foreign	P=2025
УО	ВСЕ	955	1013	продукты питания	515.75	515.75	year:foreign	P=2025
УО	ВСЕ	956	1014	продукты питания	500	500	year:foreign	P=2025
УО	ВСЕ	957	1015	яйцо	71.37	71.37	year:foreign	P=2025
УО	ВСЕ	958	1016	куры охлажденные	28.8	28.8	year:foreign	P=2025
УО	ВСЕ	959	1017	филе куриное охлажденное	32.07	32.07	year:foreign	P=2025
УО	ВСЕ	960	1018	Творог	235.62	235.62	year:foreign	P=2025
УО	ВСЕ	961	1019	Хлеб	600	600	year:foreign	P=2025
УО	ВСЕ	962	1020	овощи свежие	460	460	year:foreign	P=2025
УО	ВСЕ	963	1021	то приборов УТЭ и УПР	50	50	year:foreign	P=2025
УО	ВСЕ	964	1022	мониторинг состояния средств АПС	45	45	year:foreign	P=2025
УО	ВСЕ	965	1023	видеонаблюдение ТО 	30	30	year:foreign	P=2025
УО	ВСЕ	976	1034	ТО противопожарных дверей	6	6	year:foreign	P=2025
УО	ВСЕ	977	1035	Кнопка	60	60	year:foreign	P=2025
УО	ВСЕ	978	1036	ТО кнопка Пожар	23.6	23.6	year:foreign	P=2025
УО	ВСЕ	979	1037	Овощи свежие	114.72	114.72	year:foreign	P=2025
УО	ВСЕ	980	1038	Овощи свежие	115.05	115.05	year:foreign	P=2025
УО	ВСЕ	981	1039	Фрукты свежие	11.32	11.32	year:foreign	P=2025
УО	ВСЕ	982	1040	Хлеба	287.11	287.11	year:foreign	P=2025
УО	ВСЕ	983	1041	Масло растительное, молоко сухое, молоко сгущенное	172.07	172.07	year:foreign	P=2025
УО	ВСЕ	984	1042	Кондитерские изделия, соки	229.57	229.57	year:foreign	P=2025
УО	ВСЕ	985	1043	Филе куриное, охлажденное	45.38	45.38	year:foreign	P=2025
УО	ВСЕ	986	1044	Цыпленок -бройлер, тушка, охлажденная	145.8	145.8	year:foreign	P=2025
УО	ВСЕ	987	1045	Печень	288	288	year:foreign	P=2025
УО	ВСЕ	988	1046	Сыр	180.48	180.48	year:foreign	P=2025
УО	ВСЕ	989	1047	Сухофрукты	103.1	103.1	year:foreign	P=2025
УО	ВСЕ	990	1048	Кальмар, сайра	95.15	95.15	year:foreign	P=2025
УО	ВСЕ	991	1049	Вода питьевая	64.8	64.8	year:foreign	P=2025
УО	ВСЕ	992	1050	Яйца куриные	157.4	157.4	year:foreign	P=2025
УО	ВСЕ	993	1051	Продукты питания	471.7	471.7	year:foreign	P=2025
УО	ВСЕ	994	1052	Продукты питания	109.76	109.76	year:foreign	P=2025
УО	ВСЕ	1015	1074	Масло сливочное	144.5	144.5	year:foreign	P=2025
УО	ВСЕ	1016	1075	Продукция молочная-творог	108.83	108.83	year:foreign	P=2025
УО	ВСЕ	1017	1076	Сыр полутвердый	29.27	29.27	year:foreign	P=2025
УО	ВСЕ	1019	1078	Яйцо	24.59	24.59	year:foreign	P=2025
УО	ВСЕ	1025	1084	Томаты и огурцы свежие	15.16	15.16	year:foreign	P=2025
УО	ВСЕ	1031	1091	Масло сливочное	178.5	178.5	year:foreign	P=2025
УО	ВСЕ	1032	1092	Продукция молочная-творог	134.27	134.27	year:foreign	P=2025
УО	ВСЕ	1033	1093	Сыр полутвердый	38.08	38.08	year:foreign	P=2025
УО	ВСЕ	1034	1094	ТБО	71.61	71.61	year:foreign	P=2025
УО	ВСЕ	1045	1105	Яйцо	19.4	19.4	year:foreign	P=2025
УО	ВСЕ	1046	1106	Томаты и огурцы свежие	19.62	19.62	year:foreign	P=2025
УО	ВСЕ	1105	1173	обслуживание и заправка огнетушителей	19.32	0	year:noYear	P=""
УО	ВСЕ	1106	1174	комплектующие к извещателям	75	0	year:noYear	P=""
УО	ВСЕ	1107	1175	Электроизмерения	23	0	year:noYear	P=""
УО	ВСЕ	1110	1178	обслуживание систем видеонаблюдения	148.92	0	year:noYear	P=""
УО	ВСЕ	1112	1180	ремонт  технологического оборудования	50	0	year:noYear	P=""
УО	ВСЕ	1113	1181	поверка весов	15	0	year:noYear	P=""
УО	ВСЕ	1114	1182	подписка	39.9	0	year:noYear	P=""
УО	ВСЕ	1115	1183	утилизация оргтехники	150	0	year:noYear	P=""
УО	ВСЕ	1116	1184	повышение квалификации	59.84	0	year:noYear	P=""
УО	ВСЕ	1119	1187	сан-гигиеническое обучение	102	0	year:noYear	P=""
УО	ВСЕ	1120	1190	бензин	214.25	0	year:noYear	P=""
УО	ВСЕ	1121	1195	расходные материалы для автобуса	20	0	year:noYear	P=""
УО	ВСЕ	1122	1196	строительные материалы для текущего ремонта	202.5	0	year:noYear	P=""
УО	ВСЕ	1123	1197	мягкий инвентарь	62.5	0	year:noYear	P=""
УО	ВСЕ	1125	1202	проба питания	49.5	0	year:noYear	P=""
УО	ВСЕ	1130	1212	Производственный контроль столовой 3 кв.	55	0	year:noYear	P=""
УО	ВСЕ	1131	1213	Производственный контроль столовой 4 кв.	55	0	year:noYear	P=""
УО	ВСЕ	1134	1217	Оснащение учебных кабинетов основным и дополнительным оборудованием	800	0	year:noYear	P=""
УО	ВСЕ	1139	1222	Техническое обслуживание вентиляции	5	0	year:noYear	P=""
УО	ВСЕ	1144	1229	Анализы для сотрудников пищеблока	30	0	year:noYear	P=""
УО	ВСЕ	1155	1240	Ремонт оргтехники	50	0	year:noYear	P=""
УО	ВСЕ	1160	1245	Электроизмерения	36	0	year:noYear	P=""
УО	ВСЕ	1164	1251	поверка весов	9.26	0	year:noYear	P=""
УО	ВСЕ	1165	1252	утилизация	40	0	year:noYear	P=""
УО	ВСЕ	1166	1253	производственный контроль 	180	0	year:noYear	P=""
УО	ВСЕ	1168	1256	Программное обеспечение	68.5	0	year:noYear	P=""
УО	ВСЕ	1170	1258	периодический медосмотр	340.54	0	year:noYear	P=""
УО	ВСЕ	1173	1263	МЯГКИЙ ИНВЕНТАРЬ	60	0	year:noYear	P=""
УО	ВСЕ	1174	1264	Кухонный инвентарь	95	0	year:noYear	P=""
УО	ВСЕ	1175	1265	Бытовая техника	139	0	year:noYear	P=""
УО	ВСЕ	1176	1266	Бланки строгой отчетности	32.5	0	year:noYear	P=""
УО	ВСЕ	1177	1268	лакокрасочные изделия	200	0	year:noYear	P=""
УО	ВСЕ	1183	1276	Продукты питания 	600	0	year:noYear	P=""
УО	ВСЕ	1189	1282	Поверка весов	15	0	year:noYear	P=""
УО	ВСЕ	1190	1283	Проверка и очистка вентиляции 	7	0	year:noYear	P=""
УО	ВСЕ	1191	1284	Поверка огнетушителей и диэлектрических ковриков 	15	0	year:noYear	P=""
УО	ВСЕ	1194	1287	Приобретение огнетушителей	7.5	0	year:noYear	P=""
УО	ВСЕ	1195	1288	Таблички по пожарной безопасности(предписание) 	5	0	year:noYear	P=""
УО	ВСЕ	1196	1289	Приобретение маска самоспасатель(предписание) 	3	0	year:noYear	P=""
УО	ВСЕ	1197	1290	Стенды пожарная безопасность и антитеррор 	8	0	year:noYear	P=""
УО	ВСЕ	1198	1291	Дверь металлическая с установкой 	30	0	year:noYear	P=""
УО	ВСЕ	1199	1292	Приобретение унитазов с арматурой 	35	0	year:noYear	P=""
УО	ВСЕ	1200	1293	Смесители (пищеблок и туалеты)	25	0	year:noYear	P=""
УО	ВСЕ	1201	1294	Дверь полотно в санузлы	10	0	year:noYear	P=""
УО	ВСЕ	1202	1295	Доводчики дверные	10	0	year:noYear	P=""
УО	ВСЕ	1203	1296	Замки дверные 	12	0	year:noYear	P=""
УО	ВСЕ	1204	1297	Краска для ремонта стены,забор	80	0	year:noYear	P=""
УО	ВСЕ	1205	1298	краска ВДАК стены потолок  3 ведра 	10	0	year:noYear	P=""
УО	ВСЕ	1207	1300	комплектующие к извещателям	500	0	year:noYear	P=""
УО	ВСЕ	1209	1302	Огнезащитная обработка штор	12.5	0	year:noYear	P=""
УО	ВСЕ	1210	1303	Электроизмерения	40	0	year:noYear	P=""
УО	ВСЕ	1213	1306	ремонт  технологического оборудования	84.8	0	year:noYear	P=""
УО	ВСЕ	1215	1308	ремонт оргтехники	31.5	0	year:noYear	P=""
УО	ВСЕ	1218	1312	поверка весов	35	0	year:noYear	P=""
УО	ВСЕ	1219	1313	подписка	39.9	0	year:noYear	P=""
УО	ВСЕ	1220	1314	утилизация оргтехники	150	0	year:noYear	P=""
УО	ВСЕ	1221	1315	повышение квалификации	123	0	year:noYear	P=""
УО	ВСЕ	1222	1316	контур	32.9	0	year:noYear	P=""
УО	ВСЕ	1223	1317	ИС "Оплата школьного питания	78	0	year:noYear	P=""
УО	ВСЕ	1224	1318	вижен-софт	9	0	year:noYear	P=""
УО	ВСЕ	1225	1319	смарт	27.8	0	year:noYear	P=""
УО	ВСЕ	1226	1320	веснин	31.2	0	year:noYear	P=""
УО	ВСЕ	1227	1321	ЭЦП	12	0	year:noYear	P=""
УО	ВСЕ	1228	1322	бакисследования 	115	0	year:noYear	P=""
УО	ВСЕ	1230	1324	сан-гигиеническое обучение	102	0	year:noYear	P=""
УО	ВСЕ	1231	1325	налог на имущество	16	0	year:noYear	P=""
УО	ВСЕ	1232	1326	Дизтопливо	420	0	year:noYear	P=""
УО	ВСЕ	1233	1327	Бензин	10	0	year:noYear	P=""
УО	ВСЕ	1234	1328	зимняя резина	80	0	year:noYear	P=""
УО	ВСЕ	1235	1329	услуга шиномонтажа	20	0	year:noYear	P=""
УО	ВСЕ	1236	1330	ТО автобуса	44	0	year:noYear	P=""
УО	ВСЕ	1237	1331	предрейсовый осмотр	44	0	year:noYear	P=""
УО	ВСЕ	1238	1332	расходные материалы для автобуса	88	0	year:noYear	P=""
УО	ВСЕ	1242	1336	строительные материалы для текущего ремонта	202.5	0	year:noYear	P=""
УО	ВСЕ	1243	1337	мягкий инвентарь	62.5	0	year:noYear	P=""
УО	ВСЕ	1244	1339	моющие средства	385.4	0	year:noYear	P=""
УО	ВСЕ	1245	1340	хозяйственный инвентарь	177.5	0	year:noYear	P=""
УО	ВСЕ	1246	1341	абонементские книжки	65	0	year:noYear	P=""
УО	ВСЕ	1248	1344	Покупка канцтоваров	70	0	year:noYear	P=""
УО	ВСЕ	1249	1345	Покупка оргтехники	94.39	0	year:noYear	P=""
УО	ВСЕ	1250	1346	закупка стиральной машины для дошкольного отделения	50	0	year:noYear	P=""
УО	ВСЕ	1252	1348	приобретение одноразовых стаканчиков	10	0	year:noYear	P=""
УО	ВСЕ	1259	1368	моющие, хозяйственные средства	17.44	0	year:noYear	P=""
УО	ВСЕ	1261	1370	Производственный контроль	40	0	year:noYear	P=""
УО	ВСЕ	1262	1371	Хозяйственные ср-ва	720	0	year:noYear	P=""
УО	ВСЕ	1263	1372	Испытание эл.техн.оборудования	100	0	year:noYear	P=""
УО	ВСЕ	1266	1375	запчасти автоб.	100	0	year:noYear	P=""
УО	ВСЕ	1267	1376	пополнение посуды	100	0	year:noYear	P=""
УО	ВСЕ	1269	1378	Услуги по обслуживанию эл.котлов	21	0	year:noYear	P=""
УО	ВСЕ	1270	1379	Абонементные книжки	15	0	year:noYear	P=""
УО	ВСЕ	1271	1380	дератизация мусорных площадок	7	0	year:noYear	P=""
УО	ВСЕ	1272	1381	Масло моторное и составляющие, необходимые для автобуса	25	0	year:noYear	P=""
УО	ВСЕ	1273	1382	Обследование территорий на наличие грызунов, клещей и тд	15	0	year:noYear	P=""
УО	ВСЕ	1281	1390	Замена свич на видеонаблюдении (школа)	48	0	year:noYear	P=""
УО	ВСЕ	1284	1394	сейф	30	0	year:noYear	P=""
УО	ВСЕ	1288	1398	заправка картриджей	50	0	year:noYear	P=""
УО	ВСЕ	1289	1399	бензиновый снегоуборщик	300	0	year:noYear	P=""
УО	ВСЕ	1290	1400	гигиеническое обучение	160	0	year:noYear	P=""
УО	ВСЕ	1292	1402	комплектующие к извещателям	60	0	year:noYear	P=""
УО	ВСЕ	1295	1406	ремонт и обслуживание технологического оборудования, автотранспорта	175	0	year:noYear	P=""
УО	ВСЕ	1296	1407	ЭЦП	24	0	year:noYear	P=""
УО	ВСЕ	1297	1408	бак обследования	207	0	year:noYear	P=""
УО	ВСЕ	1299	1410	автострахование	30	0	year:noYear	P=""
УО	ВСЕ	1300	1411	строительные материалы	265	0	year:noYear	P=""
УО	ВСЕ	1301	1413	фартук	15	0	year:noYear	P=""
УО	ВСЕ	1302	1414	сапоги	6	0	year:noYear	P=""
УО	ВСЕ	1303	1415	туфли "сабо"	10	0	year:noYear	P=""
УО	ВСЕ	1304	1416	перчатки д/уборщиков терр.	6	0	year:noYear	P=""
УО	ВСЕ	1305	1417	костюм д/вахтера	5	0	year:noYear	P=""
УО	ВСЕ	1307	1419	колпак	2	0	year:noYear	P=""
УО	ВСЕ	1308	1420	рукавицы утепленные	2	0	year:noYear	P=""
УО	ВСЕ	1309	1421	костюм для рабочего	2	0	year:noYear	P=""
УО	ВСЕ	1310	1422	костюм для уборщика  территории	6	0	year:noYear	P=""
УО	ВСЕ	1313	1426	лопата 	5	0	year:noYear	P=""
УО	ВСЕ	1314	1427	соль	80	0	year:noYear	P=""
УО	ВСЕ	1315	1428	перчатки	50	0	year:noYear	P=""
УО	ВСЕ	1316	1429	дезсредства	100	0	year:noYear	P=""
УО	ВСЕ	1317	1430	кастрюли, бачки	50	0	year:noYear	P=""
УО	ВСЕ	1318	1431	ведра, швабры	25	0	year:noYear	P=""
УО	ВСЕ	1319	1432	метлы	6	0	year:noYear	P=""
УО	ВСЕ	1320	1434	поверка весов	50	0	year:noYear	P=""
УО	ВСЕ	1321	1435	ремонт и обслуживание технологического оборудования, автотранспорта	534.06	0	year:noYear	P=""
УО	ВСЕ	1322	1436	поверка весов	55.2	0	year:noYear	P=""
УО	ВСЕ	1324	1438	Программное обеспечение	28	0	year:noYear	P=""
УО	ВСЕ	1325	1439	бак обследование (лабораторные исследования)	84	84	year:foreign	P=2025
УО	ВСЕ	1328	1448	Бланки строгой отчетности	5.7	0	year:noYear	P=""
УО	ВСЕ	1329	1450	лакокрасочные изделия	183	0	year:noYear	P=""
УО	ВСЕ	1331	1453	расчистка снега	500	0	year:noYear	P=""
УО	ВСЕ	1333	1455	обследование на клещ	13.8	0	year:noYear	P=""
УО	ВСЕ	1334	1456	Обслуживание систем видеонаблюдения	78.2	0	year:noYear	P=""
УО	ВСЕ	1335	1457	обслуживание и заправка огнетушителей	6.93	0	year:noYear	P=""
УО	ВСЕ	1336	1458	комплектующие к извещателям	120	0	year:noYear	P=""
УО	ВСЕ	1337	1459	пожарные испытания	93.48	0	year:noYear	P=""
УО	ВСЕ	1338	1460	Электроизмерения	52.8	0	year:noYear	P=""
УО	ВСЕ	1339	1461	Техническое обслуживание СПС и СОУЭ	134.32	0	year:noYear	P=""
УО	ВСЕ	1345	1467	Техосмотр автобуса (ТО2)	10	0	year:noYear	P=""
УО	ВСЕ	1346	1468	Запасные части на автобус	50	0	year:noYear	P=""
УО	ВСЕ	1347	1469	Обучение по технике безопасности, охрана труда, антикоррупция, 44-ФЗ	30	0	year:noYear	P=""
УО	ВСЕ	1350	1474	Мотокоса	22.2	0	year:noYear	P=""
УО	ВСЕ	1352	1476	Стройматериалы	146	0	year:noYear	P=""
УО	ВСЕ	1353	1479	СМС, перчатки, маски, бумага туал, стир порошок, средства для посудомоечной машины и парок	176.1	0	year:noYear	P=""
УО	ВСЕ	1354	1480	Специальная оценка труда	140.1	0	year:noYear	P=""
УО	ВСЕ	1357	1486	Электроизмерения	24.1	0	year:noYear	P=""
УО	ВСЕ	1361	1493	ремонт эл.печи	40	0	year:noYear	P=""
УО	ВСЕ	1362	1494	ремонт холодильного оборудования 	40	0	year:noYear	P=""
УО	ВСЕ	1363	1495	Повышение квалификации	20	0	year:noYear	P=""
УО	ВСЕ	1366	1499	производственный контроль	188.5	0	year:noYear	P=""
УО	ВСЕ	1368	1501	Предрейсовый медицинский осмотр	77.19	0	year:noYear	P=""
УО	ВСЕ	1369	1502	Гигиеническое обучение	22.28	0	year:noYear	P=""
УО	ВСЕ	1370	1503	эмаль акриловая 	31.5	0	year:noYear	P=""
УО	ВСЕ	1371	1504	эмаль универсальная	40.6	0	year:noYear	P=""
УО	ВСЕ	1372	1505	валики	6.6	0	year:noYear	P=""
УО	ВСЕ	1373	1506	растворитель	4.48	0	year:noYear	P=""
УО	ВСЕ	1374	1507	уайт спирит	7.94	0	year:noYear	P=""
УО	ВСЕ	1375	1508	кисти	6	0	year:noYear	P=""
УО	ВСЕ	1376	1509	шпатлевка	21.1	0	year:noYear	P=""
УО	ВСЕ	1377	1510	стол из дерева твердых пород	42.6	0	year:noYear	P=""
УО	ВСЕ	1378	1512	бак	24.8	0	year:noYear	P=""
УО	ВСЕ	1379	1513	контейнер пластиковый	9.8	0	year:noYear	P=""
УО	ВСЕ	1380	1514	таз из нержавеющей стали	8	0	year:noYear	P=""
УО	ВСЕ	1381	1515	сковорода	25.2	0	year:noYear	P=""
УО	ВСЕ	1382	1516	ножи	12	0	year:noYear	P=""
УО	ВСЕ	1383	1517	вилка столовая	45	0	year:noYear	P=""
УО	ВСЕ	1384	1518	ложка столовая	45	0	year:noYear	P=""
УО	ВСЕ	1385	1519	тарелка глубокая 20 см	31.62	0	year:noYear	P=""
УО	ВСЕ	1386	1520	тарелка глубокая 22 см	27.36	0	year:noYear	P=""
УО	ВСЕ	1387	1521	тарелка мелкая 20 см	30.88	0	year:noYear	P=""
УО	ВСЕ	1388	1522	стакан граненый	10.8	0	year:noYear	P=""
УО	ВСЕ	1389	1523	доски разделочные	21.6	0	year:noYear	P=""
УО	ВСЕ	1403	1543	приобретение огнетушителей	3	0	year:noYear	P=""
УО	ВСЕ	1404	1544	техническое обслуживание и ремонт автобуса	34	0	year:noYear	P=""
УО	ВСЕ	1405	1545	приобретение и обновление программного обеспечения	150.9	0	year:noYear	P=""
УО	ВСЕ	1409	1549	приобретение расходных материалов для подготовки к новому учебному году	53	0	year:noYear	P=""
УО	ВСЕ	1410	1550	приобретение СИЗов	26	0	year:noYear	P=""
УО	ВСЕ	1411	1551	ремонт и установка пожарных лестниц (Представление прокуратуры)	485	0	year:noYear	P=""
УО	ВСЕ	1413	1553	разработка программы энергоэффективности	15	0	year:noYear	P=""
УО	ВСЕ	1415	1555	приобретение посудомоечной машины	251.226	0	year:noYear	P=""
УО	ВСЕ	1416	1556	ремонт асфальтобетонного покрытия территории учреждения (Предписание Роспотребнадзора)	3933.72	0	year:noYear	P=""
УО	ВСЕ	1417	1557	реконструкция системы вентиляции пищеблока (Предписание Роспотребнадзора)	2827.82	0	year:noYear	P=""
УО	ВСЕ	1418	1558	приобретение и установка солнцезащитных устройств в учебных кабинетах (Предписание Роспотр	478.8	0	year:noYear	P=""
УО	ВСЕ	1419	1559	приобретение защитных экранов на радиаторы отопления (Предписание Роспотребнадзора)	268.3	0	year:noYear	P=""
УО	ВСЕ	1421	1561	приобретение и установка домофонов на калитки	435	0	year:noYear	P=""
УО	ВСЕ	1427	1567	Электроизмерения	30	0	year:noYear	P=""
УО	ВСЕ	1428	1568	Пожарные испытания	3.72	0	year:noYear	P=""
УО	ВСЕ	1429	1569	Обслуживание и заправка огнетушителей	14.4	0	year:noYear	P=""
УО	ВСЕ	1430	1570	Дератизация, дезинфекция	13.6	0	year:noYear	P=""
УО	ВСЕ	1431	1571	Обучение по охране труда	82.5	0	year:noYear	P=""
УО	ВСЕ	1432	1572	Обучение по оказанию первой помощи	55	0	year:noYear	P=""
УО	ВСЕ	1433	1573	Производственный контроль (кухня) - 4 квартала	160	0	year:noYear	P=""
УО	ВСЕ	1434	1574	Производственный контроль (бассейн) - 4 квартала	111	0	year:noYear	P=""
УО	ВСЕ	1435	1575	Самоспасатель для дыхания на случай пожара	214.5	0	year:noYear	P=""
УО	ВСЕ	1436	1576	Принтер	130	0	year:noYear	P=""
УО	ВСЕ	1437	1577	Приобретение строительных материалов( лакокрасочные)	118.16	0	year:noYear	P=""
УО	ВСЕ	1442	1598	закупка аккумуляторов пож сигнализации	294	0	year:noYear	P=""
УО	ВСЕ	1444	1600	Закупка водонагревателей	125	0	year:noYear	P=""
УО	ВСЕ	1445	1601	Закупка пылесосов	60	0	year:noYear	P=""
УО	ВСЕ	1446	1602	Техобслуживание и расходные материалы, ГСМ для шнекоротора, триммера	50	0	year:noYear	P=""
УО	ВСЕ	1447	1603	Закупка моек для пищеблока (по предписанию)	225	0	year:noYear	P=""
УО	ВСЕ	1449	1605	Закупка ковровых покрытий	102	0	year:noYear	P=""
УО	ВСЕ	1450	1606	Ремонт и обслуживание электротехники	150	0	year:noYear	P=""
УО	ВСЕ	1451	1607	Периодический медосмотр, сан гигиеническое обучение	450	0	year:noYear	P=""
УО	ВСЕ	1453	1609	Закупка расходных материалов (закупка светодиодных ламп, смесители, розетки и иные расходн	35	0	year:noYear	P=""
УО	ВСЕ	1454	1610	Услуги чистки вентиляции	50	0	year:noYear	P=""
УО	ВСЕ	1456	1612	обслуживание и заправка огнетушителей	70	0	year:noYear	P=""
УО	ВСЕ	1458	1615	Электроизмерения	15	0	year:noYear	P=""
УО	ВСЕ	1460	1617	обследование на клещ	45	0	year:noYear	P=""
УО	ВСЕ	1462	1619	ремонт и обслуживание технологического оборудования, автотранспорта	200	0	year:noYear	P=""
УО	ВСЕ	1463	1620	поверка весов	5	0	year:noYear	P=""
УО	ВСЕ	1465	1622	Программное обеспечение	100	0	year:noYear	P=""
УО	ВСЕ	1466	1623	бак обследование (лабораторные исследования)	84	84	year:foreign	P=2025
УО	ВСЕ	1469	1636	расчистка снега	200	0	year:noYear	P=""
УО	ВСЕ	1470	1637	Приобретение линолеума	100	0	year:noYear	P=""
УО	ВСЕ	1471	1638	приобретение краски	150	0	year:noYear	P=""
УО	ВСЕ	1472	1639	приобретение кушетки в мед. Пункт	100	0	year:noYear	P=""
УО	ВСЕ	1473	1640	приобретение инструмента слесарного	30	0	year:noYear	P=""
УО	ВСЕ	1475	1642	Психиатрическое освидетельствование	15	0	year:noYear	P=""
УО	ВСЕ	1480	1647	приобретение уличных фигур	193.07	0	year:noYear	P=""
УО	ВСЕ	1483	1651	Электоизмерения 1 р/год	27	0	year:noYear	P=""
УО	ВСЕ	1485	1653	дератизация	89.277	0	year:noYear	P=""
УО	ВСЕ	1486	1654	дезинсекция	7.089	0	year:noYear	P=""
УО	ВСЕ	1494	1662	поверка весов	18.065	0	year:noYear	P=""
УО	ВСЕ	1495	1663	обучение по охране труда, ГО и ЧС, пожарно-техническому минимуму, повышение квалификации	55.2	0	year:noYear	P=""
УО	ВСЕ	1496	1665	бак обследование (лабораторные исследования)	84	0	year:noYear	P=""
УО	ВСЕ	1501	1680	Замена светильников	35	0	year:noYear	P=""
УО	ВСЕ	1502	1681	ОСАГО	11.5	0	year:noYear	P=""
УО	ВСЕ	1504	1684	Песок	9	0	year:noYear	P=""
УО	ВСЕ	1505	1685	Диагностика ПЦР	28.5	0	year:noYear	P=""
УО	ВСЕ	1507	1690	Опрессовка	29	0	year:noYear	P=""
УО	ВСЕ	1508	1692	Выполнение  аварийно-ремонтных работ	300	0	year:noYear	P=""
УО	ВСЕ	1509	1693	Хоз.нужды	100	0	year:noYear	P=""
УО	ВСЕ	1510	1694	обслуживание и заправка огнетушителей	6.93	0	year:noYear	P=""
УО	ВСЕ	1511	1696	пожарные испытания	93.48	0	year:noYear	P=""
УО	ВСЕ	1512	1697	Электроизмерения	52.8	0	year:noYear	P=""
УО	ВСЕ	1514	1699	обследование на клещ	13.8	0	year:noYear	P=""
УО	ВСЕ	1515	1700	Обслуживание систем видеонаблюдения	78.2	53.88	year:foreign	P=2025
УО	ВСЕ	1516	1702	поверка весов	55.2	0	year:noYear	P=""
УО	ВСЕ	1518	1704	Программное обеспечение	28	0	year:noYear	P=""
УО	ВСЕ	1519	1705	бак обследование (лабораторные исследования)	84	84	year:foreign	P=2025
УО	ВСЕ	1522	1716	лакокрасочные изделия	183	0	year:noYear	P=""
УО	ВСЕ	1525	1722	пожарные испытания	93.48	0	year:noYear	P=""
УО	ВСЕ	1532	1730	Программное обеспечение	28	0	year:noYear	P=""
УО	ВСЕ	1536	1744	Обновление Программы питания	10	0	year:noYear	P=""
УО	ВСЕ	1538	1746	ремонт кух. И прач. Техники	100	0	year:noYear	P=""
УО	ВСЕ	1539	1747	Противопожарная обработка крыши	250	0	year:noYear	P=""
УО	ВСЕ	1541	1749	лабораторные исследования по противопожарной обработке крыши	15	0	year:noYear	P=""
УО	ВСЕ	1546	1754	Учебные расходы	233.66	0	year:noYear	P=""
УО	ВСЕ	1554	1765	обучение по охране труда, ГО и ЧС, пожарно-техническому минимуму, повышение квалификации	55.2	0	year:noYear	P=""
УО	ВСЕ	1555	1766	Программное обеспечение	28	0	year:noYear	P=""
УО	ВСЕ	1559	1770	кровать 3-х ярусная	525	0	year:noYear	P=""
УО	ВСЕ	1560	1773	стеллаж	60	0	year:noYear	P=""
УО	ВСЕ	1561	1776	Бланки строгой отчетности	5.7	0	year:noYear	P=""
УО	ВСЕ	1565	1781	Обслуживание вентиляционного оборудования 	4.8	0	year:noYear	P=""
УО	ВСЕ	1568	1784	Вижен Софт	10	0	year:noYear	P=""
УО	ВСЕ	1571	1787	дезинфекция	9	0	year:noYear	P=""
УО	ВСЕ	1573	1789	Мягкий инвентарь	29.18	0	year:noYear	P=""
УО	ВСЕ	1575	1793	поверка манометров	4.3	0	year:noYear	P=""
УО	ВСЕ	1576	1794	поверка весов	16.34	0	year:noYear	P=""
УО	ВСЕ	1577	1795	Замена светильников	35	0	year:noYear	P=""
УО	ВСЕ	1579	1797	Ремонт электрооборудования	40	0	year:noYear	P=""
УО	ВСЕ	1580	1798	Водонагреватель	22	0	year:noYear	P=""
УО	ВСЕ	1581	1799	Песок	8	0	year:noYear	P=""
УО	ВСЕ	1583	1801	Бак Анализ	13.4	0	year:noYear	P=""
УО	ВСЕ	1588	1806	Испытание диэлектрических средств защиты	13.8	0	year:noYear	P=""
УО	ВСЕ	1589	1807	Элемент питания 	45	0	year:noYear	P=""
УО	ВСЕ	1590	1808	Тех обслуживание СПС и СОУЭ	19.2	0	year:noYear	P=""
УО	ВСЕ	1592	1810	средства индивидуальной защиты	5.8	0	year:noYear	P=""
УО	ВСЕ	1594	1812	огнетушители	27	0	year:noYear	P=""
УО	ВСЕ	1595	1813	Испытание и измерение в электрооборудованиях 	86	0	year:noYear	P=""
УО	ВСЕ	1596	1814	Хоз.товары (смесители,доводчики, краны)	150	0	year:noYear	P=""
УО	ВСЕ	1597	1815	Омега	38.4	0	year:noYear	P=""
УО	ВСЕ	1602	1820	Цемент для ремонта крылец, ступеней	25	0	year:noYear	P=""
УО	ВСЕ	1605	1823	Техническое обслуживание и ремонт шнекоротора	100	0	year:noYear	P=""
УО	ВСЕ	1606	1824	Расходный материал (масло, бензин) для шнекоротора	40	0	year:noYear	P=""
УО	ВСЕ	1607	1825	Посуда	70	0	year:noYear	P=""
УО	ВСЕ	1608	1826	Детское постельное белье	1800	0	year:noYear	P=""
УО	ВСЕ	1609	1827	Полотенца	560	0	year:noYear	P=""
УО	ВСЕ	1611	1829	Бактерицидные облучатель	17.04	0	year:noYear	P=""
УО	ВСЕ	1613	1831	Светодиодные лампы для светильников	50	0	year:noYear	P=""
УО	ВСЕ	1614	1832	Тепловентиляторы для сушки детской одежды	60	0	year:noYear	P=""
УО	ВСЕ	1616	1834	Мягкий инвентарь	200	0	year:noYear	P=""
УО	ВСЕ	1617	1835	Камерная обработка постельных принадлежностей	56	0	year:noYear	P=""
УО	ВСЕ	1619	1837	Установка ограждений для детских площадок	500	0	year:noYear	P=""
УО	ВСЕ	1620	1838	 диски и зимняя резина на УАЗ-390995-04	55	0	year:noYear	P=""
УО	ВСЕ	1621	1839	горюче-смазочные материалы на УАЗ-390995-04	30	0	year:noYear	P=""
УО	ВСЕ	1623	1841	ТСО видеонаблюдения, установка дополнительных камер видеонаблюдения	98	0	year:noYear	P=""
УО	ВСЕ	1625	1843	Установка дополнительных вентиляционных  зонтов на кухне 	500	0	year:noYear	P=""
УО	ВСЕ	1626	1844	Проведение электроизмерений и электроиспытаний в электроустановках	73.2	0	year:noYear	P=""
УО	ВСЕ	1627	1845	Оценка рисков (ОРИСК)	65	0	year:noYear	P=""
УО	ВСЕ	1628	1847	фартук-сарафан 	30.6	0	year:noYear	P=""
УО	ВСЕ	1629	1848	 тент-чехол для белья 	24.15	0	year:noYear	P=""
УО	ВСЕ	1631	1850	пылесос	27	0	year:noYear	P=""
УО	ВСЕ	1632	1851	утюг	21	0	year:noYear	P=""
УО	ВСЕ	1633	1852	Обучение охране труда	160	0	year:noYear	P=""
УО	ВСЕ	1636	1855	дезинфекция постельных принадлежностей	150	0	year:noYear	P=""
УО	ВСЕ	1637	1856	Утилизация оргтехники, люминесцентных ламп, электрооборудования	150	0	year:noYear	P=""
УО	ВСЕ	1639	1859	краска для забора по металлу цвет вишневый 25 кг	130	0	year:noYear	P=""
УО	ВСЕ	1640	1860	Краска эмаль ПФ-115 белая глянцевая 	40	0	year:noYear	P=""
УО	ВСЕ	1641	1861	Краска водоэмульсионная моющаяся белая 	45	0	year:noYear	P=""
УО	ВСЕ	1642	1862	Шпатлевка для внутренних работ Террако	20	0	year:noYear	P=""
УО	ВСЕ	1647	1867	плита шестиконфорочная с духовым шкафом	165	0	year:noYear	P=""
УО	ВСЕ	1648	1868	холодильный стол	280	0	year:noYear	P=""
УО	ВСЕ	1649	1869	миксер планетарный	65	0	year:noYear	P=""
УО	ВСЕ	1650	1870	лампы для искусственной освещенности в группах	50	0	year:noYear	P=""
УО	ВСЕ	1651	1871	тара для перевозки пищевых продуктов 	50	0	year:noYear	P=""
УО	ВСЕ	1652	1872	аккумуляторные батареи для АПС	50	0	year:noYear	P=""
УО	ВСЕ	1662	1883	детская игровая мебель	100	0	year:noYear	P=""
УО	ВСЕ	1664	1886	Расчистка территории от снега	100	0	year:noYear	P=""
УО	ВСЕ	1669	1892	обслуживание сплит системы на пищеблоке	19.5	0	year:noYear	P=""
УО	ВСЕ	1675	1900	Сопровождение программы Контур Экстерн	4	0	year:noYear	P=""
УО	ВСЕ	1682	1907	Приобретение мебели	200	0	year:noYear	P=""
УО	ВСЕ	1683	1908	 Заправка картриджей и ремонт оргтехники	50	0	year:noYear	P=""
УО	ВСЕ	1689	1914	Хоз инвентарь	50	0	year:noYear	P=""
УО	ВСЕ	1690	1915	Оценка рисков (ОРИСК)	65	0	year:noYear	P=""
УО	ВСЕ	1692	1918	Приобретение дидактических материалов 	150	0	year:noYear	P=""
УО	ВСЕ	1693	1919	водонагреватель	30	0	year:noYear	P=""
УО	ВСЕ	1694	1920	утюг	21	0	year:noYear	P=""
УО	ВСЕ	1695	1921	Обучение охране труда	35	0	year:noYear	P=""
УО	ВСЕ	1696	1922	Обучение по пожарной безопасности, коррупционной политике и антитеррористической защищенно	20	0	year:noYear	P=""
УО	ВСЕ	1701	1927	Утилизация оргтехники, люминесцентных ламп, электрооборудования	80	0	year:noYear	P=""
УО	ВСЕ	1703	1929	Дефектовочные ведомости на списание для утилизации электрооборудования, оргтехники	2	0	year:noYear	P=""
УО	ВСЕ	1705	1934	лампы для искусственной освещенности в группах	15	0	year:noYear	P=""
УО	ВСЕ	1707	1936	Завоз песка	3	0	year:noYear	P=""
УО	ВСЕ	1710	1939	Дератизация помещений, территории (2 раза в год)	10	0	year:noYear	P=""
УО	ВСЕ	1711	1940	Дезинфекция, дезинсекция помещений	10	0	year:noYear	P=""
УО	ВСЕ	1712	1941	Поверка весов	20	0	year:noYear	P=""
УО	ВСЕ	1713	1942	Лабораторные исследования (анализы работники пищеблока)	12	0	year:noYear	P=""
УО	ВСЕ	1714	1943	 ЭЛЕКТРОЗАМЕРЫ    	40	0	year:noYear	P=""
УО	ВСЕ	1718	1947	скатертная ткань для пошива салфеток на обеденные столы 	13	0	year:noYear	P=""
УО	ВСЕ	1719	1948	посуда ( тарелки глубокие, кружки, кастрюли) на группы	100	0	year:noYear	P=""
УО	ВСЕ	1720	1949	шкаф хлебный из нержавеющей стали на пищеблок	50	0	year:noYear	P=""
УО	ВСЕ	1721	1950	стеллаж для хранения кухонной посуды на пищеблок 1200*600*1600 (2 шт)	70	0	year:noYear	P=""
УО	ВСЕ	1732	1961	ремонт плиты	18.5	0	year:noYear	P=""
УО	ВСЕ	1733	1962	проволока	3.8	0	year:noYear	P=""
УО	ВСЕ	1734	1963	саморезы	1.5	0	year:noYear	P=""
УО	ВСЕ	1735	1964	гвозди 80	1.25	0	year:noYear	P=""
УО	ВСЕ	1736	1965	доски 50*100	9.75	0	year:noYear	P=""
УО	ВСЕ	1737	1966	брус 100*100	20	0	year:noYear	P=""
УО	ВСЕ	1738	1967	уголки	3.6	0	year:noYear	P=""
УО	ВСЕ	1739	1968	цемент	9	0	year:noYear	P=""
УО	ВСЕ	1741	1970	ограждение для участков	46	0	year:noYear	P=""
УО	ВСЕ	1743	1972	камерная обработка постелей	120	0	year:noYear	P=""
УО	ВСЕ	1744	1973	ремонт эл.печи	43.2	0	year:noYear	P=""
УО	ВСЕ	1745	1974	ремонт холодильного оборудования 	61.2	0	year:noYear	P=""
УО	ВСЕ	1746	1975	ремонт стиральной машины	36	0	year:noYear	P=""
УО	ВСЕ	1747	1976	Поверка весов	28.5	0	year:noYear	P=""
УО	ВСЕ	1749	1979	вижен-софт	18	0	year:noYear	P=""
УО	ВСЕ	1750	1980	смарт	13.2	0	year:noYear	P=""
УО	ВСЕ	1754	1984	Стиральная машина	130.5	0	year:noYear	P=""
УО	ВСЕ	1755	1997	ковер	50	0	year:noYear	P=""
УО	ВСЕ	1756	1998	наматрасники	63	0	year:noYear	P=""
УО	ВСЕ	1757	1999	стол из дерева твердых пород	42.6	0	year:noYear	P=""
УО	ВСЕ	1758	2001	бак	24.8	0	year:noYear	P=""
УО	ВСЕ	1759	2002	контейнер пластиковый	8	0	year:noYear	P=""
УО	ВСЕ	1760	2003	таз из нержавеющей стали	8	0	year:noYear	P=""
УО	ВСЕ	1761	2004	сковорода	25.2	0	year:noYear	P=""
УО	ВСЕ	1762	2005	ножи	12	0	year:noYear	P=""
УО	ВСЕ	1763	2006	доски разделочные	21.6	0	year:noYear	P=""
УО	ВСЕ	1764	2008	Квитанции ОКУД 0504510	10.5	0	year:noYear	P=""
УО	ВСЕ	1768	2013	перчатки нитриловые голубые 100шт	6	0	year:noYear	P=""
УО	ВСЕ	1769	2014	Перчатки латексные HIGH RISK 25 пар	20	0	year:noYear	P=""
УО	ВСЕ	1770	2015	салфетки влажные 120 шт.	20	0	year:noYear	P=""
УО	ВСЕ	1771	2016	Rain мыло жидкое антибакт.1л	7.5	0	year:noYear	P=""
УО	ВСЕ	1772	2017	Rain мыло жидкое антибакт. 0,5 л	9	0	year:noYear	P=""
УО	ВСЕ	1773	2018	Ушастый нянь стир-ый порошок 9кг	41.25	0	year:noYear	P=""
УО	ВСЕ	1774	2019	губка для посуды МЕГА 5шт	7.2	0	year:noYear	P=""
УО	ВСЕ	1775	2020	Т/б ZEWA по 4 шт.	30.6	0	year:noYear	P=""
УО	ВСЕ	1776	2022	мешки для мусора 30л.	10.8	0	year:noYear	P=""
УО	ВСЕ	1777	2028	Grass чистящее средство Grill Professional	4.8	0	year:noYear	P=""
УО	ВСЕ	1778	2033	холодильник	45	0	year:noYear	P=""
УО	ВСЕ	1779	2034	обслуживание видеонаблюдения	220	0	year:noYear	P=""
УО	ВСЕ	1780	2036	шнекоротор	350	0	year:noYear	P=""
УО	ВСЕ	1787	2044	дезинфекция камерная	48	0	year:noYear	P=""
УО	ВСЕ	1788	2045	энтомологическое обследование	2.2	0	year:noYear	P=""
УО	ВСЕ	1789	2046	ремонт технологического оборудования	40	0	year:noYear	P=""
УО	ВСЕ	1790	2047	Обслуживание вентиляционного оборудования	6	0	year:noYear	P=""
УО	ВСЕ	1791	2048	Песок	15	0	year:noYear	P=""
УО	ВСЕ	1792	2049	Поверка весов	16.49	0	year:noYear	P=""
УО	ВСЕ	1793	2050	Повышение квалификации	25	0	year:noYear	P=""
УО	ВСЕ	1799	2056	Масло двухтактное	3	0	year:noYear	P=""
УО	ВСЕ	1800	2057	Масло для шнекоротора	2.4	0	year:noYear	P=""
УО	ВСЕ	1801	2058	Бензин	6.41	0	year:noYear	P=""
УО	ВСЕ	1802	2066	набор постельного белья	25	0	year:noYear	P=""
УО	ВСЕ	1803	2067	полотенца	12	0	year:noYear	P=""
УО	ВСЕ	1804	2068	Костюм повара	12	0	year:noYear	P=""
УО	ВСЕ	1805	2069	Фартук	40	0	year:noYear	P=""
УО	ВСЕ	1806	2071	Колпак	8	0	year:noYear	P=""
УО	ВСЕ	1807	2072	Половник	16	0	year:noYear	P=""
УО	ВСЕ	1808	2074	Электрика	100	0	year:noYear	P=""
УО	ВСЕ	1809	2075	Уборочный инвентарь	60	0	year:noYear	P=""
УО	ВСЕ	1811	2081	Сиф чистящий крем 	48	0	year:noYear	P=""
УО	ВСЕ	1812	2102	Хозяйственные материалы	1321.8	0	year:noYear	P=""
УО	ВСЕ	1819	2109	Лицензированная охрана объектов на 4 квартал	17775	0	year:noYear	P=""
УО	ВСЕ	1820	2110	Лицензированная охрана объектов на 4 квартал	1975	0	year:noYear	P=""
УО	ВСЕ	1821	2111	лампа светодиодная LED-T8 -М-PRO 20Вт	60	0	year:noYear	P=""
УО	ВСЕ	1825	2115	Стол письменный	288	0	year:noYear	P=""
УО	ВСЕ	1827	2117	стеллажи на пищеблок	18.03	0	year:noYear	P=""
УО	ВСЕ	1831	2121	Капитальный ремонт по усилению отдельных конструкций здания после землетрясения 	1010	0	year:noYear	P=""
УО	ВСЕ	1832	2122	Капитальный ремонт по усилению отдельных конструкций здания после землетрясения	5200	0	year:noYear	P=""
УО	ВСЕ	1833	2123	Разработка ПСД на усиление отдельных конструкций здания	409.5	0	year:noYear	P=""
УО	ВСЕ	1834	2124	Государственная экспертиза, 8%	32.76	0	year:noYear	P=""
УО	ВСЕ	1836	2126	Государственная экспертиза, 8%	25.2	0	year:noYear	P=""
УО	ВСЕ	1837	2127	Разработка ПСД на усиление отдельных конструкций здания	357	0	year:noYear	P=""
УО	ВСЕ	1839	2129	Разработка ПСД на усиление отдельных конструкций здания	1687.97696	0	year:noYear	P=""
УО	ВСЕ	1840	2130	Государственная экспертиза, 8%	135.03816	0	year:noYear	P=""
УО	ВСЕ	1842	2132	Государственная экспертиза, 8%	185.6	0	year:noYear	P=""
УО	ВСЕ	1843	2133	Разработка ПСД на усиление отдельных конструкций здания	488.25	0	year:noYear	P=""
УО	ВСЕ	1844	2134	Государственная экспертиза, 8%	39.06	0	year:noYear	P=""
УО	ВСЕ	1849	2139	Монтаж откатных ворот и автоматики	780	0	year:noYear	P=""
УО	ВСЕ	1850	2140	Ремонт помещений медицинского блока	2614.92702	0	year:noYear	P=""
УО	ВСЕ	1852	2143	Восстановление резервного кабеля	248.04	0	year:noYear	P=""
УО	ВСЕ	1853	2147	Обслуживание систем видеонаблюдения	78.2	0	year:noYear	P=""
УО	ВСЕ	1854	2148	обслуживание и заправка огнетушителей	6.93	0	year:noYear	P=""
УО	ВСЕ	1855	2149	ремонт и обслуживание технологического оборудования, автотранспорта	534.06	0	year:noYear	P=""
УО	ВСЕ	1857	2151	Оборудование объекта системы оповещения	542.77362	0	year:noYear	P=""
УО	ВСЕ	1861	2155	Мебель	516	0	year:noYear	P=""
УО	ВСЕ	1863	2161	лакокрасочные изделия	183	0	year:noYear	P=""
УО	ВСЕ	1872	2170	Оказание услуг по диспетчеризации и техническому обслуживанию приборов учета тепловой энер	54	54	year:foreign	P=2025
УО	ВСЕ	1891	2191	Кухонный инвентарь	2484.87	0	year:noYear	P=""
УО	ВСЕ	1909	2209	Мягкий инвентарь	10939.5	0	year:noYear	P=""
УО	ВСЕ	1910	2210	шланг для душа 150см-175см	10	0	year:noYear	P=""
УО	ВСЕ	1911	2211	медицинские аптечки	13.16	0	year:noYear	P=""
УО	ВСЕ	1913	2213	 протяжка линии внутри здания интернет	10	0	year:noYear	P=""
УО	ВСЕ	1921	2221	Поверка диэлектрических ср-в защиты	10	0	year:noYear	P=""
УО	ВСЕ	1922	2222	Программное обеспечение	28	0	year:noYear	P=""
УО	ВСЕ	1941	2241	Устранение нарушений в работе СОУЭ и приведение в норму соединительных линий в звуковых оп	3667.71812	0	year:noYear	P=""
УО	ВСЕ	1942	2242	светильник ул.консоль Artsun 150w	10	0	year:noYear	P=""
УО	ВСЕ	1943	2243	излив д/смесит. На ванну	8	0	year:noYear	P=""
УО	ВСЕ	1944	2244	Смеситель д/кухни 	54	0	year:noYear	P=""
УО	ВСЕ	1946	2246	Шкаф для пособий	2052	0	year:noYear	P=""
УО	ВСЕ	1949	2249	наматрасник 	18	0	year:noYear	P=""
УО	ВСЕ	1955	2255	Разработка ПСД на усиление отдельных конструкций здания	315	0	year:noYear	P=""
УО	ВСЕ	1958	2258	Государственная экспертиза, 8%	28.56	0	year:noYear	P=""
УО	ВСЕ	1965	2266	Оснащение нового корпуса СКУД	8138.871	0	year:noYear	P=""
УО	ВСЕ	1966	2267	Система оповещения	15873.47258	0	year:noYear	P=""
УО	ВСЕ	1967	2268	Капитальный ремонт туалетов, не вошел в реализацию в рамках Модернизации	11672.4	0	year:noYear	P=""
УО	ВСЕ	1970	2271	Ремонт асфальтобетонного покрытия	4987.18906	0	year:noYear	P=""
УО	ВСЕ	1971	2272	Ремонт помещений и спальных комнат групповых	3188.84638	0	year:noYear	P=""
УО	ВСЕ	1972	2273	Монтаж системы домофона	390.83869	0	year:noYear	P=""
УО	ВСЕ	1973	2274	Обслуживание технических средств охраны	30.78	0	year:noYear	P=""
УО	ВСЕ	1974	2276	Монтаж распашных ворот на пожарном проезде и установка шлагбаума на центральных воротах с 	1494.421	0	year:noYear	P=""
УО	ВСЕ	1975	2277	Оргтехника	660	0	year:noYear	P=""
УО	ВСЕ	1977	2279	Система оповещения	470	0	year:noYear	P=""
УО	ВСЕ	1979	2281	Капитальный ремонт кровли	11288.37526	0	year:noYear	P=""
УО	ВСЕ	1991	2293	Закупка осветительного оборудования	139.15	0	year:noYear	P=""
УО	ВСЕ	1995	2298	Закупка посуды (кружки)	165	0	year:noYear	P=""
УО	ВСЕ	1996	2299	Обучение по основной программе профессионального обучения по программе профессиональной по	15.1	0	year:noYear	P=""
УО	ВСЕ	1997	2300	Стационарный металлодетектор. Арочный 	155	0	year:noYear	P=""
УО	ВСЕ	1998	2301	Светильник потолочный 	292.5	0	year:noYear	P=""
УО	ВСЕ	1999	2302	Питьевой фонтан напольный	284.9	0	year:noYear	P=""
УО	ВСЕ	2000	2303	Двери противопожарные	190	0	year:noYear	P=""
УО	ВСЕ	2001	2304	СОУТ и ОПР	200	0	year:noYear	P=""
УО	ВСЕ	2002	2305	Обучение сотрудников "Оказание первой помощи пострадавшим"	32.8	0	year:noYear	P=""
УО	ВСЕ	2004	2307	Фронтальный погрузчик	2563.31	0	year:noYear	P=""
УО	ВСЕ	2005	2308	Кухонный инвентарь	148.3	0	year:noYear	P=""
УО	ВСЕ	2007	2310	Проведение  электроизмерений и испытаний в электроустановках до 1000В, заземление оборудов	283	0	year:noYear	P=""
УО	ВСЕ	2008	2311	Программа производственного контроля (ХАССП)	39	0	year:noYear	P=""
УО	ВСЕ	2010	2313	Обучение сотрудников по профессиональной программе 	13.99	0	year:noYear	P=""
УО	ВСЕ	2021	2325	аварийные работы	134.23599	134.23599	year:foreign	P=2025
УО	ВСЕ	2024	2329	Ремонт вытяжной системы вентиляции в горячем цеху кухни	150	0	year:noYear	P=""
УО	ВСЕ	2025	2330	халат	206.4	0	year:noYear	P=""
УО	ВСЕ	2026	2331	стеллаж из нержавеющей	204	0	year:noYear	P=""
УО	ВСЕ	2049	2356	Юнармия	250	0	year:noYear	P=""
УО	ВСЕ	2051	2358	Спецодежда	547.71	0	year:noYear	P=""
УО	ВСЕ	2052	2359	Кастрюля из нержавеющей стали	150	0	year:noYear	P=""
УО	ВСЕ	2060	2367	Техническое обслуживание автобусов	60	0	year:noYear	P=""
УО	ВСЕ	2065	2372	Моющие средства	13008.638	0	year:noYear	P=""
УО	ВСЕ	2066	2373	Оказание услуг по проведению СОУТ и ОПР	1190.7	0	year:noYear	P=""
УО	ВСЕ	2067	2374	Техническое обслуживание СПС и СОУЭ	110	110	year:foreign	P=2025
УО	ВСЕ	2071	2378	Комплектующие к извещателям	8.95237	0	year:noYear	P=""
УО	ВСЕ	2109	2419	Электрозамеры до 1000в	42	0	year:noYear	P=""
УО	ВСЕ	2124	2438	противопожарные двери 	200	0	year:noYear	P=""
УО	ВСЕ	2131	2445	Оказание услуг по проф. переподготовке специалиста по охране труда	340.66676	0	year:noYear	P=""
УО	ВСЕ	2154	2471	предрейсовые и послерейсовые мед.осмотр	77.88	77.88	year:foreign	P=2025
УО	ВСЕ	2188	2507	Электоизмерения 1 р/ 3года	81	0	year:noYear	P=""
УО	ВСЕ	2190	2509	средства индивидуальной защиты	12.8	0	year:noYear	P=""
УО	ВСЕ	2194	2513	ТО автомобиля	17.8535	0	year:noYear	P=""
УО	ВСЕ	2195	2514	ГСМ	70	0	year:noYear	P=""
УО	ВСЕ	2200	2519	дезинфекция постельных принадлежностей	189	0	year:noYear	P=""
УО	ВСЕ	2201	2520	аппаратура измерительная	9	0	year:noYear	P=""
УО	ВСЕ	2202	2521	шкаф для инвентаря	59.5	0	year:noYear	P=""
УО	ВСЕ	2203	2522	спец. одежда	24.51	0	year:noYear	P=""
УО	ВСЕ	2205	2524	Ремонт лестниц	1200	0	year:noYear	P=""
УО	ВСЕ	2247	2566	монтаж автоматических уличных ворот	270	0	year:noYear	P=""
УО	ВСЕ	2255	2574	Мебель	612.5	0	year:noYear	P=""
УО	ВСЕ	2305	2624	Поверка приборов учета	49.5	0	year:noYear	P=""
УО	ВСЕ	2308	2627	Промывка и опрессовка системы отопления	27	0	year:noYear	P=""
УО	ВСЕ	2311	2631	Форма (выезд на всероссийский конкурс, индивидуальный пошив)	119	0	year:noYear	P=""
УО	ВСЕ	2314	2634	Поверка приборов УУТЭ, замена насоса	61	0	year:noYear	P=""
УО	ВСЕ	2321	2641	Поверка тепловычислителя	17	0	year:noYear	P=""
УО	ВСЕ	2323	2643	Поверка приборов учета	12.59	0	year:noYear	P=""
УО	ВСЕ	2325	2645	Поверка приборов учета	17.115	0	year:noYear	P=""
УО	ВСЕ	2330	2650	Промывка и опрессовка системы отопления	44.5	0	year:noYear	P=""
УО	ВСЕ	2331	2651	Промывка и опрессовка системы отопления	22	0	year:noYear	P=""
УО	ВСЕ	2336	2656	Промывка и опрессовка системы отопления	43	0	year:noYear	P=""
УО	ВСЕ	2337	2657	Промывка и опрессовка системы отопления	43.5	0	year:noYear	P=""
УО	ВСЕ	2356	2676	источник бесперебойного питания в здании на ул. Крашенинникова 17 	13.399	0	year:noYear	P=""
УО	ВСЕ	2357	2677	оказание услуг по дублированию сигнала о пожаре в подразделение пожарной охраны	12	0	year:noYear	P=""
УО	ВСЕ	2358	2678	резервные аккумуляторные батареи (блоки бесперебойного питания) в здании на ул. Крашенинни	31.192	0	year:noYear	P=""
УО	ВСЕ	2393	2719	Покупка песка	13	0	year:noYear	P=""
УО	ВСЕ	2396	2722	Авансовый отчет по аварийному ремонту холодильного оборудования	12	0	year:noYear	P=""
УО	ВСЕ	2432	2758	Порубка деревьев	10	0	year:noYear	P=""
УО	ВСЕ	2451	2777	Закупка стульев и столешниц (субвенция)	348.55	0	year:noYear	P=""
УО	ВСЕ	2581	2913	Ремонт системы отпления	47.84351	0	year:noYear	P=""
УО	ВСЕ	2592	2924	ЭЦП	5	0	year:noYear	P=""
УО	ВСЕ	2593	2925	тех.осмотр	6	0	year:noYear	P=""
УО	ВСЕ	2594	2926	страховка автобуса	2	0	year:noYear	P=""
УО	ВСЕ	2595	2927	автозапчасти	70	0	year:noYear	P=""
УО	ВСЕ	2597	2930	замена плинтусов и сливная арматура для компакт бачка	55	0	year:noYear	P=""
УО	ВСЕ	2609	2943	Бензин АИ92	116.4775	0	year:noYear	P=""
УО	ВСЕ	2610	2944	содержание жилья (библиотека в многоквартирном доме)	39.04487	0	year:noYear	P=""
УО	ВСЕ	2611	2945	уборочный инвентарь	23.1354	0	year:noYear	P=""
УО	ВСЕ	2613	2947	бланки строой отчётности	6.8	0	year:noYear	P=""
УО	ВСЕ	2614	2948	сифон	7.6	0	year:noYear	P=""
УО	ВСЕ	2615	2949	Дезар 2шт.	50	0	year:noYear	P=""
УО	ВСЕ	2616	2950	песок морской	9.45	0	year:noYear	P=""
УО	ВСЕ	2617	2951	техническое обслуживание мед.изделий	35.85	0	year:noYear	P=""
УО	ВСЕ	2618	2952	москитные сетки	62.6	0	year:noYear	P=""
УО	ВСЕ	2619	2953	поверка преобразователей	6.83	0	year:noYear	P=""
УО	ВСЕ	2620	2954	сан-гигиенические исследования	3.54049	0	year:noYear	P=""
УО	ВСЕ	2621	2955	Поставка продукции мукомольно-крупяного производства	5018.6155	5018.6155	year:foreign	P=2025
УО	ВСЕ	2622	2956	разработка сметы "Система передачи извещения"	6	0	year:noYear	P=""
УО	ВСЕ	2623	2957	аварийно - ремонтные работы	29.88273	0	year:noYear	P=""
УО	ВСЕ	2624	2958	батарейки для АПС	4.64	0	year:noYear	P=""
УО	ВСЕ	2643	2977	Санитарно-гигиеническое обучение (на 33 сотрудника; ежегодная закупка в соответствии с Сан	85.37	0	year:noYear	P=""
УО	ВСЕ	2645	2979	Приобретение кроватей	69	0	year:noYear	P=""
УО	ВСЕ	2646	2980	Разработка программы ХАСП	35	0	year:noYear	P=""
УО	ВСЕ	2647	2981	Замена уличных светильников (10 шт.)	68.75	0	year:noYear	P=""
УО	ВСЕ	2648	2982	Поставка говядины замороженной (2 полугодие)	600	0	year:noYear	P=""
УО	ВСЕ	2649	2983	Поставка молока питьевого в тетра-пак упаковке	12	0	year:noYear	P=""
УО	ВСЕ	2650	2984	Овощи консервированные ( 2 полугодие)	240	0	year:noYear	P=""
УО	ВСЕ	2651	2985	Творог	57	0	year:noYear	P=""
УО	ВСЕ	2652	2986	Сметана	65	0	year:noYear	P=""
УО	ВСЕ	2653	2987	Масло сливочное ( 2 полугодие)	255	0	year:noYear	P=""
УО	ВСЕ	2654	2988	Фрукты (лимоны,яблоки, груши, бананы) ( 2 полугодие)	300	0	year:noYear	P=""
УО	ВСЕ	2655	2989	Мукомольная продукция (мука, пшено)	20	0	year:noYear	P=""
УО	ВСЕ	2656	2990	аварийно ремонтные работы, ремонт кровли	48	0	year:noYear	P=""
УО	ВСЕ	2657	2991	аварийно - ремонтные работы (ремонт кровли)	156	0	year:noYear	P=""
УО	ВСЕ	2658	2992	аварийно ремонтные работы (замена труб в здании и на территории д.сада)	122.8777	0	year:noYear	P=""
УО	ВСЕ	2659	2993	Расходомер ВЭПС (не прошел поверку)	30.1	0	year:noYear	P=""
УО	ВСЕ	2660	2994	Замеры сопротивления изоляции	32	0	year:noYear	P=""
УО	ВСЕ	2666	3000	стирально-сушильная машина	83.799	0	year:noYear	P=""
УО	ВСЕ	2676	3010	поверка гигрометров	10.2419	0	year:noYear	P=""
УО	ВСЕ	2677	3011	обработка постельного белья	20	0	year:noYear	P=""
УО	ВСЕ	2678	3012	Куры-блойлеры на 4 квартал	19	0	year:noYear	P=""
