book	sheet	sheetRow	pp	subject	planThousand	factThousand	signalCount	signals
УЭР	ВСЕ	4	80	Поставка готовых наборов горячего питания	267.3	267.3	5	epgrade:verified-benefit,rule:row_numbering,rule:text_hygiene,signal:hasFact,signal:signed
УЭР	ВСЕ	5	44	Поставка брендированных шатров и тентовых конструкций	446.7	413.36	3	signal:economyFlag,signal:hasFact,signal:signed
УЭР	ВСЕ	6	45	Поставка складных столов	445	312.79	4	signal:economyFlag,signal:hasFact,signal:highEconomy,signal:signed
УЭР	ВСЕ	7	18	Поставка строительных материалов	4.73	4.73	3	epgrade:verified-benefit,signal:hasFact,signal:signed
УЭР	ВСЕ	8	70	Поставка брендированной продукции (игрушки, одежда) (Елизовский спринт)	240.51	93.74	7	comment:foreign_text_in_ag,epgrade:unfounded,signal:economyFlag,signal:epFactDeviation,signal:hasFact,signal:signed,signal:unmappedReasonEP
УЭР	ВСЕ	9	35	Поставка цветов (для возложения)	20.94	20.5	5	epgrade:verified-benefit,signal:economyFlag,signal:epFactDeviation,signal:hasFact,signal:signed
УЭР	ВСЕ	10	68	Оказание услуг по изготовлению наградной атрибутики (кубки) (Елизовский спринт)	79.8	69.1	6	epgrade:unfounded,signal:economyFlag,signal:epFactDeviation,signal:hasFact,signal:signed,signal:unmappedReasonEP
УЭР	ВСЕ	11	52	Услуг по предосталению  обслуживанию биотуалетов (Елизовский спринт)	123.46	122.23	5	hygiene:G:invisible_char,signal:economyFlag,signal:hasFact,signal:lowCompetition,signal:signed
УЭР	ВСЕ	12	46	Услуге по перевозке грузов автомобильным транспортом	120	78.05	4	signal:economyFlag,signal:hasFact,signal:highEconomy,signal:signed
УЭР	ВСЕ	13	51	Оказание услуг грузчиков, монтаж/демонтаж инвентаря и тентовых констукций (Елизовский спри	725	534	4	signal:economyFlag,signal:hasFact,signal:highEconomy,signal:signed
УЭР	ВСЕ	14	53	Услуги по созданию концепции и обустройству ресторанного дворика и маркета (Елизовский спр	849.35	754.03	3	signal:economyFlag,signal:hasFact,signal:signed
УЭР	ВСЕ	15	66	Оказание охранных услуг (Елизовский спринт)	200	200	4	epgrade:unfounded,signal:hasFact,signal:signed,signal:unmappedReasonEP
УЭР	ВСЕ	16	19	Приобретение лицензии на программу проверки контрагентов	212.71	47	6	comment:foreign_text_in_ag,epgrade:verified-benefit,signal:economyFlag,signal:epFactDeviation,signal:hasFact,signal:signed
УЭР	ВСЕ	17	67	Изготовление виндеров и баннерной продукции (Елизовский спринт)	63.75	63.75	4	epgrade:unfounded,signal:hasFact,signal:signed,signal:unmappedReasonEP
УЭР	ВСЕ	18	69	Оказание услуг по перевозке пассажиров (Елизовский спринт)	150	150	4	epgrade:unfounded,signal:hasFact,signal:signed,signal:unmappedReasonEP
УЭР	ВСЕ	19	42	Услуги по водоснабжению, водоотведению	44.47186	44.47186	3	epgrade:lawful-exclusive,signal:hasFact,signal:signed
УЭР	ВСЕ	20	82	Оказание услуг по расчистке кровли от снега и наледи	35	35	3	epgrade:lawful-exclusive,signal:hasFact,signal:signed
УЭР	ВСЕ	21	3	Поставка офисной мебели (1)	214.91	214.91	3	signal:factDateBeforePlan,signal:hasFact,signal:signed
УЭР	ВСЕ	22	81	Договор на обучение сотрудника МКУ ЦЭР (44 ФЗ)	6.215	6.215	3	epgrade:verified-benefit,signal:hasFact,signal:signed
УЭР	ВСЕ	23	6	Поставка мониторов	80	80	3	signal:factDateBeforePlan,signal:hasFact,signal:signed
УЭР	ВСЕ	24	8	Поставка источников бесперебойного питания	16.2	16.2	3	signal:factDateBeforePlan,signal:hasFact,signal:signed
УЭР	ВСЕ	25	9	Поставка комплекта для рабочего места (мышь и клавиатура)	14	14	4	epgrade:unfounded,signal:hasFact,signal:signed,signal:unmappedReasonEP
УЭР	ВСЕ	26	86	Поставка ноутбука	73.5	73.5	3	signal:factDateBeforePlan,signal:hasFact,signal:signed
УЭР	ВСЕ	27	5	Поставка системных блоков	219.6	219.6	3	signal:factDateBeforePlan,signal:hasFact,signal:signed
УЭР	ВСЕ	28	4	Поставка офисных кресел (1)	124	124	3	signal:factDateBeforePlan,signal:hasFact,signal:signed
УЭР	ВСЕ	29	83	Оказание услуг по ремонту системы контроля доступа по адресу Ленина, 13	9	8	6	comment:foreign_text_in_ag,epgrade:lawful-exclusive,signal:economyFlag,signal:epFactDeviation,signal:hasFact,signal:signed
УЭР	ВСЕ	30	48	Оказание услуг по содержанию интернет-портала	110	32.28326	4	signal:economyFlag,signal:hasFact,signal:highEconomy,signal:signed
УЭР	ВСЕ	31	47	Поставка торговых палаток	597.33344	480.6267	3	signal:economyFlag,signal:hasFact,signal:signed
УЭР	ВСЕ	32	7	Поставка МФУ	267.4	252	3	signal:economyFlag,signal:hasFact,signal:signed
УЭР	ВСЕ	33	85	Поставка офисных кресел (2)	26	20	3	signal:factDateBeforePlan,signal:hasFact,signal:signed
УЭР	ВСЕ	34	90	Оказание услуг по обслуживанию биотуалетов (край мастеров - 9 мая)	20	20	4	epgrade:unfounded,signal:hasFact,signal:signed,signal:unmappedReasonEP
УЭР	ВСЕ	35	88	Поставка офисных кресел (3)	30	24	2	signal:hasFact,signal:signed
УЭР	ВСЕ	36	87	Приобретение противопожарного инвентаря в рамках содержания объектов туристической инфраст	72.906	72.906	3	signal:factDateBeforePlan,signal:hasFact,signal:signed
УЭР	ВСЕ	37	92	Услуги по техническому контролю исполнения мероприятий по обустройству места массового отд	400	400	4	epgrade:lawful-exclusive,hygiene:G:double_space,signal:hasFact,signal:signed
УЭР	ВСЕ	38	10	Поставка SSD накопителя	100	52.2581	4	signal:economyFlag,signal:hasFact,signal:highEconomy,signal:signed
УЭР	ВСЕ	39	89	Обеспечение защиты персональных данных в учреждении (поставка средств контроля доступа)	179.82533	120.18433	4	signal:economyFlag,signal:hasFact,signal:highEconomy,signal:signed
УЭР	ВСЕ	40	31	Услуги по опресовке системы отопления	52.35	50	4	epgrade:verified-benefit,signal:epFactDeviation,signal:hasFact,signal:signed
УЭР	ВСЕ	41	14	Поставка и установка отечественного офисного программного обеспечения	343.40375	332.4356	3	signal:economyFlag,signal:hasFact,signal:signed
УЭР	ВСЕ	42	95	Обеспечение защиты персональных данных в учреждении (совместная закупка)	719.57467	719.57467	2	signal:hasFact,signal:signed
УЭР	ВСЕ	43	91	Оказание услуг по аренде и обслуживанию биотуалетов в рамках выставки ярмарки "Елизовская 	138.73332	138.73332	2	signal:hasFact,signal:signed
УЭР	ВСЕ	44	54	Оказание услуг грузчиков, монтаж/демонтаж инвентаря и тентовых конструкций на ярмарочных м	1000.724	314.5	4	signal:economyFlag,signal:hasFact,signal:highEconomy,signal:signed
УЭР	ВСЕ	45	96	Оказание услуг грузчиков, монтаж/демонтаж инвентаря и тентовых конструкций на ярмарочных м	549.29997	196.92243	4	signal:economyFlag,signal:hasFact,signal:highEconomy,signal:signed
УЭР	ВСЕ	46	78	Диспансеризация	98.23	71.32	4	epgrade:lawful-exclusive,signal:epFactDeviation,signal:hasFact,signal:signed
УЭР	ВСЕ	47	56	Оказание услуг по изготовлению и монтажу/демонтажу баннерной продукции в рамках ярмарочных	807.513	350.79525	5	signal:economyFlag,signal:factDateBeforePlan,signal:hasFact,signal:highEconomy,signal:signed
УЭР	ВСЕ	48	15	Оказание услуг по текущему ремонту (текущий ремонт крыши)	343.22	245.80588	3	signal:hasFact,signal:highEconomy,signal:signed
УЭР	ВСЕ	49	62	Оказание охранных услуг (Елизовская осень)	549.81	0	2	epgrade:verified-benefit,signal:overdue
УЭР	ВСЕ	50	72	Оказание услуг по организации автобусной перевозки населения (Елизовская осень)	207.56	0	3	epgrade:unfounded,signal:overdue,signal:unmappedReasonEP
УЭР	ВСЕ	51	61	Оказание услуг по электромонтажным работам (Елизовская осень)	131.47	0	2	epgrade:verified-benefit,signal:overdue
УЭР	ВСЕ	52	27	Оказание услуг по сопровождению 1С	92.14	0	1	epgrade:verified-benefit
УЭР	ВСЕ	53	34	Образовательные услуги (курсы повышения квалификации)	85.535	0	2	epgrade:verified-benefit,signal:planYearMissing
УЭР	ВСЕ	54	50	Изготовление и установка МАФ на земельных участках "Вачкажец"	120.307	0	2	comment:missing_procedure_ref,signal:planSoon
УЭР	ВСЕ	55	55	Оказание услуг по созданию и размещению рекламно-информационного аудио и видео ролика на р	407.23	0	2	comment:missing_procedure_ref,signal:overdue
УЭР	ВСЕ	56	58	Оказание услуг по изготовлению печатной продукции (Елизовская осень)	178.01	0	2	comment:missing_procedure_ref,signal:overdue
УЭР	ВСЕ	57	59	Оказание услуг по изготовлению наградной атрибутики (Елизовская осень)	185.08	0	2	comment:missing_procedure_ref,signal:overdue
УЭР	ВСЕ	58	60	Поставка скатертей в рамках выставки-ярмарки достижений камчатских товаропроизводителей  (	39.4044	39.4044	4	hygiene:G:invisible_char,signal:factDateBeforePlan,signal:hasFact,signal:signed
УЭР	ВСЕ	59	25	Приобретение лицензии ИТС 1С	78.53	0	1	epgrade:verified-benefit
УЭР	ВСЕ	60	32	Услуги по поверке узлов учета тепловой энергии	52.35	0	2	epgrade:verified-benefit,signal:planYearMissing
УЭР	ВСЕ	61	63	Проведение семинара по дополнительной образовательной программе «Контрактная система в сфе	190	0	2	comment:missing_procedure_ref,signal:planYearMissing
УЭР	ВСЕ	62	71	Оказание услуг по обустройству зоны общественного питания (Елизовская осень)	326.9	0	2	comment:missing_procedure_ref,signal:overdue
УЭР	ВСЕ	63	38	Услуги связи (Ростелеком)	243.28	243.28	3	epgrade:lawful-exclusive,signal:hasFact,signal:signed
УЭР	ВСЕ	64	39	Услуги связи, межгород (Ростелеком)	10.33	10.33	3	epgrade:lawful-exclusive,signal:hasFact,signal:signed
УЭР	ВСЕ	65	37	Содержание общедомового имущества	164.69	164.69	3	epgrade:lawful-exclusive,signal:hasFact,signal:signed
УЭР	ВСЕ	66	43	Услуги по ТКО	254.99	238.54	5	epgrade:lawful-exclusive,signal:economyFlag,signal:epFactDeviation,signal:hasFact,signal:signed
УЭР	ВСЕ	67	1	Оказание услуг по техническому обслуживанию и ремонту узлов учета тепловой энергии (УУТЭ)	65	63	4	signal:economyFlag,signal:factDateBeforePlan,signal:hasFact,signal:signed
УЭР	ВСЕ	68	2	Оказание услуг по профилактическому техническому обслуживанию и планово-предупредительному	110.5	99.6	4	signal:economyFlag,signal:factDateBeforePlan,signal:hasFact,signal:signed
УЭР	ВСЕ	69	30	Услуги предоставления платной статистической информации	130	130	3	epgrade:lawful-exclusive,signal:hasFact,signal:signed
УЭР	ВСЕ	70	40	Услуги теплоснабжения	3202.1	3202.1	3	epgrade:lawful-exclusive,signal:hasFact,signal:signed
УЭР	ВСЕ	71	41	Услуги электроснабжения	833.15	833.15	3	epgrade:lawful-exclusive,signal:hasFact,signal:signed
УЭР	ВСЕ	72	11	Поставка бумаги	30	0	2	comment:missing_procedure_ref,signal:planSoon
УЭР	ВСЕ	73	13	Поставка картриджей	50	0	1	comment:missing_procedure_ref
УЭР	ВСЕ	74	16	Поставка хозяйственных товаров, дезенфицирующие средства	50.94	0	1	comment:missing_procedure_ref
УЭР	ВСЕ	75	20	Приобретение лицензии на передачу данных СБИС	50	0	1	epgrade:verified-benefit
УЭР	ВСЕ	76	36	Поставка канцелярских товаров	40	0	1	epgrade:verified-benefit
УЭР	ВСЕ	77	79	Курсы повышения квалификации, обучения	23	0	1	epgrade:verified-benefit
УЭР	ВСЕ	78	29	Услуги почты	20.94	0	1	epgrade:lawful-exclusive
УЭР	ВСЕ	79	73	Поставка дождевиков (Елизовская осень)	19.68	0	3	epgrade:unfounded,signal:overdue,signal:unmappedReasonEP
УЭР	ВСЕ	80	24	Приобретение лицензии ВЕСНИН	19.37	0	1	epgrade:verified-benefit
УЭР	ВСЕ	81	17	Оказание услуг по содержанию оргтехники и заправке картриджей	16.49592	0	3	epgrade:unfounded,signal:overdue,signal:unmappedReasonEP
УЭР	ВСЕ	82	28	Приобретение маркированных конвертов	14.13	0	1	epgrade:verified-benefit
УЭР	ВСЕ	83	33	Услуги по дезинсекции помещений (Набережная, 9)	12	0	2	epgrade:verified-benefit,signal:overdue
УЭР	ВСЕ	84	21	Приобретение лицензии электронный документооборот (ЭДО)	8.5	0	1	epgrade:verified-benefit
УЭР	ВСЕ	85	26	Приобретение лицензии 1С-отчетность	8.38	0	1	epgrade:verified-benefit
УЭР	ВСЕ	86	23	Приобретение лицензии ОФД	4.5	0	1	epgrade:verified-benefit
УЭР	ВСЕ	87	22	Приобретение лицензии Дримкасс Сервис	4.19	0	1	epgrade:verified-benefit
УЭР	ВСЕ	88	93	Поставка чугунных радиаторов и комплектующих к ним	196.96	0	2	comment:missing_procedure_ref,signal:planYearMissing
УЭР	ВСЕ	89	94	Поставка офисной мебели (2)	65.09	0	2	comment:missing_procedure_ref,signal:planYearMissing
УЭР	ВСЕ	90			0	0	0	
УЭР	ВСЕ	91			0	0	0	
УЭР	ВСЕ	92			0	0	0	
УЭР	ВСЕ	93			0	0	0	
УЭР	ВСЕ	94			0	0	0	
УЭР	ВСЕ	95			0	0	0	
УЭР	ВСЕ	96			0	0	0	
УЭР	ВСЕ	97			0	0	0	
УЭР	ВСЕ	98			0	0	0	
УЭР	ВСЕ	99			0	0	0	
УЭР	ВСЕ	100			0	0	0	
УЭР	ВСЕ	101			0	0	0	
УЭР	ВСЕ	102			0	0	0	
УЭР	ВСЕ	103			0	0	0	
УЭР	ВСЕ	104			0	0	0	
УЭР	ВСЕ	105			0	0	0	
УЭР	ВСЕ	106			0	0	0	
УЭР	ВСЕ	107			0	0	0	
УЭР	ВСЕ	108			0	0	0	
УЭР	ВСЕ	109			0	0	0	
УЭР	ВСЕ	110			0	0	0	
УЭР	ВСЕ	111			0	0	0	
УЭР	ВСЕ	112			0	0	0	
УЭР	ВСЕ	113			0	0	0	
УЭР	ВСЕ	114			0	0	0	
УЭР	ВСЕ	115			0	0	0	
УЭР	ВСЕ	116			0	0	0	
УЭР	ВСЕ	117			0	0	0	
УЭР	ВСЕ	118			0	0	0	
УЭР	ВСЕ	119			0	0	0	
УЭР	ВСЕ	120			0	0	0	
УЭР	ВСЕ	121			0	0	0	
УЭР	ВСЕ	122			0	0	0	
УЭР	ВСЕ	123			0	0	0	
УЭР	ВСЕ	124			0	0	0	
УЭР	ВСЕ	125			0	0	0	
УЭР	ВСЕ	126			0	0	0	
УЭР	ВСЕ	127			0	0	0	
УЭР	ВСЕ	128			0	0	0	
УЭР	ВСЕ	129			0	0	0	
УЭР	ВСЕ	130			0	0	0	
УЭР	ВСЕ	131			0	0	0	
УЭР	ВСЕ	132			0	0	0	
УЭР	ВСЕ	133			0	0	0	
УЭР	ВСЕ	134			0	0	0	
УЭР	ВСЕ	135			0	0	0	
УЭР	ВСЕ	136			0	0	0	
УЭР	ВСЕ	137			0	0	0	
УЭР	ВСЕ	138			0	0	0	
УЭР	ВСЕ	139			0	0	0	
УЭР	ВСЕ	140			0	0	0	
УЭР	ВСЕ	141			0	0	0	
УЭР	ВСЕ	142			0	0	0	
УЭР	ВСЕ	143			0	0	0	
УЭР	ВСЕ	144			0	0	0	
УЭР	ВСЕ	145			0	0	0	
УЭР	ВСЕ	146			0	0	0	
УЭР	ВСЕ	147			0	0	0	
УЭР	ВСЕ	148			0	0	0	
УЭР	ВСЕ	149			0	0	0	
УЭР	ВСЕ	150			0	0	0	
УЭР	ВСЕ	151			0	0	0	
УЭР	ВСЕ	152			0	0	0	
УЭР	ВСЕ	153			0	0	0	
УЭР	ВСЕ	154			0	0	0	
УЭР	ВСЕ	155			0	0	0	
УЭР	ВСЕ	156			0	0	0	
УЭР	ВСЕ	157			0	0	0	
УЭР	ВСЕ	158			0	0	0	
УЭР	ВСЕ	159			0	0	0	
УЭР	ВСЕ	160			0	0	0	
УЭР	ВСЕ	161			0	0	0	
УЭР	ВСЕ	162			0	0	0	
УЭР	ВСЕ	163			0	0	0	
УЭР	ВСЕ	164			0	0	0	
УЭР	ВСЕ	165			0	0	0	
УЭР	ВСЕ	166			0	0	0	
УЭР	ВСЕ	167			0	0	0	
УЭР	ВСЕ	168			0	0	0	
УЭР	ВСЕ	169			0	0	0	
УЭР	ВСЕ	170			0	0	0	
УЭР	ВСЕ	171			0	0	0	
УЭР	ВСЕ	172			0	0	0	
УЭР	ВСЕ	173			0	0	0	
УЭР	ВСЕ	174			0	0	0	
УЭР	ВСЕ	175			0	0	0	
УЭР	ВСЕ	176			0	0	0	
УЭР	ВСЕ	177			0	0	0	
УЭР	ВСЕ	178			0	0	0	
УЭР	ВСЕ	179			0	0	0	
УЭР	ВСЕ	180			0	0	0	
УЭР	ВСЕ	181			0	0	0	
УЭР	ВСЕ	182			0	0	0	
УЭР	ВСЕ	183			0	0	0	
УЭР	ВСЕ	184			0	0	0	
УЭР	ВСЕ	185			0	0	0	
УЭР	ВСЕ	186			0	0	0	
УЭР	ВСЕ	187			0	0	0	
УЭР	ВСЕ	188			0	0	0	
УЭР	ВСЕ	189			0	0	0	
УЭР	ВСЕ	190			0	0	0	
УЭР	ВСЕ	191			0	0	0	
УЭР	ВСЕ	192			0	0	0	
УЭР	ВСЕ	193			0	0	0	
УЭР	ВСЕ	194			0	0	0	
УЭР	ВСЕ	195			0	0	0	
УЭР	ВСЕ	196			0	0	0	
УЭР	ВСЕ	197			0	0	0	
УЭР	ВСЕ	198			0	0	0	
УЭР	ВСЕ	199			0	0	0	
УЭР	ВСЕ	200			0	0	0	
УЭР	ВСЕ	201			0	0	0	
УЭР	ВСЕ	202			0	0	0	
УЭР	ВСЕ	203			0	0	0	
УЭР	ВСЕ	204			0	0	0	
УЭР	ВСЕ	205			0	0	0	
УЭР	ВСЕ	206			0	0	0	
УЭР	ВСЕ	207			0	0	0	
УЭР	ВСЕ	208			0	0	0	
УЭР	ВСЕ	209			0	0	0	
УЭР	ВСЕ	210			0	0	0	
УЭР	ВСЕ	211			0	0	0	
УЭР	ВСЕ	212			0	0	0	
УЭР	ВСЕ	213			0	0	0	
УЭР	ВСЕ	214			0	0	0	
УЭР	ВСЕ	215			0	0	0	
УЭР	ВСЕ	216			0	0	0	
УЭР	ВСЕ	217			0	0	0	
УЭР	ВСЕ	218			0	0	0	
УЭР	ВСЕ	219			0	0	0	
УЭР	ВСЕ	220			0	0	0	
УЭР	ВСЕ	221			0	0	0	
УЭР	ВСЕ	222			0	0	0	
УЭР	ВСЕ	223			0	0	0	
УЭР	ВСЕ	224			0	0	0	
УЭР	ВСЕ	225			0	0	0	
УЭР	ВСЕ	226			0	0	0	
УЭР	ВСЕ	227			0	0	0	
УЭР	ВСЕ	228			0	0	0	
УЭР	ВСЕ	229			0	0	0	
УЭР	ВСЕ	230			0	0	0	
УЭР	ВСЕ	231			0	0	0	
УЭР	ВСЕ	232			0	0	0	
УЭР	ВСЕ	233			0	0	0	
УЭР	ВСЕ	234			0	0	0	
УЭР	ВСЕ	235			0	0	0	
УЭР	ВСЕ	236			0	0	0	
УЭР	ВСЕ	237			0	0	0	
УЭР	ВСЕ	238			0	0	0	
УЭР	ВСЕ	239			0	0	0	
УЭР	ВСЕ	240			0	0	0	
УЭР	ВСЕ	241			0	0	0	
УЭР	ВСЕ	242			0	0	0	
УЭР	ВСЕ	243			0	0	0	
УЭР	ВСЕ	244			0	0	0	
УЭР	ВСЕ	245			0	0	0	
УЭР	ВСЕ	246			0	0	0	
УЭР	ВСЕ	247			0	0	0	
УЭР	ВСЕ	248			0	0	0	
УЭР	ВСЕ	249			0	0	0	
УЭР	ВСЕ	250			0	0	0	
УЭР	ВСЕ	251			0	0	0	
УЭР	ВСЕ	252			0	0	0	
УЭР	ВСЕ	253			0	0	0	
УЭР	ВСЕ	254			0	0	0	
УЭР	ВСЕ	255			0	0	0	
УЭР	ВСЕ	256			0	0	0	
УЭР	ВСЕ	257			0	0	0	
УЭР	ВСЕ	258			0	0	0	
УЭР	ВСЕ	259			0	0	0	
УЭР	ВСЕ	260			0	0	0	
УЭР	ВСЕ	261			0	0	0	
УЭР	ВСЕ	262			0	0	0	
УЭР	ВСЕ	263			0	0	0	
УЭР	ВСЕ	264			0	0	0	
УЭР	ВСЕ	265			0	0	0	
УЭР	ВСЕ	266			0	0	0	
УЭР	ВСЕ	267			0	0	0	
УЭР	ВСЕ	268			0	0	0	
УЭР	ВСЕ	269			0	0	0	
УЭР	ВСЕ	270			0	0	0	
УЭР	ВСЕ	271			0	0	0	
УЭР	ВСЕ	272			0	0	0	
УЭР	ВСЕ	273			0	0	0	
УЭР	ВСЕ	274			0	0	0	
УЭР	ВСЕ	275			0	0	0	
УЭР	ВСЕ	276			0	0	0	
УЭР	ВСЕ	277			0	0	0	
УЭР	ВСЕ	278			0	0	0	
УЭР	ВСЕ	279			0	0	0	
УЭР	ВСЕ	280			0	0	0	
УЭР	ВСЕ	281			0	0	0	
УЭР	ВСЕ	282			0	0	0	
УЭР	ВСЕ	283			0	0	0	
УЭР	ВСЕ	284			0	0	0	
УЭР	ВСЕ	285			0	0	0	
УЭР	ВСЕ	286			0	0	0	
УЭР	ВСЕ	287			0	0	0	
УЭР	ВСЕ	288			0	0	0	
УЭР	ВСЕ	289			0	0	0	
УЭР	ВСЕ	290			0	0	0	
УЭР	ВСЕ	291			0	0	0	
УЭР	ВСЕ	292			0	0	0	
УЭР	ВСЕ	293			0	0	0	
УЭР	ВСЕ	294			0	0	0	
УЭР	ВСЕ	295			0	0	0	
УЭР	ВСЕ	296			0	0	0	
УЭР	ВСЕ	297			0	0	0	
УЭР	ВСЕ	298			0	0	0	
УЭР	ВСЕ	299			0	0	0	
УЭР	ВСЕ	300			0	0	0	
УЭР	ВСЕ	301			0	0	0	
УЭР	ВСЕ	302			0	0	0	
УЭР	ВСЕ	303			0	0	0	
УЭР	ВСЕ	304			0	0	0	
УЭР	ВСЕ	305			0	0	0	
УЭР	ВСЕ	306			0	0	0	
УЭР	ВСЕ	307			0	0	0	
УЭР	ВСЕ	308			0	0	0	
УЭР	ВСЕ	309			0	0	0	
УЭР	ВСЕ	310			0	0	0	
УЭР	ВСЕ	311			0	0	0	
УЭР	ВСЕ	312			0	0	0	
УЭР	ВСЕ	313			0	0	0	
УЭР	ВСЕ	314			0	0	0	
УЭР	ВСЕ	315			0	0	0	
УЭР	ВСЕ	316			0	0	0	
УЭР	ВСЕ	317			0	0	0	
УЭР	ВСЕ	318			0	0	0	
УЭР	ВСЕ	319			0	0	0	
УЭР	ВСЕ	320			0	0	0	
УЭР	ВСЕ	321			0	0	0	
УЭР	ВСЕ	322			0	0	0	
УЭР	ВСЕ	323			0	0	0	
УЭР	ВСЕ	324			0	0	0	
УЭР	ВСЕ	325			0	0	0	
УЭР	ВСЕ	326			0	0	0	
УЭР	ВСЕ	327			0	0	0	
УЭР	ВСЕ	328			0	0	0	
УЭР	ВСЕ	329			0	0	0	
УЭР	ВСЕ	330			0	0	0	
УЭР	ВСЕ	331			0	0	0	
УЭР	ВСЕ	332			0	0	0	
УЭР	ВСЕ	333			0	0	0	
УЭР	ВСЕ	334			0	0	0	
УЭР	ВСЕ	335			0	0	0	
УЭР	ВСЕ	336			0	0	0	
УЭР	ВСЕ	337			0	0	0	
УЭР	ВСЕ	338			0	0	0	
УЭР	ВСЕ	339			0	0	0	
УЭР	ВСЕ	340			0	0	0	
УЭР	ВСЕ	341			0	0	0	
УЭР	ВСЕ	342			0	0	0	
УЭР	ВСЕ	343			0	0	0	
УЭР	ВСЕ	344			0	0	0	
УЭР	ВСЕ	345			0	0	0	
УЭР	ВСЕ	346			0	0	0	
УЭР	ВСЕ	347			0	0	0	
УЭР	ВСЕ	348			0	0	0	
УЭР	ВСЕ	349			0	0	0	
УЭР	ВСЕ	350			0	0	0	
УЭР	ВСЕ	351			0	0	0	
УЭР	ВСЕ	352			0	0	0	
УЭР	ВСЕ	353			0	0	0	
УЭР	ВСЕ	354			0	0	0	
УЭР	ВСЕ	355			0	0	0	
УЭР	ВСЕ	356			0	0	0	
УЭР	ВСЕ	357			0	0	0	
УЭР	ВСЕ	358			0	0	0	
УЭР	ВСЕ	359			0	0	0	
УЭР	ВСЕ	360			0	0	0	
УЭР	ВСЕ	361			0	0	0	
УЭР	ВСЕ	362			0	0	0	
УЭР	ВСЕ	363			0	0	0	
УЭР	ВСЕ	364			0	0	0	
УЭР	ВСЕ	365			0	0	0	
УЭР	ВСЕ	366			0	0	0	
УЭР	ВСЕ	367			0	0	0	
УЭР	ВСЕ	368			0	0	0	
УЭР	ВСЕ	369			0	0	0	
УЭР	ВСЕ	370			0	0	0	
УЭР	ВСЕ	371			0	0	0	
УЭР	ВСЕ	372			0	0	0	
УЭР	ВСЕ	373			0	0	0	
УЭР	ВСЕ	374			0	0	0	
УЭР	ВСЕ	375			0	0	0	
УЭР	ВСЕ	376			0	0	0	
УЭР	ВСЕ	377			0	0	0	
УЭР	ВСЕ	378			0	0	0	
УЭР	ВСЕ	379			0	0	0	
УЭР	ВСЕ	380			0	0	0	
УЭР	ВСЕ	381			0	0	0	
УЭР	ВСЕ	382			0	0	0	
УЭР	ВСЕ	383			0	0	0	
УЭР	ВСЕ	384			0	0	0	
УЭР	ВСЕ	385			0	0	0	
УЭР	ВСЕ	386			0	0	0	
УЭР	ВСЕ	387			0	0	0	
УЭР	ВСЕ	388			0	0	0	
УЭР	ВСЕ	389			0	0	0	
УЭР	ВСЕ	390			0	0	0	
УЭР	ВСЕ	391			0	0	0	
УЭР	ВСЕ	392			0	0	0	
УЭР	ВСЕ	393			0	0	0	
УЭР	ВСЕ	394			0	0	0	
УЭР	ВСЕ	395			0	0	0	
УЭР	ВСЕ	396			0	0	0	
УЭР	ВСЕ	397			0	0	0	
УЭР	ВСЕ	398			0	0	0	
УЭР	ВСЕ	399			0	0	0	
УЭР	ВСЕ	400			0	0	0	
УЭР	ВСЕ	401			0	0	0	
УЭР	ВСЕ	402			0	0	0	
УЭР	ВСЕ	403			0	0	0	
УЭР	ВСЕ	404			0	0	0	
УЭР	ВСЕ	405			0	0	0	
УЭР	ВСЕ	406			0	0	0	
УЭР	ВСЕ	407			0	0	0	
УЭР	ВСЕ	408			0	0	0	
УЭР	ВСЕ	409			0	0	0	
УЭР	ВСЕ	410			0	0	0	
УЭР	ВСЕ	411			0	0	0	
УЭР	ВСЕ	412			0	0	0	
УЭР	ВСЕ	413			0	0	0	
УЭР	ВСЕ	414			0	0	0	
УЭР	ВСЕ	415			0	0	0	
УЭР	ВСЕ	416			0	0	0	
УЭР	ВСЕ	417			0	0	0	
УЭР	ВСЕ	418			0	0	0	
УЭР	ВСЕ	419			0	0	0	
УЭР	ВСЕ	420			0	0	0	
УЭР	ВСЕ	421			0	0	0	
УЭР	ВСЕ	422			0	0	0	
УЭР	ВСЕ	423			0	0	0	
УЭР	ВСЕ	424			0	0	0	
УЭР	ВСЕ	425			0	0	0	
УЭР	ВСЕ	426			0	0	0	
УЭР	ВСЕ	427			0	0	0	
УЭР	ВСЕ	428			0	0	0	
УЭР	ВСЕ	429			0	0	0	
УЭР	ВСЕ	430			0	0	0	
УЭР	ВСЕ	431			0	0	0	
УЭР	ВСЕ	432			0	0	0	
УЭР	ВСЕ	433			0	0	0	
УЭР	ВСЕ	434			0	0	0	
УЭР	ВСЕ	435			0	0	0	
УЭР	ВСЕ	436			0	0	0	
УЭР	ВСЕ	437			0	0	0	
УЭР	ВСЕ	438			0	0	0	
УЭР	ВСЕ	439			0	0	0	
УЭР	ВСЕ	440			0	0	0	
УЭР	ВСЕ	441			0	0	0	
УЭР	ВСЕ	442			0	0	0	
УЭР	ВСЕ	443			0	0	0	
УЭР	ВСЕ	444			0	0	0	
УЭР	ВСЕ	445			0	0	0	
УЭР	ВСЕ	446			0	0	0	
УЭР	ВСЕ	447			0	0	0	
УЭР	ВСЕ	448			0	0	0	
УЭР	ВСЕ	449			0	0	0	
УЭР	ВСЕ	450			0	0	0	
УЭР	ВСЕ	451			0	0	0	
УЭР	ВСЕ	452			0	0	0	
УЭР	ВСЕ	453			0	0	0	
УЭР	ВСЕ	454			0	0	0	
УЭР	ВСЕ	455			0	0	0	
УЭР	ВСЕ	456			0	0	0	
УЭР	ВСЕ	457			0	0	0	
УЭР	ВСЕ	458			0	0	0	
УЭР	ВСЕ	459			0	0	0	
УЭР	ВСЕ	460			0	0	0	
УЭР	ВСЕ	461			0	0	0	
УЭР	ВСЕ	462			0	0	0	
УЭР	ВСЕ	463			0	0	0	
УЭР	ВСЕ	464			0	0	0	
УЭР	ВСЕ	465			0	0	0	
УЭР	ВСЕ	466			0	0	0	
УЭР	ВСЕ	467			0	0	0	
УЭР	ВСЕ	468			0	0	0	
УЭР	ВСЕ	469			0	0	0	
УЭР	ВСЕ	470			0	0	0	
УЭР	ВСЕ	471			0	0	0	
УЭР	ВСЕ	472			0	0	0	
УЭР	ВСЕ	473			0	0	0	
УЭР	ВСЕ	474			0	0	0	
УЭР	ВСЕ	475			0	0	0	
УЭР	ВСЕ	476			0	0	0	
УЭР	ВСЕ	477			0	0	0	
УЭР	ВСЕ	478			0	0	0	
УЭР	ВСЕ	479			0	0	0	
УЭР	ВСЕ	480			0	0	0	
УЭР	ВСЕ	481			0	0	0	
УЭР	ВСЕ	482			0	0	0	
УЭР	ВСЕ	483			0	0	0	
УЭР	ВСЕ	484			0	0	0	
УЭР	ВСЕ	485			0	0	0	
УЭР	ВСЕ	486			0	0	0	
УЭР	ВСЕ	487			0	0	0	
УЭР	ВСЕ	488			0	0	0	
УЭР	ВСЕ	489			0	0	0	
УЭР	ВСЕ	490			0	0	0	
УЭР	ВСЕ	491			0	0	0	
УЭР	ВСЕ	492			0	0	0	
УЭР	ВСЕ	493			0	0	0	
УЭР	ВСЕ	494			0	0	0	
УЭР	ВСЕ	495			0	0	0	
УЭР	ВСЕ	496			0	0	0	
УЭР	ВСЕ	497			0	0	0	
УЭР	ВСЕ	498			0	0	0	
УЭР	ВСЕ	499			0	0	0	
УЭР	ВСЕ	500			0	0	0	
УЭР	ВСЕ	501			0	0	0	
УЭР	ВСЕ	502			0	0	0	
УЭР	ВСЕ	503			0	0	0	
УЭР	ВСЕ	504			0	0	0	
УЭР	ВСЕ	505			0	0	0	
УЭР	ВСЕ	506			0	0	0	
УЭР	ВСЕ	507			0	0	0	
УЭР	ВСЕ	508			0	0	0	
УЭР	ВСЕ	509			0	0	0	
УЭР	ВСЕ	510			0	0	0	
УЭР	ВСЕ	511			0	0	0	
УЭР	ВСЕ	512			0	0	0	
УЭР	ВСЕ	513			0	0	0	
УЭР	ВСЕ	514			0	0	0	
УЭР	ВСЕ	515			0	0	0	
УЭР	ВСЕ	516			0	0	0	
УЭР	ВСЕ	517			0	0	0	
УЭР	ВСЕ	518			0	0	0	
УЭР	ВСЕ	519			0	0	0	
УЭР	ВСЕ	520			0	0	0	
УЭР	ВСЕ	521			0	0	0	
УЭР	ВСЕ	522			0	0	0	
УЭР	ВСЕ	523			0	0	0	
УЭР	ВСЕ	524			0	0	0	
УЭР	ВСЕ	525			0	0	0	
УЭР	ВСЕ	526			0	0	0	
УЭР	ВСЕ	527			0	0	0	
УЭР	ВСЕ	528			0	0	0	
УЭР	ВСЕ	529			0	0	0	
УЭР	ВСЕ	530			0	0	0	
УЭР	ВСЕ	531			0	0	0	
УЭР	ВСЕ	532			0	0	0	
УЭР	ВСЕ	533			0	0	0	
УЭР	ВСЕ	534			0	0	0	
УЭР	ВСЕ	535			0	0	0	
УЭР	ВСЕ	536			0	0	0	
УЭР	ВСЕ	537			0	0	0	
УЭР	ВСЕ	538			0	0	0	
УЭР	ВСЕ	539			0	0	0	
УЭР	ВСЕ	540			0	0	0	
УЭР	ВСЕ	541			0	0	0	
УЭР	ВСЕ	542			0	0	0	
УЭР	ВСЕ	543			0	0	0	
УЭР	ВСЕ	544			0	0	0	
УЭР	ВСЕ	545			0	0	0	
УЭР	ВСЕ	546			0	0	0	
УЭР	ВСЕ	547			0	0	0	
УЭР	ВСЕ	548			0	0	0	
УЭР	ВСЕ	549			0	0	0	
УЭР	ВСЕ	550			0	0	0	
УЭР	ВСЕ	551			0	0	0	
УЭР	ВСЕ	552			0	0	0	
УЭР	ВСЕ	553			0	0	0	
УЭР	ВСЕ	554			0	0	0	
УЭР	ВСЕ	555			0	0	0	
УЭР	ВСЕ	556			0	0	0	
УЭР	ВСЕ	557			0	0	0	
УЭР	ВСЕ	558			0	0	0	
УЭР	ВСЕ	559			0	0	0	
УЭР	ВСЕ	560			0	0	0	
УЭР	ВСЕ	561			0	0	0	
УЭР	ВСЕ	562			0	0	0	
УЭР	ВСЕ	563			0	0	0	
УЭР	ВСЕ	564			0	0	0	
УЭР	ВСЕ	565			0	0	0	
УЭР	ВСЕ	566			0	0	0	
УЭР	ВСЕ	567			0	0	0	
УЭР	ВСЕ	568			0	0	0	
УЭР	ВСЕ	569			0	0	0	
УЭР	ВСЕ	570			0	0	0	
УЭР	ВСЕ	571			0	0	0	
УЭР	ВСЕ	572			0	0	0	
УЭР	ВСЕ	573			0	0	0	
УЭР	ВСЕ	574			0	0	0	
УЭР	ВСЕ	575			0	0	0	
УЭР	ВСЕ	576			0	0	0	
УЭР	ВСЕ	577			0	0	0	
УЭР	ВСЕ	578			0	0	0	
УЭР	ВСЕ	579			0	0	0	
УЭР	ВСЕ	580			0	0	0	
УЭР	ВСЕ	581			0	0	0	
УЭР	ВСЕ	582			0	0	0	
УЭР	ВСЕ	583			0	0	0	
УЭР	ВСЕ	584			0	0	0	
УЭР	ВСЕ	585			0	0	0	
УЭР	ВСЕ	586			0	0	0	
УЭР	ВСЕ	587			0	0	0	
УЭР	ВСЕ	588			0	0	0	
УЭР	ВСЕ	589			0	0	0	
УЭР	ВСЕ	590			0	0	0	
УЭР	ВСЕ	591			0	0	0	
УЭР	ВСЕ	592			0	0	0	
УЭР	ВСЕ	593			0	0	0	
УЭР	ВСЕ	594			0	0	0	
УЭР	ВСЕ	595			0	0	0	
УЭР	ВСЕ	596			0	0	0	
УЭР	ВСЕ	597			0	0	0	
УЭР	ВСЕ	598			0	0	0	
УЭР	ВСЕ	599			0	0	0	
УЭР	ВСЕ	600			0	0	0	
УЭР	ВСЕ	601			0	0	0	
УЭР	ВСЕ	602			0	0	0	
УЭР	ВСЕ	603			0	0	0	
УЭР	ВСЕ	604			0	0	0	
УЭР	ВСЕ	605			0	0	0	
УЭР	ВСЕ	606			0	0	0	
УЭР	ВСЕ	607			0	0	0	
УЭР	ВСЕ	608			0	0	0	
УЭР	ВСЕ	609			0	0	0	
УЭР	ВСЕ	610			0	0	0	
УЭР	ВСЕ	611			0	0	0	
УЭР	ВСЕ	612			0	0	0	
УЭР	ВСЕ	613			0	0	0	
УЭР	ВСЕ	614			0	0	0	
УЭР	ВСЕ	615			0	0	0	
УЭР	ВСЕ	616			0	0	0	
УЭР	ВСЕ	617			0	0	0	
УЭР	ВСЕ	618			0	0	0	
УЭР	ВСЕ	619			0	0	0	
УЭР	ВСЕ	620			0	0	0	
УЭР	ВСЕ	621			0	0	0	
УЭР	ВСЕ	622			0	0	0	
УЭР	ВСЕ	623			0	0	0	
УЭР	ВСЕ	624			0	0	0	
УЭР	ВСЕ	625			0	0	0	
УЭР	ВСЕ	626			0	0	0	
УЭР	ВСЕ	627			0	0	0	
УЭР	ВСЕ	628			0	0	0	
УЭР	ВСЕ	629			0	0	0	
УЭР	ВСЕ	630			0	0	0	
УЭР	ВСЕ	631			0	0	0	
УЭР	ВСЕ	632			0	0	0	
УЭР	ВСЕ	633			0	0	0	
УЭР	ВСЕ	634			0	0	0	
УЭР	ВСЕ	635			0	0	0	
УЭР	ВСЕ	636			0	0	0	
УЭР	ВСЕ	637			0	0	0	
УЭР	ВСЕ	638			0	0	0	
УЭР	ВСЕ	639			0	0	0	
УЭР	ВСЕ	640			0	0	0	
УЭР	ВСЕ	641			0	0	0	
УЭР	ВСЕ	642			0	0	0	
УЭР	ВСЕ	643			0	0	0	
УЭР	ВСЕ	644			0	0	0	
УЭР	ВСЕ	645			0	0	0	
УЭР	ВСЕ	646			0	0	0	
УЭР	ВСЕ	647			0	0	0	
УЭР	ВСЕ	648			0	0	0	
УЭР	ВСЕ	649			0	0	0	
УЭР	ВСЕ	650			0	0	0	
УЭР	ВСЕ	651			0	0	0	
УЭР	ВСЕ	652			0	0	0	
УЭР	ВСЕ	653			0	0	0	
УЭР	ВСЕ	654			0	0	0	
УЭР	ВСЕ	655			0	0	0	
УЭР	ВСЕ	656			0	0	0	
УЭР	ВСЕ	657			0	0	0	
УЭР	ВСЕ	658			0	0	0	
УЭР	ВСЕ	659			0	0	0	
УЭР	ВСЕ	660			0	0	0	
УЭР	ВСЕ	661			0	0	0	
УЭР	ВСЕ	662			0	0	0	
УЭР	ВСЕ	663			0	0	0	
УЭР	ВСЕ	664			0	0	0	
УЭР	ВСЕ	665			0	0	0	
УЭР	ВСЕ	666			0	0	0	
УЭР	ВСЕ	667			0	0	0	
УЭР	ВСЕ	668			0	0	0	
УЭР	ВСЕ	669			0	0	0	
УЭР	ВСЕ	670			0	0	0	
УЭР	ВСЕ	671			0	0	0	
УЭР	ВСЕ	672			0	0	0	
УЭР	ВСЕ	673			0	0	0	
УЭР	ВСЕ	674			0	0	0	
УЭР	ВСЕ	675			0	0	0	
УЭР	ВСЕ	676			0	0	0	
УЭР	ВСЕ	677			0	0	0	
УЭР	ВСЕ	678			0	0	0	
УЭР	ВСЕ	679			0	0	0	
УЭР	ВСЕ	680			0	0	0	
УЭР	ВСЕ	681			0	0	0	
УЭР	ВСЕ	682			0	0	0	
УЭР	ВСЕ	683			0	0	0	
УЭР	ВСЕ	684			0	0	0	
УЭР	ВСЕ	685			0	0	0	
УЭР	ВСЕ	686			0	0	0	
УЭР	ВСЕ	687			0	0	0	
УЭР	ВСЕ	688			0	0	0	
УЭР	ВСЕ	689			0	0	0	
УЭР	ВСЕ	690			0	0	0	
УЭР	ВСЕ	691			0	0	0	
УЭР	ВСЕ	692			0	0	0	
УЭР	ВСЕ	693			0	0	0	
УЭР	ВСЕ	694			0	0	0	
УЭР	ВСЕ	695			0	0	0	
УЭР	ВСЕ	696			0	0	0	
УЭР	ВСЕ	697			0	0	0	
УЭР	ВСЕ	698			0	0	0	
УЭР	ВСЕ	699			0	0	0	
УЭР	ВСЕ	700			0	0	0	
УЭР	ВСЕ	701			0	0	0	
УЭР	ВСЕ	702			0	0	0	
УЭР	ВСЕ	703			0	0	0	
УЭР	ВСЕ	704			0	0	0	
УЭР	ВСЕ	705			0	0	0	
УЭР	ВСЕ	706			0	0	0	
УЭР	ВСЕ	707			0	0	0	
УЭР	ВСЕ	708			0	0	0	
УЭР	ВСЕ	709			0	0	0	
УЭР	ВСЕ	710			0	0	0	
УЭР	ВСЕ	711			0	0	0	
УЭР	ВСЕ	712			0	0	0	
УЭР	ВСЕ	713			0	0	0	
УЭР	ВСЕ	714			0	0	0	
УЭР	ВСЕ	715			0	0	0	
УЭР	ВСЕ	716			0	0	0	
УЭР	ВСЕ	717			0	0	0	
УЭР	ВСЕ	718			0	0	0	
УЭР	ВСЕ	719			0	0	0	
УЭР	ВСЕ	720			0	0	0	
УЭР	ВСЕ	721			0	0	0	
УЭР	ВСЕ	722			0	0	0	
УЭР	ВСЕ	723			0	0	0	
УЭР	ВСЕ	724			0	0	0	
УЭР	ВСЕ	725			0	0	0	
УЭР	ВСЕ	726			0	0	0	
УЭР	ВСЕ	727			0	0	0	
УЭР	ВСЕ	728			0	0	0	
УЭР	ВСЕ	729			0	0	0	
УЭР	ВСЕ	730			0	0	0	
УЭР	ВСЕ	731			0	0	0	
УЭР	ВСЕ	732			0	0	0	
УЭР	ВСЕ	733			0	0	0	
УЭР	ВСЕ	734			0	0	0	
УЭР	ВСЕ	735			0	0	0	
УЭР	ВСЕ	736			0	0	0	
УЭР	ВСЕ	737			0	0	0	
УЭР	ВСЕ	738			0	0	0	
УЭР	ВСЕ	739			0	0	0	
УЭР	ВСЕ	740			0	0	0	
УЭР	ВСЕ	741			0	0	0	
УЭР	ВСЕ	742			0	0	0	
УЭР	ВСЕ	743			0	0	0	
УЭР	ВСЕ	744			0	0	0	
УЭР	ВСЕ	745			0	0	0	
УЭР	ВСЕ	746			0	0	0	
УЭР	ВСЕ	747			0	0	0	
УЭР	ВСЕ	748			0	0	0	
УЭР	ВСЕ	749			0	0	0	
УЭР	ВСЕ	750			0	0	0	
УЭР	ВСЕ	751			0	0	0	
УЭР	ВСЕ	752			0	0	0	
УЭР	ВСЕ	753			0	0	0	
УЭР	ВСЕ	754			0	0	0	
УЭР	ВСЕ	755			0	0	0	
УЭР	ВСЕ	756			0	0	0	
УЭР	ВСЕ	757			0	0	0	
УЭР	ВСЕ	758			0	0	0	
УЭР	ВСЕ	759			0	0	0	
УЭР	ВСЕ	760			0	0	0	
УЭР	ВСЕ	761			0	0	0	
УЭР	ВСЕ	762			0	0	0	
УЭР	ВСЕ	763			0	0	0	
УЭР	ВСЕ	764			0	0	0	
УЭР	ВСЕ	765			0	0	0	
УЭР	ВСЕ	766			0	0	0	
УЭР	ВСЕ	767			0	0	0	
УЭР	ВСЕ	768			0	0	0	
УЭР	ВСЕ	769			0	0	0	
УЭР	ВСЕ	770			0	0	0	
УЭР	ВСЕ	771			0	0	0	
УЭР	ВСЕ	772			0	0	0	
УЭР	ВСЕ	773			0	0	0	
УЭР	ВСЕ	774			0	0	0	
УЭР	ВСЕ	775			0	0	0	
УЭР	ВСЕ	776			0	0	0	
УЭР	ВСЕ	777			0	0	0	
УЭР	ВСЕ	778			0	0	0	
УЭР	ВСЕ	779			0	0	0	
УЭР	ВСЕ	780			0	0	0	
УЭР	ВСЕ	781			0	0	0	
УЭР	ВСЕ	782			0	0	0	
УЭР	ВСЕ	783			0	0	0	
УЭР	ВСЕ	784			0	0	0	
УЭР	ВСЕ	785			0	0	0	
УЭР	ВСЕ	786			0	0	0	
УЭР	ВСЕ	787			0	0	0	
УЭР	ВСЕ	788			0	0	0	
УЭР	ВСЕ	789			0	0	0	
УЭР	ВСЕ	790			0	0	0	
УЭР	ВСЕ	791			0	0	0	
УЭР	ВСЕ	792			0	0	0	
УЭР	ВСЕ	793			0	0	0	
УЭР	ВСЕ	794			0	0	0	
УЭР	ВСЕ	795			0	0	0	
УЭР	ВСЕ	796			0	0	0	
УЭР	ВСЕ	797			0	0	0	
УЭР	ВСЕ	798			0	0	0	
УЭР	ВСЕ	799			0	0	0	
УЭР	ВСЕ	800			0	0	0	
УЭР	ВСЕ	801			0	0	0	
УЭР	ВСЕ	802			0	0	0	
УЭР	ВСЕ	803			0	0	0	
УЭР	ВСЕ	804			0	0	0	
УЭР	ВСЕ	805			0	0	0	
УЭР	ВСЕ	806			0	0	0	
УЭР	ВСЕ	807			0	0	0	
УЭР	ВСЕ	808			0	0	0	
УЭР	ВСЕ	809			0	0	0	
УЭР	ВСЕ	810			0	0	0	
УЭР	ВСЕ	811			0	0	0	
УЭР	ВСЕ	812			0	0	0	
УЭР	ВСЕ	813			0	0	0	
УЭР	ВСЕ	814			0	0	0	
УЭР	ВСЕ	815			0	0	0	
УЭР	ВСЕ	816			0	0	0	
УЭР	ВСЕ	817			0	0	0	
УЭР	ВСЕ	818			0	0	0	
УЭР	ВСЕ	819			0	0	0	
УЭР	ВСЕ	820			0	0	0	
УЭР	ВСЕ	821			0	0	0	
УЭР	ВСЕ	822			0	0	0	
УЭР	ВСЕ	823			0	0	0	
УЭР	ВСЕ	824			0	0	0	
УЭР	ВСЕ	825			0	0	0	
УЭР	ВСЕ	826			0	0	0	
УЭР	ВСЕ	827			0	0	0	
УЭР	ВСЕ	828			0	0	0	
УЭР	ВСЕ	829			0	0	0	
УЭР	ВСЕ	830			0	0	0	
УЭР	ВСЕ	831			0	0	0	
УЭР	ВСЕ	832			0	0	0	
УЭР	ВСЕ	833			0	0	0	
УЭР	ВСЕ	834			0	0	0	
УЭР	ВСЕ	835			0	0	0	
УЭР	ВСЕ	836			0	0	0	
УЭР	ВСЕ	837			0	0	0	
УЭР	ВСЕ	838			0	0	0	
УЭР	ВСЕ	839			0	0	0	
УЭР	ВСЕ	840			0	0	0	
УЭР	ВСЕ	841			0	0	0	
УЭР	ВСЕ	842			0	0	0	
УЭР	ВСЕ	843			0	0	0	
УЭР	ВСЕ	844			0	0	0	
УЭР	ВСЕ	845			0	0	0	
УЭР	ВСЕ	846			0	0	0	
УЭР	ВСЕ	847			0	0	0	
УЭР	ВСЕ	848			0	0	0	
УЭР	ВСЕ	849			0	0	0	
УЭР	ВСЕ	850			0	0	0	
УЭР	ВСЕ	851			0	0	0	
УЭР	ВСЕ	852			0	0	0	
УЭР	ВСЕ	853			0	0	0	
УЭР	ВСЕ	854			0	0	0	
УЭР	ВСЕ	855			0	0	0	
УЭР	ВСЕ	856			0	0	0	
УЭР	ВСЕ	857			0	0	0	
УЭР	ВСЕ	858			0	0	0	
УЭР	ВСЕ	859			0	0	0	
УЭР	ВСЕ	860			0	0	0	
УЭР	ВСЕ	861			0	0	0	
УЭР	ВСЕ	862			0	0	0	
УЭР	ВСЕ	863			0	0	0	
УЭР	ВСЕ	864			0	0	0	
УЭР	ВСЕ	865			0	0	0	
УЭР	ВСЕ	866			0	0	0	
УЭР	ВСЕ	867			0	0	0	
УЭР	ВСЕ	868			0	0	0	
УЭР	ВСЕ	869			0	0	0	
УЭР	ВСЕ	870			0	0	0	
УЭР	ВСЕ	871			0	0	0	
УЭР	ВСЕ	872			0	0	0	
УЭР	ВСЕ	873			0	0	0	
УЭР	ВСЕ	874			0	0	0	
УЭР	ВСЕ	875			0	0	0	
УЭР	ВСЕ	876			0	0	0	
УЭР	ВСЕ	877			0	0	0	
УЭР	ВСЕ	878			0	0	0	
УЭР	ВСЕ	879			0	0	0	
УЭР	ВСЕ	880			0	0	0	
УЭР	ВСЕ	881			0	0	0	
УЭР	ВСЕ	882			0	0	0	
УЭР	ВСЕ	883			0	0	0	
УЭР	ВСЕ	884			0	0	0	
УЭР	ВСЕ	885			0	0	0	
УЭР	ВСЕ	886			0	0	0	
УЭР	ВСЕ	887			0	0	0	
УЭР	ВСЕ	888			0	0	0	
УЭР	ВСЕ	889			0	0	0	
УЭР	ВСЕ	890			0	0	0	
УЭР	ВСЕ	891			0	0	0	
УЭР	ВСЕ	892			0	0	0	
УЭР	ВСЕ	893			0	0	0	
УЭР	ВСЕ	894			0	0	0	
УЭР	ВСЕ	895			0	0	0	
УЭР	ВСЕ	896			0	0	0	
УЭР	ВСЕ	897			0	0	0	
УЭР	ВСЕ	898			0	0	0	
УЭР	ВСЕ	899			0	0	0	
УЭР	ВСЕ	900			0	0	0	
УЭР	ВСЕ	901			0	0	0	
УЭР	ВСЕ	902			0	0	0	
УЭР	ВСЕ	903			0	0	0	
УЭР	ВСЕ	904			0	0	0	
УЭР	ВСЕ	905			0	0	0	
УЭР	ВСЕ	906			0	0	0	
УЭР	ВСЕ	907			0	0	0	
УЭР	ВСЕ	908			0	0	0	
УЭР	ВСЕ	909			0	0	0	
УЭР	ВСЕ	910			0	0	0	
УЭР	ВСЕ	911			0	0	0	
УЭР	ВСЕ	912			0	0	0	
УЭР	ВСЕ	913			0	0	0	
УЭР	ВСЕ	914			0	0	0	
УЭР	ВСЕ	915			0	0	0	
УЭР	ВСЕ	916			0	0	0	
УЭР	ВСЕ	917			0	0	0	
УЭР	ВСЕ	918			0	0	0	
УЭР	ВСЕ	919			0	0	0	
УЭР	ВСЕ	920			0	0	0	
УЭР	ВСЕ	921			0	0	0	
УЭР	ВСЕ	922			0	0	0	
УЭР	ВСЕ	923			0	0	0	
УЭР	ВСЕ	924			0	0	0	
УЭР	ВСЕ	925			0	0	0	
УЭР	ВСЕ	926			0	0	0	
УЭР	ВСЕ	927			0	0	0	
УЭР	ВСЕ	928			0	0	0	
УЭР	ВСЕ	929			0	0	0	
УЭР	ВСЕ	930			0	0	0	
УЭР	ВСЕ	931			0	0	0	
УЭР	ВСЕ	932			0	0	0	
УЭР	ВСЕ	933			0	0	0	
УЭР	ВСЕ	934			0	0	0	
УЭР	ВСЕ	935			0	0	0	
УЭР	ВСЕ	936			0	0	0	
УЭР	ВСЕ	937			0	0	0	
УЭР	ВСЕ	938			0	0	0	
УЭР	ВСЕ	939			0	0	0	
УЭР	ВСЕ	940			0	0	0	
УЭР	ВСЕ	941			0	0	0	
УЭР	ВСЕ	942			0	0	0	
УЭР	ВСЕ	943			0	0	0	
УЭР	ВСЕ	944			0	0	0	
УЭР	ВСЕ	945			0	0	0	
УЭР	ВСЕ	946			0	0	0	
УЭР	ВСЕ	947			0	0	0	
УЭР	ВСЕ	948			0	0	0	
УЭР	ВСЕ	949			0	0	0	
УЭР	ВСЕ	950			0	0	0	
УЭР	ВСЕ	951			0	0	0	
УЭР	ВСЕ	952			0	0	0	
УЭР	ВСЕ	953			0	0	0	
УЭР	ВСЕ	954			0	0	0	
УЭР	ВСЕ	955			0	0	0	
УЭР	ВСЕ	956			0	0	0	
УЭР	ВСЕ	957			0	0	0	
УЭР	ВСЕ	958			0	0	0	
УЭР	ВСЕ	959			0	0	0	
УЭР	ВСЕ	960			0	0	0	
УЭР	ВСЕ	961			0	0	0	
УЭР	ВСЕ	962			0	0	0	
УЭР	ВСЕ	963			0	0	0	
УЭР	ВСЕ	964			0	0	0	
УЭР	ВСЕ	965			0	0	0	
УЭР	ВСЕ	966			0	0	0	
УЭР	ВСЕ	967			0	0	0	
УЭР	ВСЕ	968			0	0	0	
УЭР	ВСЕ	969			0	0	0	
УЭР	ВСЕ	970			0	0	0	
УЭР	ВСЕ	971			0	0	0	
УЭР	ВСЕ	972			0	0	0	
УЭР	ВСЕ	973			0	0	0	
УЭР	ВСЕ	974			0	0	0	
УЭР	ВСЕ	975			0	0	0	
УЭР	ВСЕ	976			0	0	0	
УЭР	ВСЕ	977			0	0	0	
УЭР	ВСЕ	978			0	0	0	
УЭР	ВСЕ	979			0	0	0	
УЭР	ВСЕ	980			0	0	0	
УЭР	ВСЕ	981			0	0	0	
УЭР	ВСЕ	982			0	0	0	
УЭР	ВСЕ	983			0	0	0	
УЭР	ВСЕ	984			0	0	0	
УЭР	ВСЕ	985			0	0	0	
УЭР	ВСЕ	986			0	0	0	
УЭР	ВСЕ	987			0	0	0	
УЭР	ВСЕ	988			0	0	0	
УЭР	ВСЕ	989			0	0	0	
УЭР	ВСЕ	990			0	0	0	
УЭР	ВСЕ	991			0	0	0	
УЭР	ВСЕ	992			0	0	0	
УЭР	ВСЕ	993			0	0	0	
УЭР	ВСЕ	994			0	0	0	
УЭР	ВСЕ	995			0	0	0	
УЭР	ВСЕ	996			0	0	0	
УИО	УИО	4	1	Услуги по оценке объектов муниципальной собственности 	39.5	37.13	7	hygiene:G:edge_space,hygiene:G:invisible_char,rule:row_numbering,rule:text_hygiene,signal:economyFlag,signal:hasFact,signal:signed
УИО	УИО	5	2	Приобретение системы управления земельно-имущественным комплексом Елизовского муниципально	2200	0	2	comment:missing_procedure_ref,signal:planYearMissing
УИО	УИО	6	3	Капитальный ремонт жилого помещения по адресу: Камчатский край, п. Пионерский,  ул. Никола	1761.52103	1037.424684	6	hygiene:G:edge_space,signal:economyFlag,signal:factDateBeforePlan,signal:hasFact,signal:highEconomy,signal:signed
УИО	УИО	7	4	Текущий ремонт жилого помещения по адресу: Камчатский край, Елизовский район, с.Коряки, ул	1200	0	2	comment:missing_procedure_ref,signal:planYearMissing
УИО	УИО	8	5	Сопровождение программного обеспечения "БФТ.Имущество"	541.4	0	3	epgrade:unfounded,signal:planYearMissing,signal:unmappedReasonEP
УИО	УИО	9	6	Выполнение кадастровых работ по изготовлению технических планов для постановки на кадастро	175	134.5	6	epgrade:unfounded,signal:economyFlag,signal:epFactDeviation,signal:hasFact,signal:signed,signal:unmappedReasonEP
УИО	УИО	10	7	Муниципальный контракт на теплоснабжение (ЦЖКУ)	600	600	3	epgrade:lawful-exclusive,signal:hasFact,signal:signed
УИО	УИО	11	8	Муниципальный контракт на теплоснабжение № 2008	150	50	5	epgrade:lawful-exclusive,rule:status_on_data_rows,signal:epFactDeviation,signal:hasFact,signal:signed
УИО	УИО	12	9	Муниципальный контракт на теплоснабжение № 2043	250	250	3	epgrade:lawful-exclusive,signal:hasFact,signal:signed
УИО	УИО	13	11	Муниципальный контракт "Об оказании услуг межгородной/международной телефонной связи юр. л	7	7	3	epgrade:lawful-exclusive,signal:hasFact,signal:signed
УИО	УИО	14	12	Муниципальный контракт "Об оказании услуг связи юр. лицу, финансируемому из соответствующе	99	99	3	epgrade:lawful-exclusive,signal:hasFact,signal:signed
УИО	УИО	15	13	Договор по оказанию услуг на расчетно-кассовое обслуживание	90	90	3	epgrade:lawful-exclusive,signal:hasFact,signal:signed
УИО	УИО	16	14	Договор  на оказание услуг по доставке счет-квитанций за пользование жилыми помещениями (п	25	25	4	epgrade:lawful-exclusive,hygiene:G:invisible_char,signal:hasFact,signal:signed
УИО	УИО	17	15	Договор от 19.01.2026    № ИТС 29/26 на информационно-технологические услуги	49.99	49.99	4	epgrade:lawful-exclusive,hygiene:G:invisible_char,signal:hasFact,signal:signed
УИО	УИО	18	16	Договор от 19.01.2026   № ИТС29/26/1 на консультационно-технологические услуги	261.6	261.6	5	epgrade:unfounded,hygiene:G:invisible_char,signal:hasFact,signal:signed,signal:unmappedReasonEP
УИО	УИО	19	17	О ПРЕДОСТАВЛЕНИИ УСЛУГ ПОДВИЖНОЙ РАДИОТЕЛЕФОННОЙ (СОТОВОЙ) СВЯЗИ	11.99	11.99	4	epgrade:unfounded,signal:hasFact,signal:signed,signal:unmappedReasonEP
УИО	УИО	20	18	Приобретение однокомнатной благоустроенной квартиры в собственность Елизовского муниципаль	5812.91	5812.90875	3	signal:hasFact,signal:lowCompetition,signal:signed
УИО	УИО	21	19	Приобретение однокомнатной благоустроенной квартиры в собственность Елизовского муниципаль	5812.91	5812.90875	3	signal:hasFact,signal:lowCompetition,signal:signed
УИО	УИО	22	20	Приобретение однокомнатной благоустроенной квартиры в собственность Елизовского муниципаль	6087.83	6087.825	3	signal:hasFact,signal:lowCompetition,signal:signed
УИО	УИО	23	21	Приобретение однокомнатной благоустроенной квартиры в собственность Елизовского муниципаль	6595.14	6595.14375	2	signal:hasFact,signal:signed
УИО	УИО	24	22	Приобретение однокомнатной благоустроенной квартиры в собственность Елизовского муниципаль	5460.61	5460.61125	2	signal:hasFact,signal:signed
УИО	УИО	25	23	Приобретение однокомнатной благоустроенной квартиры в собственность Елизовского муниципаль	6087.83	6087.825	3	signal:hasFact,signal:lowCompetition,signal:signed
УИО	УИО	26	24	Приобретение однокомнатной благоустроенной квартиры в собственность Елизовского муниципаль	6392.22	6392.21625	3	signal:hasFact,signal:lowCompetition,signal:signed
УИО	УИО	27	25	Приобретение однокомнатной благоустроенной квартиры в собственность Елизовского муниципаль	5482.60375	5482.60375	3	comment:foreign_text_in_ag,signal:hasFact,signal:signed
УИО	УИО	28	26	Приобретение однокомнатной благоустроенной квартиры в собственность Елизовского муниципаль	5196.38813	5196.38813	3	signal:factDateBeforePlan,signal:hasFact,signal:signed
УИО	УИО	29	27	Приобретение однокомнатной благоустроенной квартиры в собственность Елизовского муниципаль	5566.9515	5566.9515	3	signal:factDateBeforePlan,signal:hasFact,signal:signed
УИО	УИО	30	28	Приобретение однокомнатной благоустроенной квартиры в собственность Елизовского муниципаль	5482.60375	5482.60375	3	signal:factDateBeforePlan,signal:hasFact,signal:signed
УИО	УИО	31	29	Приобретение однокомнатной благоустроенной квартиры в собственность Елизовского муниципаль	6189.28875	6189.28875	3	signal:factDateBeforePlan,signal:hasFact,signal:signed
УИО	УИО	32	30	Приобретение однокомнатной благоустроенной квартиры в собственность Елизовского муниципаль	6696.6075	6696.6075	3	signal:factDateBeforePlan,signal:hasFact,signal:signed
УИО	УИО	33	31	Приобретение однокомнатной благоустроенной квартиры в собственность Елизовского муниципаль	5884.8975	5884.8975	3	signal:factDateBeforePlan,signal:hasFact,signal:signed
УИО	УИО	34	32	Приобретение однокомнатной благоустроенной квартиры в собственность Елизовского муниципаль	6493.68	6493.68	2	signal:hasFact,signal:signed
УИО	УИО	35	33	Приобретение однокомнатной благоустроенной квартиры в собственность Елизовского муниципаль	5989.0575	5989.0575	2	signal:hasFact,signal:signed
УИО	УИО	36	34	Приобретение однокомнатной благоустроенной квартиры в собственность Елизовского муниципаль	6696.6075	6696.6075	2	signal:hasFact,signal:signed
УИО	УИО	37	35	Приобретение однокомнатной благоустроенной квартиры в собственность Елизовского муниципаль	6899.535	6899.535	5	comment:foreign_text_in_ag,comment:missing_procedure_ref,signal:factDateBeforePlan,signal:hasFact,signal:signed
УИО	УИО	38	36	Приобретение однокомнатной благоустроенной квартиры в собственность Елизовского муниципаль	6595.14375	6595.14375	3	signal:factDateBeforePlan,signal:hasFact,signal:signed
УИО	УИО	39	37	Приобретение однокомнатной благоустроенной квартиры в собственность Елизовского муниципаль	5958.33333	5958.33333	3	signal:factDateBeforePlan,signal:hasFact,signal:signed
УИО	УИО	40	38	Приобретение однокомнатной благоустроенной квартиры в собственность Елизовского муниципаль	5904.3425	5904.3425	3	signal:factDateBeforePlan,signal:hasFact,signal:signed
УИО	УИО	41	39	Приобретение однокомнатной благоустроенной квартиры в собственность Елизовского муниципаль	6595.14375	6550	5	signal:economyFlag,signal:factDateBeforePlan,signal:hasFact,signal:lowCompetition,signal:signed
УИО	УИО	42	40	Приобретение однокомнатной благоустроенной квартиры в собственность Елизовского муниципаль	6595.143	6595.14375	4	comment:stage_marker_when_signed,signal:factDateBeforePlan,signal:hasFact,signal:signed
УИО	УИО	43	41	Приобретение однокомнатной благоустроенной квартиры в собственность Елизовского муниципаль	6493.68	6493.68	3	signal:factDateBeforePlan,signal:hasFact,signal:signed
УИО	УИО	44	42	Приобретение однокомнатной благоустроенной квартиры в собственность Елизовского муниципаль	6043.29	0	1	comment:missing_procedure_ref
УИО	УИО	45	43	Приобретение однокомнатной благоустроенной квартиры в собственность Елизовского муниципаль	6043.29	0	1	comment:missing_procedure_ref
УИО	УИО	46	44	Приобретение однокомнатной благоустроенной квартиры в собственность Елизовского муниципаль	6043.29	0	1	comment:missing_procedure_ref
УИО	УИО	47	45	Приобретение однокомнатной благоустроенной квартиры в собственность Елизовского муниципаль	6043.29	0	1	comment:missing_procedure_ref
УИО	УИО	48	46	Приобретение однокомнатной благоустроенной квартиры в собственность Елизовского муниципаль	6043.29	0	1	comment:missing_procedure_ref
УИО	УИО	49	47	Приобретение однокомнатной благоустроенной квартиры в собственность Елизовского муниципаль	6043.29	0	1	comment:missing_procedure_ref
УИО	УИО	50	48	Приобретение однокомнатной благоустроенной квартиры в собственность Елизовского муниципаль	6043.29	0	1	comment:missing_procedure_ref
УИО	УИО	51	49	Приобретение однокомнатной благоустроенной квартиры в собственность Елизовского муниципаль	6043.29	0	1	comment:missing_procedure_ref
УИО	УИО	52	50	Приобретение однокомнатной благоустроенной квартиры в собственность Елизовского муниципаль	6043.29	0	1	comment:missing_procedure_ref
УИО	УИО	53	51	Приобретение однокомнатной благоустроенной квартиры в собственность Елизовского муниципаль	6043.29	0	1	comment:missing_procedure_ref
УИО	УИО	54	52	Приобретение однокомнатной благоустроенной квартиры в собственность Елизовского муниципаль	6043.29	0	1	comment:missing_procedure_ref
УИО	УИО	55	53	Приобретение однокомнатной благоустроенной квартиры в собственность Елизовского муниципаль	6043.29	0	1	comment:missing_procedure_ref
УИО	УИО	56	54	Приобретение однокомнатной благоустроенной квартиры в собственность Елизовского муниципаль	6043.29	0	1	comment:missing_procedure_ref
УИО	УИО	57	55	Муниципальный контракт теплоснабжения и (или) горячего водоснабжения № 1514/КЭС (незаселен	62.5	62.5	3	epgrade:lawful-exclusive,signal:hasFact,signal:signed
УИО	УИО	58	56	Услуги по оценке объектов муниципальной собственности 	3.5	3.5	5	epgrade:lawful-exclusive,hygiene:G:edge_space,hygiene:G:invisible_char,signal:hasFact,signal:signed
УИО	УИО	59	57	Услуги по оценке объектов муниципальной собственности 	42.66667	10.87901	7	hygiene:G:edge_space,hygiene:G:invisible_char,signal:economyFlag,signal:factDateBeforePlan,signal:hasFact,signal:highEconomy,signal:signed
УИО	УИО	60	58	Муниципальный контракт на электроснабжение № 3032	50	50	3	epgrade:lawful-exclusive,signal:hasFact,signal:signed
УИО	УИО	61	59	Капитальный ремонт жилого помещения по адресу: Камчатский край, Елизовский муниципальный р	1716.94631	1107.24567	6	hygiene:G:edge_space,signal:economyFlag,signal:factDateBeforePlan,signal:hasFact,signal:highEconomy,signal:signed
УИО	УИО	62	60	Капитальный ремонт жилого помещения по адресу: Камчатский край, г. Елизово, ул. Геофизичес	1545.54835	1066.42785	6	hygiene:G:edge_space,signal:economyFlag,signal:factDateBeforePlan,signal:hasFact,signal:highEconomy,signal:signed
УИО	УИО	63	61	Оценка объекта муниципальной собственности  (Оценка 100% доли ООО «Сельхозсервис»)	150	150	4	epgrade:lawful-exclusive,hygiene:G:invisible_char,signal:hasFact,signal:signed
УИО	УИО	64	62	Проведение диспансеризации муниципальных служащих 	78	78	4	epgrade:lawful-exclusive,hygiene:G:edge_space,signal:hasFact,signal:signed
УИО	УИО	65	63	Оказание дополнительных образовательных услуг (обучение, повышение квалификации по противо	6	6	4	epgrade:lawful-exclusive,hygiene:G:edge_space,signal:hasFact,signal:signed
УИО	УИО	66	64	Канцелярские товары 	24.7635	24.7635	4	epgrade:lawful-exclusive,hygiene:G:edge_space,signal:hasFact,signal:signed
УИО	УИО	67	65	Приобретение  неисключительных прав (КАМИН) 	16.8	0	3	epgrade:lawful-exclusive,hygiene:G:double_space,hygiene:G:edge_space
УИО	УИО	68	66	Приобретение компьютерного кресла Бюрократ 	11.999	11.999	4	epgrade:lawful-exclusive,hygiene:G:edge_space,signal:hasFact,signal:signed
УИО	УИО	69	67	Муниципальный контракт на теплоснабжение (ЦЖКУ)	800	800	3	epgrade:lawful-exclusive,signal:hasFact,signal:signed
УИО	УИО	70	68	Оказание услуг по заправке и восстановлению катриджей 	5.3	5.3	4	epgrade:lawful-exclusive,hygiene:G:edge_space,signal:hasFact,signal:signed
УИО	УИО	71	69	Оказание услуг по заправке и восстановлению катриджей 2 	6.4	6.4	4	epgrade:lawful-exclusive,hygiene:G:edge_space,signal:hasFact,signal:signed
УИО	УИО	72	70	Приобретение бумаги для офисной техники 	44	44	4	epgrade:lawful-exclusive,hygiene:G:edge_space,signal:hasFact,signal:signed
УИО	УИО	73	71	Капитальный ремонт жилого помещения по адресу: Камчатский край, г. Елизово, ул. Геофизичес	1700	0	3	comment:missing_procedure_ref,hygiene:G:edge_space,signal:planYearMissing
УИО	УИО	74			0	0	0	
УИО	УИО	75			0	0	0	
УИО	УИО	76			0	0	0	
УИО	УИО	77			0	0	0	
УИО	УИО	78			0	0	0	
УИО	УИО	79			0	0	0	
УИО	УИО	80			0	0	0	
УИО	УИО	81			0	0	0	
УИО	УИО	82			0	0	0	
УИО	УИО	83			0	0	0	
УИО	УИО	84			0	0	0	
УИО	УИО	85			0	0	0	
УИО	УИО	86			0	0	0	
УИО	УИО	87			0	0	0	
УИО	УИО	88			0	0	0	
УИО	УИО	89			0	0	0	
УИО	УИО	90			0	0	0	
УИО	УИО	91			0	0	0	
УИО	УИО	92			0	0	0	
УИО	УИО	93			0	0	0	
УИО	УИО	94			0	0	0	
УИО	УИО	95			0	0	0	
УИО	УИО	96			0	0	0	
УИО	УИО	97			0	0	0	
УИО	УИО	98			0	0	0	
УИО	УИО	99			0	0	0	
УИО	УИО	100			0	0	0	
УИО	УИО	101			0	0	0	
УИО	УИО	102			0	0	0	
УИО	УИО	103			0	0	0	
УИО	УИО	104			0	0	0	
УИО	УИО	105			0	0	0	
УИО	УИО	106			0	0	0	
УИО	УИО	107			0	0	0	
УИО	УИО	108			0	0	0	
УИО	УИО	109			0	0	0	
УИО	УИО	110			0	0	0	
УИО	УИО	111			0	0	0	
УИО	УИО	112			0	0	0	
УИО	УИО	113			0	0	0	
УИО	УИО	114			0	0	0	
УИО	УИО	115			0	0	0	
УИО	УИО	116			0	0	0	
УИО	УИО	117			0	0	0	
УИО	УИО	118			0	0	0	
УИО	УИО	119			0	0	0	
УИО	УИО	120			0	0	0	
УИО	УИО	121			0	0	0	
УИО	УИО	122			0	0	0	
УИО	УИО	123			0	0	0	
УИО	УИО	124			0	0	0	
УИО	УИО	125			0	0	0	
УИО	УИО	126			0	0	0	
УИО	УИО	127			0	0	0	
УИО	УИО	128			0	0	0	
УИО	УИО	129			0	0	0	
УИО	УИО	130			0	0	0	
УИО	УИО	131			0	0	0	
УИО	УИО	132			0	0	0	
УИО	УИО	133			0	0	0	
УИО	УИО	134			0	0	0	
УИО	УИО	135			0	0	0	
УИО	УИО	136			0	0	0	
УИО	УИО	137			0	0	0	
УИО	УИО	138			0	0	0	
УИО	УИО	139			0	0	0	
УИО	УИО	140			0	0	0	
УИО	УИО	141			0	0	0	
УИО	УИО	142			0	0	0	
УИО	УИО	143			0	0	0	
УИО	УИО	144			0	0	0	
УИО	УИО	145			0	0	0	
УИО	УИО	146			0	0	0	
УИО	УИО	147			0	0	0	
УИО	УИО	148			0	0	0	
УИО	УИО	149			0	0	0	
УИО	УИО	150			0	0	0	
УИО	УИО	151			0	0	0	
УИО	УИО	152			0	0	0	
УИО	УИО	153			0	0	0	
УИО	УИО	154			0	0	0	
УИО	УИО	155			0	0	0	
УИО	УИО	156			0	0	0	
УИО	УИО	157			0	0	0	
УИО	УИО	158			0	0	0	
УИО	УИО	159			0	0	0	
УИО	УИО	160			0	0	0	
УИО	УИО	161			0	0	0	
УИО	УИО	162			0	0	0	
УИО	УИО	163			0	0	0	
УИО	УИО	164			0	0	0	
УИО	УИО	165			0	0	0	
УИО	УИО	166			0	0	0	
УИО	УИО	167			0	0	0	
УИО	УИО	168			0	0	0	
УИО	УИО	169			0	0	0	
УИО	УИО	170			0	0	0	
УИО	УИО	171			0	0	0	
УИО	УИО	172			0	0	0	
УИО	УИО	173			0	0	0	
УИО	УИО	174			0	0	0	
УИО	УИО	175			0	0	0	
УИО	УИО	176			0	0	0	
УИО	УИО	177			0	0	0	
УИО	УИО	178			0	0	0	
УИО	УИО	179			0	0	0	
УИО	УИО	180			0	0	0	
УИО	УИО	181			0	0	0	
УИО	УИО	182			0	0	0	
УИО	УИО	183			0	0	0	
УИО	УИО	184			0	0	0	
УИО	УИО	185			0	0	0	
УИО	УИО	186			0	0	0	
УИО	УИО	187			0	0	0	
УИО	УИО	188			0	0	0	
УИО	УИО	189			0	0	0	
УИО	УИО	190			0	0	0	
УИО	УИО	191			0	0	0	
УИО	УИО	192			0	0	0	
УИО	УИО	193			0	0	0	
УИО	УИО	194			0	0	0	
УИО	УИО	195			0	0	0	
УИО	УИО	196			0	0	0	
УИО	УИО	197			0	0	0	
УИО	УИО	198			0	0	0	
УИО	УИО	199			0	0	0	
УИО	УИО	200			0	0	0	
УИО	УИО	201			0	0	0	
УИО	УИО	202			0	0	0	
УИО	УИО	203			0	0	0	
УИО	УИО	204			0	0	0	
УИО	УИО	205			0	0	0	
УИО	УИО	206			0	0	0	
УИО	УИО	207			0	0	0	
УИО	УИО	208			0	0	0	
УИО	УИО	209			0	0	0	
УИО	УИО	210			0	0	0	
УИО	УИО	211			0	0	0	
УИО	УИО	212			0	0	0	
УИО	УИО	213			0	0	0	
УИО	УИО	214			0	0	0	
УИО	УИО	215			0	0	0	
УИО	УИО	216			0	0	0	
УИО	УИО	217			0	0	0	
УИО	УИО	218			0	0	0	
УИО	УИО	219			0	0	0	
УИО	УИО	220			0	0	0	
УИО	УИО	221			0	0	0	
УИО	УИО	222			0	0	0	
УИО	УИО	223			0	0	0	
УИО	УИО	224			0	0	0	
УИО	УИО	225			0	0	0	
УИО	УИО	226			0	0	0	
УИО	УИО	227			0	0	0	
УИО	УИО	228			0	0	0	
УИО	УИО	229			0	0	0	
УИО	УИО	230			0	0	0	
УИО	УИО	231			0	0	0	
УИО	УИО	232			0	0	0	
УИО	УИО	233			0	0	0	
УИО	УИО	234			0	0	0	
УИО	УИО	235			0	0	0	
УИО	УИО	236			0	0	0	
УИО	УИО	237			0	0	0	
УИО	УИО	238			0	0	0	
УИО	УИО	239			0	0	0	
УИО	УИО	240			0	0	0	
УИО	УИО	241			0	0	0	
УИО	УИО	242			0	0	0	
УИО	УИО	243			0	0	0	
УИО	УИО	244			0	0	0	
УИО	УИО	245			0	0	0	
УИО	УИО	246			0	0	0	
УИО	УИО	247			0	0	0	
УИО	УИО	248			0	0	0	
УИО	УИО	249			0	0	0	
УИО	УИО	250			0	0	0	
УИО	УИО	251			0	0	0	
УИО	УИО	252			0	0	0	
УИО	УИО	253			0	0	0	
УИО	УИО	254			0	0	0	
УИО	УИО	255			0	0	0	
УИО	УИО	256			0	0	0	
УИО	УИО	257			0	0	0	
УИО	УИО	258			0	0	0	
УИО	УИО	259			0	0	0	
УИО	УИО	260			0	0	0	
УИО	УИО	261			0	0	0	
УИО	УИО	262			0	0	0	
УИО	УИО	263			0	0	0	
УИО	УИО	264			0	0	0	
УИО	УИО	265			0	0	0	
УИО	УИО	266			0	0	0	
УИО	УИО	267			0	0	0	
УИО	УИО	268			0	0	0	
УИО	УИО	269			0	0	0	
УИО	УИО	270			0	0	0	
УИО	УИО	271			0	0	0	
УИО	УИО	272			0	0	0	
УИО	УИО	273			0	0	0	
УИО	УИО	274			0	0	0	
УИО	УИО	275			0	0	0	
УИО	УИО	276			0	0	0	
УИО	УИО	277			0	0	0	
УИО	УИО	278			0	0	0	
УИО	УИО	279			0	0	0	
УИО	УИО	280			0	0	0	
УИО	УИО	281			0	0	0	
УИО	УИО	282			0	0	0	
УИО	УИО	283			0	0	0	
УИО	УИО	284			0	0	0	
УИО	УИО	285			0	0	0	
УИО	УИО	286			0	0	0	
УИО	УИО	287			0	0	0	
УИО	УИО	288			0	0	0	
УИО	УИО	289			0	0	0	
УИО	УИО	290			0	0	0	
УИО	УИО	291			0	0	0	
УИО	УИО	292			0	0	0	
УИО	УИО	293			0	0	0	
УИО	УИО	294			0	0	0	
УИО	УИО	295			0	0	0	
УИО	УИО	296			0	0	0	
УИО	УИО	297			0	0	0	
УИО	УИО	298			0	0	0	
УИО	УИО	299			0	0	0	
УИО	УИО	300			0	0	0	
УИО	УИО	301			0	0	0	
УИО	УИО	302			0	0	0	
УИО	УИО	303			0	0	0	
УИО	УИО	304			0	0	0	
УИО	УИО	305			0	0	0	
УИО	УИО	306			0	0	0	
УИО	УИО	307			0	0	0	
УИО	УИО	308			0	0	0	
УИО	УИО	309			0	0	0	
УИО	УИО	310			0	0	0	
УИО	УИО	311			0	0	0	
УИО	УИО	312			0	0	0	
УИО	УИО	313			0	0	0	
УИО	УИО	314			0	0	0	
УИО	УИО	315			0	0	0	
УИО	УИО	316			0	0	0	
УИО	УИО	317			0	0	0	
УИО	УИО	318			0	0	0	
УИО	УИО	319			0	0	0	
УИО	УИО	320			0	0	0	
УИО	УИО	321			0	0	0	
УИО	УИО	322			0	0	0	
УИО	УИО	323			0	0	0	
УИО	УИО	324			0	0	0	
УИО	УИО	325			0	0	0	
УИО	УИО	326			0	0	0	
УИО	УИО	327			0	0	0	
УИО	УИО	328			0	0	0	
УИО	УИО	329			0	0	0	
УИО	УИО	330			0	0	0	
УИО	УИО	331			0	0	0	
УИО	УИО	332			0	0	0	
УИО	УИО	333			0	0	0	
УИО	УИО	334			0	0	0	
УИО	УИО	335			0	0	0	
УИО	УИО	336			0	0	0	
УИО	УИО	337			0	0	0	
УИО	УИО	338			0	0	0	
УИО	УИО	339			0	0	0	
УИО	УИО	340			0	0	0	
УИО	УИО	341			0	0	0	
УИО	УИО	342			0	0	0	
УИО	УИО	343			0	0	0	
УИО	УИО	344			0	0	0	
УИО	УИО	345			0	0	0	
УИО	УИО	346			0	0	0	
УИО	УИО	347			0	0	0	
УИО	УИО	348			0	0	0	
УИО	УИО	349			0	0	0	
УИО	УИО	350			0	0	0	
УИО	УИО	351			0	0	0	
УИО	УИО	352			0	0	0	
УИО	УИО	353			0	0	0	
УИО	УИО	354			0	0	0	
УИО	УИО	355			0	0	0	
УИО	УИО	356			0	0	0	
УИО	УИО	357			0	0	0	
УИО	УИО	358			0	0	0	
УИО	УИО	359			0	0	0	
УИО	УИО	360			0	0	0	
УИО	УИО	361			0	0	0	
УИО	УИО	362			0	0	0	
УИО	УИО	363			0	0	0	
УИО	УИО	364			0	0	0	
УИО	УИО	365			0	0	0	
УИО	УИО	366			0	0	0	
УИО	УИО	367			0	0	0	
УИО	УИО	368			0	0	0	
УИО	УИО	369			0	0	0	
УИО	УИО	370			0	0	0	
УИО	УИО	371			0	0	0	
УИО	УИО	372			0	0	0	
УИО	УИО	373			0	0	0	
УИО	УИО	374			0	0	0	
УИО	УИО	375			0	0	0	
УИО	УИО	376			0	0	0	
УИО	УИО	377			0	0	0	
УИО	УИО	378			0	0	0	
УИО	УИО	379			0	0	0	
УИО	УИО	380			0	0	0	
УИО	УИО	381			0	0	0	
УИО	УИО	382			0	0	0	
УИО	УИО	383			0	0	0	
УИО	УИО	384			0	0	0	
УИО	УИО	385			0	0	0	
УИО	УИО	386			0	0	0	
УИО	УИО	387			0	0	0	
УИО	УИО	388			0	0	0	
УИО	УИО	389			0	0	0	
УИО	УИО	390			0	0	0	
УИО	УИО	391			0	0	0	
УИО	УИО	392			0	0	0	
УИО	УИО	393			0	0	0	
УИО	УИО	394			0	0	0	
УИО	УИО	395			0	0	0	
УИО	УИО	396			0	0	0	
УИО	УИО	397			0	0	0	
УИО	УИО	398			0	0	0	
УИО	УИО	399			0	0	0	
УИО	УИО	400			0	0	0	
УИО	УИО	401			0	0	0	
УИО	УИО	402			0	0	0	
УИО	УИО	403			0	0	0	
УИО	УИО	404			0	0	0	
УИО	УИО	405			0	0	0	
УИО	УИО	406			0	0	0	
УИО	УИО	407			0	0	0	
УИО	УИО	408			0	0	0	
УИО	УИО	409			0	0	0	
УИО	УИО	410			0	0	0	
УИО	УИО	411			0	0	0	
УИО	УИО	412			0	0	0	
УИО	УИО	413			0	0	0	
УИО	УИО	414			0	0	0	
УИО	УИО	415			0	0	0	
УИО	УИО	416			0	0	0	
УИО	УИО	417			0	0	0	
УИО	УИО	418			0	0	0	
УИО	УИО	419			0	0	0	
УИО	УИО	420			0	0	0	
УИО	УИО	421			0	0	0	
УИО	УИО	422			0	0	0	
УИО	УИО	423			0	0	0	
УИО	УИО	424			0	0	0	
УИО	УИО	425			0	0	0	
УИО	УИО	426			0	0	0	
УИО	УИО	427			0	0	0	
УИО	УИО	428			0	0	0	
УИО	УИО	429			0	0	0	
УИО	УИО	430			0	0	0	
УИО	УИО	431			0	0	0	
УИО	УИО	432			0	0	0	
УИО	УИО	433			0	0	0	
УИО	УИО	434			0	0	0	
УИО	УИО	435			0	0	0	
УИО	УИО	436			0	0	0	
УИО	УИО	437			0	0	0	
УИО	УИО	438			0	0	0	
УИО	УИО	439			0	0	0	
УИО	УИО	440			0	0	0	
УИО	УИО	441			0	0	0	
УИО	УИО	442			0	0	0	
УИО	УИО	443			0	0	0	
УИО	УИО	444			0	0	0	
УИО	УИО	445			0	0	0	
УИО	УИО	446			0	0	0	
УИО	УИО	447			0	0	0	
УИО	УИО	448			0	0	0	
УИО	УИО	449			0	0	0	
УИО	УИО	450			0	0	0	
УИО	УИО	451			0	0	0	
УИО	УИО	452			0	0	0	
УИО	УИО	453			0	0	0	
УИО	УИО	454			0	0	0	
УИО	УИО	455			0	0	0	
УИО	УИО	456			0	0	0	
УИО	УИО	457			0	0	0	
УИО	УИО	458			0	0	0	
УИО	УИО	459			0	0	0	
УИО	УИО	460			0	0	0	
УИО	УИО	461			0	0	0	
УИО	УИО	462			0	0	0	
УИО	УИО	463			0	0	0	
УИО	УИО	464			0	0	0	
УИО	УИО	465			0	0	0	
УИО	УИО	466			0	0	0	
УИО	УИО	467			0	0	0	
УИО	УИО	468			0	0	0	
УИО	УИО	469			0	0	0	
УИО	УИО	470			0	0	0	
УИО	УИО	471			0	0	0	
УИО	УИО	472			0	0	0	
УИО	УИО	473			0	0	0	
УИО	УИО	474			0	0	0	
УИО	УИО	475			0	0	0	
УИО	УИО	476			0	0	0	
УИО	УИО	477			0	0	0	
УИО	УИО	478			0	0	0	
УИО	УИО	479			0	0	0	
УИО	УИО	480			0	0	0	
УИО	УИО	481			0	0	0	
УИО	УИО	482			0	0	0	
УИО	УИО	483			0	0	0	
УИО	УИО	484			0	0	0	
УИО	УИО	485			0	0	0	
УИО	УИО	486			0	0	0	
УИО	УИО	487			0	0	0	
УИО	УИО	488			0	0	0	
УИО	УИО	489			0	0	0	
УИО	УИО	490			0	0	0	
УИО	УИО	491			0	0	0	
УИО	УИО	492			0	0	0	
УИО	УИО	493			0	0	0	
УИО	УИО	494			0	0	0	
УИО	УИО	495			0	0	0	
УИО	УИО	496			0	0	0	
УИО	УИО	497			0	0	0	
УИО	УИО	498			0	0	0	
УИО	УИО	499			0	0	0	
УИО	УИО	500			0	0	0	
УИО	УИО	501			0	0	0	
УИО	УИО	502			0	0	0	
УИО	УИО	503			0	0	0	
УИО	УИО	504			0	0	0	
УИО	УИО	505			0	0	0	
УИО	УИО	506			0	0	0	
УИО	УИО	507			0	0	0	
УИО	УИО	508			0	0	0	
УИО	УИО	509			0	0	0	
УИО	УИО	510			0	0	0	
УИО	УИО	511			0	0	0	
УИО	УИО	512			0	0	0	
УИО	УИО	513			0	0	0	
УИО	УИО	514			0	0	0	
УИО	УИО	515			0	0	0	
УИО	УИО	516			0	0	0	
УИО	УИО	517			0	0	0	
УИО	УИО	518			0	0	0	
УИО	УИО	519			0	0	0	
УИО	УИО	520			0	0	0	
УИО	УИО	521			0	0	0	
УИО	УИО	522			0	0	0	
УИО	УИО	523			0	0	0	
УИО	УИО	524			0	0	0	
УИО	УИО	525			0	0	0	
УИО	УИО	526			0	0	0	
УИО	УИО	527			0	0	0	
УИО	УИО	528			0	0	0	
УИО	УИО	529			0	0	0	
УИО	УИО	530			0	0	0	
УИО	УИО	531			0	0	0	
УИО	УИО	532			0	0	0	
УИО	УИО	533			0	0	0	
УИО	УИО	534			0	0	0	
УИО	УИО	535			0	0	0	
УИО	УИО	536			0	0	0	
УИО	УИО	537			0	0	0	
УИО	УИО	538			0	0	0	
УИО	УИО	539			0	0	0	
УИО	УИО	540			0	0	0	
УИО	УИО	541			0	0	0	
УИО	УИО	542			0	0	0	
УИО	УИО	543			0	0	0	
УИО	УИО	544			0	0	0	
УИО	УИО	545			0	0	0	
УИО	УИО	546			0	0	0	
УИО	УИО	547			0	0	0	
УИО	УИО	548			0	0	0	
УИО	УИО	549			0	0	0	
УИО	УИО	550			0	0	0	
УИО	УИО	551			0	0	0	
УИО	УИО	552			0	0	0	
УИО	УИО	553			0	0	0	
УИО	УИО	554			0	0	0	
УИО	УИО	555			0	0	0	
УИО	УИО	556			0	0	0	
УИО	УИО	557			0	0	0	
УИО	УИО	558			0	0	0	
УИО	УИО	559			0	0	0	
УИО	УИО	560			0	0	0	
УИО	УИО	561			0	0	0	
УИО	УИО	562			0	0	0	
УИО	УИО	563			0	0	0	
УИО	УИО	564			0	0	0	
УИО	УИО	565			0	0	0	
УИО	УИО	566			0	0	0	
УИО	УИО	567			0	0	0	
УИО	УИО	568			0	0	0	
УИО	УИО	569			0	0	0	
УИО	УИО	570			0	0	0	
УИО	УИО	571			0	0	0	
УИО	УИО	572			0	0	0	
УИО	УИО	573			0	0	0	
УИО	УИО	574			0	0	0	
УИО	УИО	575			0	0	0	
УИО	УИО	576			0	0	0	
УИО	УИО	577			0	0	0	
УИО	УИО	578			0	0	0	
УИО	УИО	579			0	0	0	
УИО	УИО	580			0	0	0	
УИО	УИО	581			0	0	0	
УИО	УИО	582			0	0	0	
УИО	УИО	583			0	0	0	
УИО	УИО	584			0	0	0	
УИО	УИО	585			0	0	0	
УИО	УИО	586			0	0	0	
УИО	УИО	587			0	0	0	
УИО	УИО	588			0	0	0	
УИО	УИО	589			0	0	0	
УИО	УИО	590			0	0	0	
УИО	УИО	591			0	0	0	
УИО	УИО	592			0	0	0	
УИО	УИО	593			0	0	0	
УИО	УИО	594			0	0	0	
УИО	УИО	595			0	0	0	
УИО	УИО	596			0	0	0	
УИО	УИО	597			0	0	0	
УИО	УИО	598			0	0	0	
УИО	УИО	599			0	0	0	
УИО	УИО	600			0	0	0	
УИО	УИО	601			0	0	0	
УИО	УИО	602			0	0	0	
УИО	УИО	603			0	0	0	
УИО	УИО	604			0	0	0	
УИО	УИО	605			0	0	0	
УИО	УИО	606			0	0	0	
УИО	УИО	607			0	0	0	
УИО	УИО	608			0	0	0	
УИО	УИО	609			0	0	0	
УИО	УИО	610			0	0	0	
УИО	УИО	611			0	0	0	
УИО	УИО	612			0	0	0	
УИО	УИО	613			0	0	0	
УИО	УИО	614			0	0	0	
УИО	УИО	615			0	0	0	
УИО	УИО	616			0	0	0	
УИО	УИО	617			0	0	0	
УИО	УИО	618			0	0	0	
УИО	УИО	619			0	0	0	
УИО	УИО	620			0	0	0	
УИО	УИО	621			0	0	0	
УИО	УИО	622			0	0	0	
УИО	УИО	623			0	0	0	
УИО	УИО	624			0	0	0	
УИО	УИО	625			0	0	0	
УИО	УИО	626			0	0	0	
УИО	УИО	627			0	0	0	
УИО	УИО	628			0	0	0	
УИО	УИО	629			0	0	0	
УИО	УИО	630			0	0	0	
УИО	УИО	631			0	0	0	
УИО	УИО	632			0	0	0	
УИО	УИО	633			0	0	0	
УИО	УИО	634			0	0	0	
УИО	УИО	635			0	0	0	
УИО	УИО	636			0	0	0	
УИО	УИО	637			0	0	0	
УИО	УИО	638			0	0	0	
УИО	УИО	639			0	0	0	
УИО	УИО	640			0	0	0	
УИО	УИО	641			0	0	0	
УИО	УИО	642			0	0	0	
УИО	УИО	643			0	0	0	
УИО	УИО	644			0	0	0	
УИО	УИО	645			0	0	0	
УИО	УИО	646			0	0	0	
УИО	УИО	647			0	0	0	
УИО	УИО	648			0	0	0	
УИО	УИО	649			0	0	0	
УИО	УИО	650			0	0	0	
УИО	УИО	651			0	0	0	
УИО	УИО	652			0	0	0	
УИО	УИО	653			0	0	0	
УИО	УИО	654			0	0	0	
УИО	УИО	655			0	0	0	
УИО	УИО	656			0	0	0	
УИО	УИО	657			0	0	0	
УИО	УИО	658			0	0	0	
УИО	УИО	659			0	0	0	
УИО	УИО	660			0	0	0	
УИО	УИО	661			0	0	0	
УИО	УИО	662			0	0	0	
УИО	УИО	663			0	0	0	
УИО	УИО	664			0	0	0	
УИО	УИО	665			0	0	0	
УИО	УИО	666			0	0	0	
УИО	УИО	667			0	0	0	
УИО	УИО	668			0	0	0	
УИО	УИО	669			0	0	0	
УИО	УИО	670			0	0	0	
УИО	УИО	671			0	0	0	
УИО	УИО	672			0	0	0	
УИО	УИО	673			0	0	0	
УИО	УИО	674			0	0	0	
УИО	УИО	675			0	0	0	
УИО	УИО	676			0	0	0	
УИО	УИО	677			0	0	0	
УИО	УИО	678			0	0	0	
УИО	УИО	679			0	0	0	
УИО	УИО	680			0	0	0	
УИО	УИО	681			0	0	0	
УИО	УИО	682			0	0	0	
УИО	УИО	683			0	0	0	
УИО	УИО	684			0	0	0	
УИО	УИО	685			0	0	0	
УИО	УИО	686			0	0	0	
УИО	УИО	687			0	0	0	
УИО	УИО	688			0	0	0	
УИО	УИО	689			0	0	0	
УИО	УИО	690			0	0	0	
УИО	УИО	691			0	0	0	
УИО	УИО	692			0	0	0	
УИО	УИО	693			0	0	0	
УИО	УИО	694			0	0	0	
УИО	УИО	695			0	0	0	
УИО	УИО	696			0	0	0	
УИО	УИО	697			0	0	0	
УИО	УИО	698			0	0	0	
УИО	УИО	699			0	0	0	
УИО	УИО	700			0	0	0	
УИО	УИО	701			0	0	0	
УИО	УИО	702			0	0	0	
УИО	УИО	703			0	0	0	
УИО	УИО	704			0	0	0	
УИО	УИО	705			0	0	0	
УИО	УИО	706			0	0	0	
УИО	УИО	707			0	0	0	
УИО	УИО	708			0	0	0	
УИО	УИО	709			0	0	0	
УИО	УИО	710			0	0	0	
УИО	УИО	711			0	0	0	
УИО	УИО	712			0	0	0	
УИО	УИО	713			0	0	0	
УИО	УИО	714			0	0	0	
УИО	УИО	715			0	0	0	
УИО	УИО	716			0	0	0	
УИО	УИО	717			0	0	0	
УИО	УИО	718			0	0	0	
УИО	УИО	719			0	0	0	
УИО	УИО	720			0	0	0	
УИО	УИО	721			0	0	0	
УИО	УИО	722			0	0	0	
УИО	УИО	723			0	0	0	
УИО	УИО	724			0	0	0	
УИО	УИО	725			0	0	0	
УИО	УИО	726			0	0	0	
УИО	УИО	727			0	0	0	
УИО	УИО	728			0	0	0	
УИО	УИО	729			0	0	0	
УИО	УИО	730			0	0	0	
УИО	УИО	731			0	0	0	
УИО	УИО	732			0	0	0	
УИО	УИО	733			0	0	0	
УИО	УИО	734			0	0	0	
УИО	УИО	735			0	0	0	
УИО	УИО	736			0	0	0	
УИО	УИО	737			0	0	0	
УИО	УИО	738			0	0	0	
УИО	УИО	739			0	0	0	
УИО	УИО	740			0	0	0	
УИО	УИО	741			0	0	0	
УИО	УИО	742			0	0	0	
УИО	УИО	743			0	0	0	
УИО	УИО	744			0	0	0	
УИО	УИО	745			0	0	0	
УИО	УИО	746			0	0	0	
УИО	УИО	747			0	0	0	
УИО	УИО	748			0	0	0	
УИО	УИО	749			0	0	0	
УИО	УИО	750			0	0	0	
УИО	УИО	751			0	0	0	
УИО	УИО	752			0	0	0	
УИО	УИО	753			0	0	0	
УИО	УИО	754			0	0	0	
УИО	УИО	755			0	0	0	
УИО	УИО	756			0	0	0	
УИО	УИО	757			0	0	0	
УИО	УИО	758			0	0	0	
УИО	УИО	759			0	0	0	
УИО	УИО	760			0	0	0	
УИО	УИО	761			0	0	0	
УИО	УИО	762			0	0	0	
УИО	УИО	763			0	0	0	
УИО	УИО	764			0	0	0	
УИО	УИО	765			0	0	0	
УИО	УИО	766			0	0	0	
УИО	УИО	767			0	0	0	
УИО	УИО	768			0	0	0	
УИО	УИО	769			0	0	0	
УИО	УИО	770			0	0	0	
УИО	УИО	771			0	0	0	
УИО	УИО	772			0	0	0	
УИО	УИО	773			0	0	0	
УИО	УИО	774			0	0	0	
УИО	УИО	775			0	0	0	
УИО	УИО	776			0	0	0	
УИО	УИО	777			0	0	0	
УИО	УИО	778			0	0	0	
УИО	УИО	779			0	0	0	
УИО	УИО	780			0	0	0	
УИО	УИО	781			0	0	0	
УИО	УИО	782			0	0	0	
УИО	УИО	783			0	0	0	
УИО	УИО	784			0	0	0	
УИО	УИО	785			0	0	0	
УИО	УИО	786			0	0	0	
УИО	УИО	787			0	0	0	
УИО	УИО	788			0	0	0	
УИО	УИО	789			0	0	0	
УИО	УИО	790			0	0	0	
УИО	УИО	791			0	0	0	
УИО	УИО	792			0	0	0	
УИО	УИО	793			0	0	0	
УИО	УИО	794			0	0	0	
УИО	УИО	795			0	0	0	
УИО	УИО	796			0	0	0	
УИО	УИО	797			0	0	0	
УИО	УИО	798			0	0	0	
УИО	УИО	799			0	0	0	
УИО	УИО	800			0	0	0	
УИО	УИО	801			0	0	0	
УИО	УИО	802			0	0	0	
УИО	УИО	803			0	0	0	
УИО	УИО	804			0	0	0	
УИО	УИО	805			0	0	0	
УИО	УИО	806			0	0	0	
УИО	УИО	807			0	0	0	
УИО	УИО	808			0	0	0	
УИО	УИО	809			0	0	0	
УИО	УИО	810			0	0	0	
УИО	УИО	811			0	0	0	
УИО	УИО	812			0	0	0	
УИО	УИО	813			0	0	0	
УИО	УИО	814			0	0	0	
УИО	УИО	815			0	0	0	
УИО	УИО	816			0	0	0	
УИО	УИО	817			0	0	0	
УИО	УИО	818			0	0	0	
УИО	УИО	819			0	0	0	
УИО	УИО	820			0	0	0	
УИО	УИО	821			0	0	0	
УИО	УИО	822			0	0	0	
УИО	УИО	823			0	0	0	
УИО	УИО	824			0	0	0	
УИО	УИО	825			0	0	0	
УИО	УИО	826			0	0	0	
УИО	УИО	827			0	0	0	
УИО	УИО	828			0	0	0	
УИО	УИО	829			0	0	0	
УИО	УИО	830			0	0	0	
УИО	УИО	831			0	0	0	
УИО	УИО	832			0	0	0	
УИО	УИО	833			0	0	0	
УИО	УИО	834			0	0	0	
УИО	УИО	835			0	0	0	
УИО	УИО	836			0	0	0	
УИО	УИО	837			0	0	0	
УИО	УИО	838			0	0	0	
УИО	УИО	839			0	0	0	
УИО	УИО	840			0	0	0	
УИО	УИО	841			0	0	0	
УИО	УИО	842			0	0	0	
УИО	УИО	843			0	0	0	
УИО	УИО	844			0	0	0	
УИО	УИО	845			0	0	0	
УИО	УИО	846			0	0	0	
УИО	УИО	847			0	0	0	
УИО	УИО	848			0	0	0	
УИО	УИО	849			0	0	0	
УИО	УИО	850			0	0	0	
УИО	УИО	851			0	0	0	
УИО	УИО	852			0	0	0	
УИО	УИО	853			0	0	0	
УИО	УИО	854			0	0	0	
УИО	УИО	855			0	0	0	
УИО	УИО	856			0	0	0	
УИО	УИО	857			0	0	0	
УИО	УИО	858			0	0	0	
УИО	УИО	859			0	0	0	
УИО	УИО	860			0	0	0	
УИО	УИО	861			0	0	0	
УИО	УИО	862			0	0	0	
УИО	УИО	863			0	0	0	
УИО	УИО	864			0	0	0	
УИО	УИО	865			0	0	0	
УИО	УИО	866			0	0	0	
УИО	УИО	867			0	0	0	
УИО	УИО	868			0	0	0	
УИО	УИО	869			0	0	0	
УИО	УИО	870			0	0	0	
УИО	УИО	871			0	0	0	
УИО	УИО	872			0	0	0	
УИО	УИО	873			0	0	0	
УИО	УИО	874			0	0	0	
УИО	УИО	875			0	0	0	
УИО	УИО	876			0	0	0	
УИО	УИО	877			0	0	0	
УИО	УИО	878			0	0	0	
УИО	УИО	879			0	0	0	
УИО	УИО	880			0	0	0	
УИО	УИО	881			0	0	0	
УИО	УИО	882			0	0	0	
УИО	УИО	883			0	0	0	
УИО	УИО	884			0	0	0	
УИО	УИО	885			0	0	0	
УИО	УИО	886			0	0	0	
УИО	УИО	887			0	0	0	
УИО	УИО	888			0	0	0	
УИО	УИО	889			0	0	0	
УИО	УИО	890			0	0	0	
УИО	УИО	891			0	0	0	
УИО	УИО	892			0	0	0	
УИО	УИО	893			0	0	0	
УИО	УИО	894			0	0	0	
УИО	УИО	895			0	0	0	
УИО	УИО	896			0	0	0	
УИО	УИО	897			0	0	0	
УИО	УИО	898			0	0	0	
УИО	УИО	899			0	0	0	
УИО	УИО	900			0	0	0	
УИО	УИО	901			0	0	0	
УИО	УИО	902			0	0	0	
УИО	УИО	903			0	0	0	
УИО	УИО	904			0	0	0	
УИО	УИО	905			0	0	0	
УИО	УИО	906			0	0	0	
УИО	УИО	907			0	0	0	
УИО	УИО	908			0	0	0	
УИО	УИО	909			0	0	0	
УИО	УИО	910			0	0	0	
УИО	УИО	911			0	0	0	
УИО	УИО	912			0	0	0	
УИО	УИО	913			0	0	0	
УИО	УИО	914			0	0	0	
УИО	УИО	915			0	0	0	
УИО	УИО	916			0	0	0	
УИО	УИО	917			0	0	0	
УИО	УИО	918			0	0	0	
УИО	УИО	919			0	0	0	
УИО	УИО	920			0	0	0	
УИО	УИО	921			0	0	0	
УИО	УИО	922			0	0	0	
УИО	УИО	923			0	0	0	
УИО	УИО	924			0	0	0	
УИО	УИО	925			0	0	0	
УИО	УИО	926			0	0	0	
УИО	УИО	927			0	0	0	
УИО	УИО	928			0	0	0	
УИО	УИО	929			0	0	0	
УИО	УИО	930			0	0	0	
УИО	УИО	931			0	0	0	
УИО	УИО	932			0	0	0	
УИО	УИО	933			0	0	0	
УИО	УИО	934			0	0	0	
УИО	УИО	935			0	0	0	
УИО	УИО	936			0	0	0	
УИО	УИО	937			0	0	0	
УИО	УИО	938			0	0	0	
УИО	УИО	939			0	0	0	
УИО	УИО	940			0	0	0	
УИО	УИО	941			0	0	0	
УИО	УИО	942			0	0	0	
УИО	УИО	943			0	0	0	
УИО	УИО	944			0	0	0	
УИО	УИО	945			0	0	0	
УИО	УИО	946			0	0	0	
УИО	УИО	947			0	0	0	
УИО	УИО	948			0	0	0	
УИО	УИО	949			0	0	0	
УИО	УИО	950			0	0	0	
УИО	УИО	951			0	0	0	
УИО	УИО	952			0	0	0	
УИО	УИО	953			0	0	0	
УИО	УИО	954			0	0	0	
УИО	УИО	955			0	0	0	
УИО	УИО	956			0	0	0	
УИО	УИО	957			0	0	0	
УИО	УИО	958			0	0	0	
УИО	УИО	959			0	0	0	
УИО	УИО	960			0	0	0	
УИО	УИО	961			0	0	0	
УИО	УИО	962			0	0	0	
УИО	УИО	963			0	0	0	
УИО	УИО	964			0	0	0	
УИО	УИО	965			0	0	0	
УИО	УИО	966			0	0	0	
УИО	УИО	967			0	0	0	
УИО	УИО	968			0	0	0	
УИО	УИО	969			0	0	0	
УИО	УИО	970			0	0	0	
УИО	УИО	971			0	0	0	
УИО	УИО	972			0	0	0	
УИО	УИО	973			0	0	0	
УИО	УИО	974			0	0	0	
УИО	УИО	975			0	0	0	
УИО	УИО	976			0	0	0	
УИО	УИО	977			0	0	0	
УИО	УИО	978			0	0	0	
УИО	УИО	979			0	0	0	
УИО	УИО	980			0	0	0	
УИО	УИО	981			0	0	0	
УИО	УИО	982			0	0	0	
УИО	УИО	983			0	0	0	
УИО	УИО	984			0	0	0	
УИО	УИО	985			0	0	0	
УИО	УИО	986			0	0	0	
УИО	УИО	987			0	0	0	
УИО	УИО	988			0	0	0	
УИО	УИО	989			0	0	0	
УИО	УИО	990			0	0	0	
УИО	УИО	991			0	0	0	
УИО	УИО	992			0	0	0	
УАГЗО	ВСЕ	4	1	Проведение кадастровых работ в отношении 2 земельных участков, расположенных в Камчатском 	28	28	4	rule:row_numbering,rule:text_hygiene,signal:hasFact,signal:signed
УАГЗО	ВСЕ	5	2	Проведение кадастровых работ в отношении 4 земельных участков, расположенных в Камчатском 	88	88	2	signal:hasFact,signal:signed
УАГЗО	ВСЕ	6	3	Проведение кадастровых работ в отношении 2 земельных участков, расположенных в Камчатском 	63.03332	9.81406	4	signal:factDateBeforePlan,signal:hasFact,signal:highEconomy,signal:signed
УАГЗО	ВСЕ	7	4	Проведение кадастровых работ в отношении 4 земельных участков, расположенных в Камчатском 	132.57332	93.46411	3	signal:hasFact,signal:highEconomy,signal:signed
УАГЗО	ВСЕ	8	5	Обеспечение функционирования информационной системы «ГрадИнфо»	400	400	3	epgrade:lawful-exclusive,signal:hasFact,signal:signed
УАГЗО	ВСЕ	9	42	Проведение государственной экспертизы	3078.96	0	1	epgrade:lawful-exclusive
УАГЗО	ВСЕ	10	7	Выполнение работ по разработке Генерального плана и Правил землепользования и застройки Ел	11500.94952	1919.808	4	signal:economyFlag,signal:hasFact,signal:highEconomy,signal:signed
УАГЗО	ВСЕ	11	8	Проведение кадастровых работ в отношении 17 земельных участков, расположенных в Камчатском	359.49322	28.47014	4	signal:factDateBeforePlan,signal:hasFact,signal:highEconomy,signal:signed
УАГЗО	ВСЕ	12	57	Демонтажные работы	60000	0	2	comment:missing_procedure_ref,signal:planYearMissing
УАГЗО	ВСЕ	13	10	Разработка нормативов градостроительного проектирования Елизовского муниципального округа	350	50	4	signal:factDateBeforePlan,signal:hasFact,signal:highEconomy,signal:signed
УАГЗО	ВСЕ	14	11	Поставка теплоэнергии	1399.72773	1399.72773	4	epgrade:lawful-exclusive,signal:epRisk,signal:hasFact,signal:signed
УАГЗО	ВСЕ	15	12	Поставка электроэнергии	635.99326	635.99326	4	epgrade:lawful-exclusive,signal:epRisk,signal:hasFact,signal:signed
УАГЗО	ВСЕ	16	13	Оказание услуг внутризоновой, местной и междугородней связи	190	190	3	epgrade:lawful-exclusive,signal:hasFact,signal:signed
УАГЗО	ВСЕ	17	14	Поставка марок и конвертов	573.15	573.15	3	epgrade:lawful-exclusive,signal:hasFact,signal:signed
УАГЗО	ВСЕ	18	15	Услуги по обращению с ТКО	119.16594	119.16594	3	epgrade:lawful-exclusive,signal:hasFact,signal:signed
УАГЗО	ВСЕ	19	16	Оказание услуг по обслуживанию системы видеонаблюдения	80	80	3	epgrade:verified-benefit,signal:hasFact,signal:signed
УАГЗО	ВСЕ	20	17	Оказание услуг по ТО пожарной сигнализации	60	60	3	epgrade:verified-benefit,signal:hasFact,signal:signed
УАГЗО	ВСЕ	21	18	Сопровождение По "Кадры Заработная плата" (Веснин)	48	48	3	epgrade:lawful-exclusive,signal:hasFact,signal:signed
УАГЗО	ВСЕ	22	19	Сопровождение ПО 1С	261	261	3	epgrade:verified-benefit,signal:hasFact,signal:signed
УАГЗО	ВСЕ	23	20	Поставка орг. техники	329	329	3	epgrade:verified-benefit,signal:hasFact,signal:signed
УАГЗО	ВСЕ	24	21	Ремонт МФУ	9.1	9.1	4	epgrade:unfounded,signal:hasFact,signal:signed,signal:unmappedReasonEP
УАГЗО	ВСЕ	25	22	Оказание услуг холодного водоснабжения и водоотведения	83.20672	83.20672	3	epgrade:lawful-exclusive,signal:hasFact,signal:signed
УАГЗО	ВСЕ	26	23	Сопровождение ПО "Гранд Смета" (обновление базы данных)	99	99	3	epgrade:verified-benefit,signal:hasFact,signal:signed
УАГЗО	ВСЕ	27	41	Разработка ПСД на строительство Объекта	16884.980000000003	16800.555099999998	4	signal:economyFlag,signal:hasFact,signal:lowCompetition,signal:signed
УАГЗО	ВСЕ	28	55	 Строительство водопровода и канализации к строящемуся объекту "Ледовый дворец в г. Елизов	7000	0	3	comment:missing_procedure_ref,hygiene:G:edge_space,signal:overdue
УАГЗО	ВСЕ	29	26	Сопровождение ПО "Контур. Экстерн" (УАГЗО)	22.9	22.9	3	epgrade:lawful-exclusive,signal:hasFact,signal:signed
УАГЗО	ВСЕ	30	27	Оказание услуг по диспансеризации муниципальных служащих	76.51	76.51	4	epgrade:unfounded,signal:hasFact,signal:signed,signal:unmappedReasonEP
УАГЗО	ВСЕ	31	52	Разработка ПСД для строительства водопровода и канализации к строящемуся объекту "Ледовый 	593.5	593.5	3	epgrade:verified-benefit,signal:hasFact,signal:signed
УАГЗО	ВСЕ	32	6	Обеспечение функционирования информационной системы «ГрадИнфо»	400	400	3	epgrade:lawful-exclusive,signal:hasFact,signal:signed
УАГЗО	ВСЕ	33	47	Поставка мебели	187.4655	187.4655	4	epgrade:unfounded,signal:epJustificationMissing,signal:hasFact,signal:signed
УАГЗО	ВСЕ	34	58	Закупка серверного оборудования	1041.35346	462.25651	4	signal:economyFlag,signal:hasFact,signal:highEconomy,signal:signed
УАГЗО	ВСЕ	35	59	Поставка, установка ПАК VipNet	597.39518	597.39518	2	signal:hasFact,signal:signed
УАГЗО	ВСЕ	36	56	Оказание услуг электроэнергии по объекту МБОУ "Сосновская начальная школа"	50	50	3	epgrade:lawful-exclusive,signal:hasFact,signal:signed
УАГЗО	ВСЕ	37	35	 Оказание услуг по разработке программы в  области энергосбережения и повышения энергетиче	7.5	7.5	6	epgrade:unfounded,hygiene:G:edge_space,hygiene:G:invisible_char,signal:hasFact,signal:signed,signal:unmappedReasonEP
УАГЗО	ВСЕ	38	36	Обучение по программе повышения квалификации  "Управление развитие территорий на основе На	50	50	5	epgrade:unfounded,hygiene:G:invisible_char,signal:hasFact,signal:signed,signal:unmappedReasonEP
УАГЗО	ВСЕ	39	37	Оказание услуг по видеонаблюдению за строительством объекта	19.11984	19.11984	3	epgrade:lawful-exclusive,signal:hasFact,signal:signed
УАГЗО	ВСЕ	40	38	 Оказание услуг экспертного сопровождения	515.51605	515.51605	5	epgrade:lawful-exclusive,hygiene:G:edge_space,hygiene:G:invisible_char,signal:hasFact,signal:signed
УАГЗО	ВСЕ	41	39	Разработка ПСД на демонтажные работы	484.93	240	5	signal:economyFlag,signal:factDateBeforePlan,signal:hasFact,signal:highEconomy,signal:signed
УАГЗО	ВСЕ	42	30	Сопровождение ПО "Гранд Смета" (обновление базы данных)	67	67	3	epgrade:verified-benefit,signal:hasFact,signal:signed
УАГЗО	ВСЕ	43	24	Поставка оргтехники № 1	96.65267	96.65267	2	signal:hasFact,signal:signed
УАГЗО	ВСЕ	44	40	Проведение государственной экспертизы	42.96177	35.21425	5	epgrade:lawful-exclusive,signal:economyFlag,signal:epFactDeviation,signal:hasFact,signal:signed
УАГЗО	ВСЕ	45	43	Поставка бытовой химии	52.28	52.28	3	epgrade:lawful-exclusive,signal:hasFact,signal:signed
УАГЗО	ВСЕ	46	44	Покупка лицензии на право использования ОС РЕД ОС	339.22	339.22	3	epgrade:verified-benefit,signal:hasFact,signal:signed
УАГЗО	ВСЕ	47	45	Ремонт МФУ	14.3	14.3	3	epgrade:discretionary,signal:hasFact,signal:signed
УАГЗО	ВСЕ	48	31	Поставка бумаги	399.61367	267.74115	5	signal:economyFlag,signal:factDateBeforePlan,signal:hasFact,signal:highEconomy,signal:signed
УАГЗО	ВСЕ	49	9	Проведение кадастровых работ в отношении земельных участков, расположенных в Камчатском кр	385	36.475	4	signal:economyFlag,signal:hasFact,signal:highEconomy,signal:signed
УАГЗО	ВСЕ	50	34	Оказание услуг мобильной связи МТС	30	0	2	epgrade:unfounded,signal:unmappedReasonEP
УАГЗО	ВСЕ	51	29	Сопровождение ПО "Контур. Экстерн" (МКУ ЕРУС)	22.9	22.9	3	epgrade:lawful-exclusive,signal:hasFact,signal:signed
УАГЗО	ВСЕ	52	54	Утилизация компьютерной техники	62.04667	29.16	4	signal:economyFlag,signal:hasFact,signal:highEconomy,signal:signed
УАГЗО	ВСЕ	53	32	Поставка канцелярских товаров	60.57639	20.895	4	signal:economyFlag,signal:hasFact,signal:highEconomy,signal:signed
УАГЗО	ВСЕ	54	28	Предоставление прав пользования ПО "Полигон Про: муниципалитет"	9.99	9.99	3	epgrade:lawful-exclusive,signal:hasFact,signal:signed
УАГЗО	ВСЕ	55	25	Поставка картриджей	95.68127	50.71073	4	signal:economyFlag,signal:hasFact,signal:highEconomy,signal:signed
УАГЗО	ВСЕ	56	48	Проведение кадастровых работ в отношении земельного участка, расположенного в Камчатском к	32.77778	15.14543	4	signal:factDateBeforePlan,signal:hasFact,signal:highEconomy,signal:signed
УАГЗО	ВСЕ	57	49	Обучение по дополнительной профессиональной программе повышения квалификации в области зак	10	10	4	epgrade:unfounded,signal:hasFact,signal:signed,signal:unmappedReasonEP
УАГЗО	ВСЕ	58	51	Обучение по дополнительной профессиональной программе повышения квалификации в области пож	20.26666	1.07332	4	signal:economyFlag,signal:hasFact,signal:highEconomy,signal:signed
УАГЗО	ВСЕ	59	46	Проведение кадастровых работ в отношении земельного участка, расположенного в Камчатском к	28.33333	4.42115	5	signal:economyFlag,signal:factDateBeforePlan,signal:hasFact,signal:highEconomy,signal:signed
УАГЗО	ВСЕ	60	50	Повышение квалификации по программе "Противодействие коррупции"	20.26656	0.788	4	signal:economyFlag,signal:hasFact,signal:highEconomy,signal:signed
УАГЗО	ВСЕ	61	60	Поставка оргтехники № 2	468.92332	354.03711	3	signal:economyFlag,signal:hasFact,signal:signed
УАГЗО	ВСЕ	62	61	Проведение кадастровых работ в отношении земельного участка, расположенного в Камчатском к	86.66667	86.66667	2	signal:hasFact,signal:signed
УАГЗО	ВСЕ	63	62	Поставка МФУ	252	245.66747	3	signal:economyFlag,signal:hasFact,signal:signed
УАГЗО	ВСЕ	64	63	Поставка канцелярских товаров	107.75816	46.25516	4	signal:economyFlag,signal:hasFact,signal:highEconomy,signal:signed
УАГЗО	ВСЕ	65	64	Актуализация проектно-сметной документации на строительство объекта «Центр технического тв	400	0	2	epgrade:lawful-exclusive,signal:overdue
УАГЗО	ВСЕ	66	65	Государственная экспертиза сметной документации на строительство объекта «Центр техническо	100	0	2	epgrade:lawful-exclusive,signal:overdue
УАГЗО	ВСЕ	67	66	Оказание услуг по видеонаблюдению за строительством объекта (июль)	3.18664	3.18664	3	epgrade:lawful-exclusive,signal:hasFact,signal:signed
УАГЗО	ВСЕ	68	67	Предоставление права доступа к информационно-технологическим материалам фирмы "1С" для сис	57	57	6	epgrade:unfounded,hygiene:G:edge_space,hygiene:G:missing_space_after_punct,signal:hasFact,signal:signed,signal:unmappedReasonEP
УАГЗО	ВСЕ	69	68	Выполнение работ бригадой водопроводной сети (без сварки)	12.72874	12.73	3	epgrade:lawful-exclusive,signal:hasFact,signal:signed
УАГЗО	ВСЕ	70	69	Утилизация картриджей	26	0	2	comment:missing_procedure_ref,signal:overdue
УАГЗО	ВСЕ	71	70	Проведение кадастровых работ 	48.33333	0	3	comment:missing_procedure_ref,hygiene:G:edge_space,signal:overdue
УАГЗО	ВСЕ	72	71	Проведение кадастровых работ 	35.66667	0	3	comment:missing_procedure_ref,hygiene:G:edge_space,signal:overdue
УАГЗО	ВСЕ	73			0	0	0	
УАГЗО	ВСЕ	74			0	0	0	
УАГЗО	ВСЕ	75			0	0	0	
УАГЗО	ВСЕ	76			0	0	0	
УАГЗО	ВСЕ	77			0	0	0	
УАГЗО	ВСЕ	78			0	0	0	
УАГЗО	ВСЕ	79			0	0	0	
УАГЗО	ВСЕ	80			0	0	0	
УАГЗО	ВСЕ	81			0	0	0	
УАГЗО	ВСЕ	82			0	0	0	
УАГЗО	ВСЕ	83			0	0	0	
УАГЗО	ВСЕ	84			0	0	0	
УАГЗО	ВСЕ	85			0	0	0	
УАГЗО	ВСЕ	86			0	0	0	
УАГЗО	ВСЕ	87			0	0	0	
УАГЗО	ВСЕ	88			0	0	0	
УАГЗО	ВСЕ	89			0	0	0	
УАГЗО	ВСЕ	90			0	0	0	
УАГЗО	ВСЕ	91			0	0	0	
УАГЗО	ВСЕ	92			0	0	0	
УАГЗО	ВСЕ	93			0	0	0	
УАГЗО	ВСЕ	94			0	0	0	
УАГЗО	ВСЕ	95			0	0	0	
УАГЗО	ВСЕ	96			0	0	0	
УАГЗО	ВСЕ	97			0	0	0	
УАГЗО	ВСЕ	98			0	0	0	
УАГЗО	ВСЕ	99			0	0	0	
УАГЗО	ВСЕ	100			0	0	0	
УАГЗО	ВСЕ	101			0	0	0	
УАГЗО	ВСЕ	102			0	0	0	
УАГЗО	ВСЕ	103			0	0	0	
УАГЗО	ВСЕ	104			0	0	0	
УАГЗО	ВСЕ	105			0	0	0	
УАГЗО	ВСЕ	106			0	0	0	
УАГЗО	ВСЕ	107			0	0	0	
УАГЗО	ВСЕ	108			0	0	0	
УАГЗО	ВСЕ	109			0	0	0	
УАГЗО	ВСЕ	110			0	0	0	
УАГЗО	ВСЕ	111			0	0	0	
УАГЗО	ВСЕ	112			0	0	0	
УАГЗО	ВСЕ	113			0	0	0	
УАГЗО	ВСЕ	114			0	0	0	
УАГЗО	ВСЕ	115			0	0	0	
УАГЗО	ВСЕ	116			0	0	0	
УАГЗО	ВСЕ	117			0	0	0	
УАГЗО	ВСЕ	118			0	0	0	
УАГЗО	ВСЕ	119			0	0	0	
УАГЗО	ВСЕ	120			0	0	0	
УАГЗО	ВСЕ	121			0	0	0	
УАГЗО	ВСЕ	122			0	0	0	
УАГЗО	ВСЕ	123			0	0	0	
УАГЗО	ВСЕ	124			0	0	0	
УАГЗО	ВСЕ	125			0	0	0	
УАГЗО	ВСЕ	126			0	0	0	
УАГЗО	ВСЕ	127			0	0	0	
УАГЗО	ВСЕ	128			0	0	0	
УАГЗО	ВСЕ	129			0	0	0	
УАГЗО	ВСЕ	130			0	0	0	
УАГЗО	ВСЕ	131			0	0	0	
УАГЗО	ВСЕ	132			0	0	0	
УАГЗО	ВСЕ	133			0	0	0	
УАГЗО	ВСЕ	134			0	0	0	
УАГЗО	ВСЕ	135			0	0	0	
УАГЗО	ВСЕ	136			0	0	0	
УАГЗО	ВСЕ	137			0	0	0	
УАГЗО	ВСЕ	138			0	0	0	
УАГЗО	ВСЕ	139			0	0	0	
УАГЗО	ВСЕ	140			0	0	0	
УАГЗО	ВСЕ	141			0	0	0	
УАГЗО	ВСЕ	142			0	0	0	
УАГЗО	ВСЕ	143			0	0	0	
УАГЗО	ВСЕ	144			0	0	0	
УАГЗО	ВСЕ	145			0	0	0	
УАГЗО	ВСЕ	146			0	0	0	
УАГЗО	ВСЕ	147			0	0	0	
УАГЗО	ВСЕ	148			0	0	0	
УАГЗО	ВСЕ	149			0	0	0	
УАГЗО	ВСЕ	150			0	0	0	
УАГЗО	ВСЕ	151			0	0	0	
УАГЗО	ВСЕ	152			0	0	0	
УАГЗО	ВСЕ	153			0	0	0	
УАГЗО	ВСЕ	154			0	0	0	
УАГЗО	ВСЕ	155			0	0	0	
УАГЗО	ВСЕ	156			0	0	0	
УАГЗО	ВСЕ	157			0	0	0	
УАГЗО	ВСЕ	158			0	0	0	
УАГЗО	ВСЕ	159			0	0	0	
УАГЗО	ВСЕ	160			0	0	0	
УАГЗО	ВСЕ	161			0	0	0	
УАГЗО	ВСЕ	162			0	0	0	
УАГЗО	ВСЕ	163			0	0	0	
УАГЗО	ВСЕ	164			0	0	0	
УАГЗО	ВСЕ	165			0	0	0	
УАГЗО	ВСЕ	166			0	0	0	
УАГЗО	ВСЕ	167			0	0	0	
УАГЗО	ВСЕ	168			0	0	0	
УАГЗО	ВСЕ	169			0	0	0	
УАГЗО	ВСЕ	170			0	0	0	
УАГЗО	ВСЕ	171			0	0	0	
УАГЗО	ВСЕ	172			0	0	0	
УАГЗО	ВСЕ	173			0	0	0	
УАГЗО	ВСЕ	174			0	0	0	
УАГЗО	ВСЕ	175			0	0	0	
УАГЗО	ВСЕ	176			0	0	0	
УАГЗО	ВСЕ	177			0	0	0	
УАГЗО	ВСЕ	178			0	0	0	
УАГЗО	ВСЕ	179			0	0	0	
УАГЗО	ВСЕ	180			0	0	0	
УАГЗО	ВСЕ	181			0	0	0	
УАГЗО	ВСЕ	182			0	0	0	
УАГЗО	ВСЕ	183			0	0	0	
УАГЗО	ВСЕ	184			0	0	0	
УАГЗО	ВСЕ	185			0	0	0	
УАГЗО	ВСЕ	186			0	0	0	
УАГЗО	ВСЕ	187			0	0	0	
УАГЗО	ВСЕ	188			0	0	0	
УАГЗО	ВСЕ	189			0	0	0	
УАГЗО	ВСЕ	190			0	0	0	
УАГЗО	ВСЕ	191			0	0	0	
УАГЗО	ВСЕ	192			0	0	0	
УАГЗО	ВСЕ	193			0	0	0	
УАГЗО	ВСЕ	194			0	0	0	
УАГЗО	ВСЕ	195			0	0	0	
УАГЗО	ВСЕ	196			0	0	0	
УАГЗО	ВСЕ	197			0	0	0	
УАГЗО	ВСЕ	198			0	0	0	
УАГЗО	ВСЕ	199			0	0	0	
УАГЗО	ВСЕ	200			0	0	0	
УАГЗО	ВСЕ	201			0	0	0	
УАГЗО	ВСЕ	202			0	0	0	
УАГЗО	ВСЕ	203			0	0	0	
УАГЗО	ВСЕ	204			0	0	0	
УАГЗО	ВСЕ	205			0	0	0	
УАГЗО	ВСЕ	206			0	0	0	
УАГЗО	ВСЕ	207			0	0	0	
УАГЗО	ВСЕ	208			0	0	0	
УАГЗО	ВСЕ	209			0	0	0	
УАГЗО	ВСЕ	210			0	0	0	
УАГЗО	ВСЕ	211			0	0	0	
УАГЗО	ВСЕ	212			0	0	0	
УАГЗО	ВСЕ	213			0	0	0	
УАГЗО	ВСЕ	214			0	0	0	
УАГЗО	ВСЕ	215			0	0	0	
УАГЗО	ВСЕ	216			0	0	0	
УАГЗО	ВСЕ	217			0	0	0	
УАГЗО	ВСЕ	218			0	0	0	
УАГЗО	ВСЕ	219			0	0	0	
УАГЗО	ВСЕ	220			0	0	0	
УАГЗО	ВСЕ	221			0	0	0	
УАГЗО	ВСЕ	222			0	0	0	
УАГЗО	ВСЕ	223			0	0	0	
УАГЗО	ВСЕ	224			0	0	0	
УАГЗО	ВСЕ	225			0	0	0	
УАГЗО	ВСЕ	226			0	0	0	
УАГЗО	ВСЕ	227			0	0	0	
УАГЗО	ВСЕ	228			0	0	0	
УАГЗО	ВСЕ	229			0	0	0	
УАГЗО	ВСЕ	230			0	0	0	
УАГЗО	ВСЕ	231			0	0	0	
УАГЗО	ВСЕ	232			0	0	0	
УАГЗО	ВСЕ	233			0	0	0	
УАГЗО	ВСЕ	234			0	0	0	
УАГЗО	ВСЕ	235			0	0	0	
УАГЗО	ВСЕ	236			0	0	0	
УАГЗО	ВСЕ	237			0	0	0	
УАГЗО	ВСЕ	238			0	0	0	
УАГЗО	ВСЕ	239			0	0	0	
УАГЗО	ВСЕ	240			0	0	0	
УАГЗО	ВСЕ	241			0	0	0	
УАГЗО	ВСЕ	242			0	0	0	
УАГЗО	ВСЕ	243			0	0	0	
УАГЗО	ВСЕ	244			0	0	0	
УАГЗО	ВСЕ	245			0	0	0	
УАГЗО	ВСЕ	246			0	0	0	
УАГЗО	ВСЕ	247			0	0	0	
УАГЗО	ВСЕ	248			0	0	0	
УАГЗО	ВСЕ	249			0	0	0	
УАГЗО	ВСЕ	250			0	0	0	
УАГЗО	ВСЕ	251			0	0	0	
УАГЗО	ВСЕ	252			0	0	0	
УАГЗО	ВСЕ	253			0	0	0	
УАГЗО	ВСЕ	254			0	0	0	
УАГЗО	ВСЕ	255			0	0	0	
УАГЗО	ВСЕ	256			0	0	0	
УАГЗО	ВСЕ	257			0	0	0	
УАГЗО	ВСЕ	258			0	0	0	
УАГЗО	ВСЕ	259			0	0	0	
УАГЗО	ВСЕ	260			0	0	0	
УАГЗО	ВСЕ	261			0	0	0	
УАГЗО	ВСЕ	262			0	0	0	
УАГЗО	ВСЕ	263			0	0	0	
УАГЗО	ВСЕ	264			0	0	0	
УАГЗО	ВСЕ	265			0	0	0	
УАГЗО	ВСЕ	266			0	0	0	
УАГЗО	ВСЕ	267			0	0	0	
УАГЗО	ВСЕ	268			0	0	0	
УАГЗО	ВСЕ	269			0	0	0	
УАГЗО	ВСЕ	270			0	0	0	
УАГЗО	ВСЕ	271			0	0	0	
УАГЗО	ВСЕ	272			0	0	0	
УАГЗО	ВСЕ	273			0	0	0	
УАГЗО	ВСЕ	274			0	0	0	
УАГЗО	ВСЕ	275			0	0	0	
УАГЗО	ВСЕ	276			0	0	0	
УАГЗО	ВСЕ	277			0	0	0	
УАГЗО	ВСЕ	278			0	0	0	
УАГЗО	ВСЕ	279			0	0	0	
УАГЗО	ВСЕ	280			0	0	0	
УАГЗО	ВСЕ	281			0	0	0	
УАГЗО	ВСЕ	282			0	0	0	
УАГЗО	ВСЕ	283			0	0	0	
УАГЗО	ВСЕ	284			0	0	0	
УАГЗО	ВСЕ	285			0	0	0	
УАГЗО	ВСЕ	286			0	0	0	
УАГЗО	ВСЕ	287			0	0	0	
УАГЗО	ВСЕ	288			0	0	0	
УАГЗО	ВСЕ	289			0	0	0	
УАГЗО	ВСЕ	290			0	0	0	
УАГЗО	ВСЕ	291			0	0	0	
УАГЗО	ВСЕ	292			0	0	0	
УАГЗО	ВСЕ	293			0	0	0	
УАГЗО	ВСЕ	294			0	0	0	
УАГЗО	ВСЕ	295			0	0	0	
УАГЗО	ВСЕ	296			0	0	0	
УАГЗО	ВСЕ	297			0	0	0	
УАГЗО	ВСЕ	298			0	0	0	
УАГЗО	ВСЕ	299			0	0	0	
УАГЗО	ВСЕ	300			0	0	0	
УАГЗО	ВСЕ	301			0	0	0	
УАГЗО	ВСЕ	302			0	0	0	
УАГЗО	ВСЕ	303			0	0	0	
УАГЗО	ВСЕ	304			0	0	0	
УАГЗО	ВСЕ	305			0	0	0	
УАГЗО	ВСЕ	306			0	0	0	
УАГЗО	ВСЕ	307			0	0	0	
УАГЗО	ВСЕ	308			0	0	0	
УАГЗО	ВСЕ	309			0	0	0	
УАГЗО	ВСЕ	310			0	0	0	
УАГЗО	ВСЕ	311			0	0	0	
УАГЗО	ВСЕ	312			0	0	0	
УАГЗО	ВСЕ	313			0	0	0	
УАГЗО	ВСЕ	314			0	0	0	
УАГЗО	ВСЕ	315			0	0	0	
УАГЗО	ВСЕ	316			0	0	0	
УАГЗО	ВСЕ	317			0	0	0	
УАГЗО	ВСЕ	318			0	0	0	
УАГЗО	ВСЕ	319			0	0	0	
УАГЗО	ВСЕ	320			0	0	0	
УАГЗО	ВСЕ	321			0	0	0	
УАГЗО	ВСЕ	322			0	0	0	
УАГЗО	ВСЕ	323			0	0	0	
УАГЗО	ВСЕ	324			0	0	0	
УАГЗО	ВСЕ	325			0	0	0	
УАГЗО	ВСЕ	326			0	0	0	
УАГЗО	ВСЕ	327			0	0	0	
УАГЗО	ВСЕ	328			0	0	0	
УАГЗО	ВСЕ	329			0	0	0	
УАГЗО	ВСЕ	330			0	0	0	
УАГЗО	ВСЕ	331			0	0	0	
УАГЗО	ВСЕ	332			0	0	0	
УАГЗО	ВСЕ	333			0	0	0	
УАГЗО	ВСЕ	334			0	0	0	
УАГЗО	ВСЕ	335			0	0	0	
УАГЗО	ВСЕ	336			0	0	0	
УАГЗО	ВСЕ	337			0	0	0	
УАГЗО	ВСЕ	338			0	0	0	
УАГЗО	ВСЕ	339			0	0	0	
УАГЗО	ВСЕ	340			0	0	0	
УАГЗО	ВСЕ	341			0	0	0	
УАГЗО	ВСЕ	342			0	0	0	
УАГЗО	ВСЕ	343			0	0	0	
УАГЗО	ВСЕ	344			0	0	0	
УАГЗО	ВСЕ	345			0	0	0	
УАГЗО	ВСЕ	346			0	0	0	
УАГЗО	ВСЕ	347			0	0	0	
УАГЗО	ВСЕ	348			0	0	0	
УАГЗО	ВСЕ	349			0	0	0	
УАГЗО	ВСЕ	350			0	0	0	
УАГЗО	ВСЕ	351			0	0	0	
УАГЗО	ВСЕ	352			0	0	0	
УАГЗО	ВСЕ	353			0	0	0	
УАГЗО	ВСЕ	354			0	0	0	
УАГЗО	ВСЕ	355			0	0	0	
УАГЗО	ВСЕ	356			0	0	0	
УАГЗО	ВСЕ	357			0	0	0	
УАГЗО	ВСЕ	358			0	0	0	
УАГЗО	ВСЕ	359			0	0	0	
УАГЗО	ВСЕ	360			0	0	0	
УАГЗО	ВСЕ	361			0	0	0	
УАГЗО	ВСЕ	362			0	0	0	
УАГЗО	ВСЕ	363			0	0	0	
УАГЗО	ВСЕ	364			0	0	0	
УАГЗО	ВСЕ	365			0	0	0	
УАГЗО	ВСЕ	366			0	0	0	
УАГЗО	ВСЕ	367			0	0	0	
УАГЗО	ВСЕ	368			0	0	0	
УАГЗО	ВСЕ	369			0	0	0	
УАГЗО	ВСЕ	370			0	0	0	
УАГЗО	ВСЕ	371			0	0	0	
УАГЗО	ВСЕ	372			0	0	0	
УАГЗО	ВСЕ	373			0	0	0	
УАГЗО	ВСЕ	374			0	0	0	
УАГЗО	ВСЕ	375			0	0	0	
УАГЗО	ВСЕ	376			0	0	0	
УАГЗО	ВСЕ	377			0	0	0	
УАГЗО	ВСЕ	378			0	0	0	
УАГЗО	ВСЕ	379			0	0	0	
УАГЗО	ВСЕ	380			0	0	0	
УАГЗО	ВСЕ	381			0	0	0	
УАГЗО	ВСЕ	382			0	0	0	
УАГЗО	ВСЕ	383			0	0	0	
УАГЗО	ВСЕ	384			0	0	0	
УАГЗО	ВСЕ	385			0	0	0	
УАГЗО	ВСЕ	386			0	0	0	
УАГЗО	ВСЕ	387			0	0	0	
УАГЗО	ВСЕ	388			0	0	0	
УАГЗО	ВСЕ	389			0	0	0	
УАГЗО	ВСЕ	390			0	0	0	
УАГЗО	ВСЕ	391			0	0	0	
УАГЗО	ВСЕ	392			0	0	0	
УАГЗО	ВСЕ	393			0	0	0	
УАГЗО	ВСЕ	394			0	0	0	
УАГЗО	ВСЕ	395			0	0	0	
УАГЗО	ВСЕ	396			0	0	0	
УАГЗО	ВСЕ	397			0	0	0	
УАГЗО	ВСЕ	398			0	0	0	
УАГЗО	ВСЕ	399			0	0	0	
УАГЗО	ВСЕ	400			0	0	0	
УАГЗО	ВСЕ	401			0	0	0	
УАГЗО	ВСЕ	402			0	0	0	
УАГЗО	ВСЕ	403			0	0	0	
УАГЗО	ВСЕ	404			0	0	0	
УАГЗО	ВСЕ	405			0	0	0	
УАГЗО	ВСЕ	406			0	0	0	
УАГЗО	ВСЕ	407			0	0	0	
УАГЗО	ВСЕ	408			0	0	0	
УАГЗО	ВСЕ	409			0	0	0	
УАГЗО	ВСЕ	410			0	0	0	
УАГЗО	ВСЕ	411			0	0	0	
УАГЗО	ВСЕ	412			0	0	0	
УАГЗО	ВСЕ	413			0	0	0	
УАГЗО	ВСЕ	414			0	0	0	
УАГЗО	ВСЕ	415			0	0	0	
УАГЗО	ВСЕ	416			0	0	0	
УАГЗО	ВСЕ	417			0	0	0	
УАГЗО	ВСЕ	418			0	0	0	
УАГЗО	ВСЕ	419			0	0	0	
УАГЗО	ВСЕ	420			0	0	0	
УАГЗО	ВСЕ	421			0	0	0	
УАГЗО	ВСЕ	422			0	0	0	
УАГЗО	ВСЕ	423			0	0	0	
УАГЗО	ВСЕ	424			0	0	0	
УАГЗО	ВСЕ	425			0	0	0	
УАГЗО	ВСЕ	426			0	0	0	
УАГЗО	ВСЕ	427			0	0	0	
УАГЗО	ВСЕ	428			0	0	0	
УАГЗО	ВСЕ	429			0	0	0	
УАГЗО	ВСЕ	430			0	0	0	
УАГЗО	ВСЕ	431			0	0	0	
УАГЗО	ВСЕ	432			0	0	0	
УАГЗО	ВСЕ	433			0	0	0	
УАГЗО	ВСЕ	434			0	0	0	
УАГЗО	ВСЕ	435			0	0	0	
УАГЗО	ВСЕ	436			0	0	0	
УАГЗО	ВСЕ	437			0	0	0	
УАГЗО	ВСЕ	438			0	0	0	
УАГЗО	ВСЕ	439			0	0	0	
УАГЗО	ВСЕ	440			0	0	0	
УАГЗО	ВСЕ	441			0	0	0	
УАГЗО	ВСЕ	442			0	0	0	
УАГЗО	ВСЕ	443			0	0	0	
УАГЗО	ВСЕ	444			0	0	0	
УАГЗО	ВСЕ	445			0	0	0	
УАГЗО	ВСЕ	446			0	0	0	
УАГЗО	ВСЕ	447			0	0	0	
УАГЗО	ВСЕ	448			0	0	0	
УАГЗО	ВСЕ	449			0	0	0	
УАГЗО	ВСЕ	450			0	0	0	
УАГЗО	ВСЕ	451			0	0	0	
УАГЗО	ВСЕ	452			0	0	0	
УАГЗО	ВСЕ	453			0	0	0	
УАГЗО	ВСЕ	454			0	0	0	
УАГЗО	ВСЕ	455			0	0	0	
УАГЗО	ВСЕ	456			0	0	0	
УАГЗО	ВСЕ	457			0	0	0	
УАГЗО	ВСЕ	458			0	0	0	
УАГЗО	ВСЕ	459			0	0	0	
УАГЗО	ВСЕ	460			0	0	0	
УАГЗО	ВСЕ	461			0	0	0	
УАГЗО	ВСЕ	462			0	0	0	
УАГЗО	ВСЕ	463			0	0	0	
УАГЗО	ВСЕ	464			0	0	0	
УАГЗО	ВСЕ	465			0	0	0	
УАГЗО	ВСЕ	466			0	0	0	
УАГЗО	ВСЕ	467			0	0	0	
УАГЗО	ВСЕ	468			0	0	0	
УАГЗО	ВСЕ	469			0	0	0	
УАГЗО	ВСЕ	470			0	0	0	
УАГЗО	ВСЕ	471			0	0	0	
УАГЗО	ВСЕ	472			0	0	0	
УАГЗО	ВСЕ	473			0	0	0	
УАГЗО	ВСЕ	474			0	0	0	
УАГЗО	ВСЕ	475			0	0	0	
УАГЗО	ВСЕ	476			0	0	0	
УАГЗО	ВСЕ	477			0	0	0	
УАГЗО	ВСЕ	478			0	0	0	
УАГЗО	ВСЕ	479			0	0	0	
УАГЗО	ВСЕ	480			0	0	0	
УАГЗО	ВСЕ	481			0	0	0	
УАГЗО	ВСЕ	482			0	0	0	
УАГЗО	ВСЕ	483			0	0	0	
УАГЗО	ВСЕ	484			0	0	0	
УАГЗО	ВСЕ	485			0	0	0	
УАГЗО	ВСЕ	486			0	0	0	
УАГЗО	ВСЕ	487			0	0	0	
УАГЗО	ВСЕ	488			0	0	0	
УАГЗО	ВСЕ	489			0	0	0	
УАГЗО	ВСЕ	490			0	0	0	
УАГЗО	ВСЕ	491			0	0	0	
УАГЗО	ВСЕ	492			0	0	0	
УАГЗО	ВСЕ	493			0	0	0	
УАГЗО	ВСЕ	494			0	0	0	
УАГЗО	ВСЕ	495			0	0	0	
УАГЗО	ВСЕ	496			0	0	0	
УАГЗО	ВСЕ	497			0	0	0	
УАГЗО	ВСЕ	498			0	0	0	
УАГЗО	ВСЕ	499			0	0	0	
УАГЗО	ВСЕ	500			0	0	0	
УАГЗО	ВСЕ	501			0	0	0	
УАГЗО	ВСЕ	502			0	0	0	
УАГЗО	ВСЕ	503			0	0	0	
УАГЗО	ВСЕ	504			0	0	0	
УАГЗО	ВСЕ	505			0	0	0	
УАГЗО	ВСЕ	506			0	0	0	
УАГЗО	ВСЕ	507			0	0	0	
УАГЗО	ВСЕ	508			0	0	0	
УАГЗО	ВСЕ	509			0	0	0	
УАГЗО	ВСЕ	510			0	0	0	
УАГЗО	ВСЕ	511			0	0	0	
УАГЗО	ВСЕ	512			0	0	0	
УАГЗО	ВСЕ	513			0	0	0	
УАГЗО	ВСЕ	514			0	0	0	
УАГЗО	ВСЕ	515			0	0	0	
УАГЗО	ВСЕ	516			0	0	0	
УАГЗО	ВСЕ	517			0	0	0	
УАГЗО	ВСЕ	518			0	0	0	
УАГЗО	ВСЕ	519			0	0	0	
УАГЗО	ВСЕ	520			0	0	0	
УАГЗО	ВСЕ	521			0	0	0	
УАГЗО	ВСЕ	522			0	0	0	
УАГЗО	ВСЕ	523			0	0	0	
УАГЗО	ВСЕ	524			0	0	0	
УАГЗО	ВСЕ	525			0	0	0	
УАГЗО	ВСЕ	526			0	0	0	
УАГЗО	ВСЕ	527			0	0	0	
УАГЗО	ВСЕ	528			0	0	0	
УАГЗО	ВСЕ	529			0	0	0	
УАГЗО	ВСЕ	530			0	0	0	
УАГЗО	ВСЕ	531			0	0	0	
УАГЗО	ВСЕ	532			0	0	0	
УАГЗО	ВСЕ	533			0	0	0	
УАГЗО	ВСЕ	534			0	0	0	
УАГЗО	ВСЕ	535			0	0	0	
УАГЗО	ВСЕ	536			0	0	0	
УАГЗО	ВСЕ	537			0	0	0	
УАГЗО	ВСЕ	538			0	0	0	
УАГЗО	ВСЕ	539			0	0	0	
УАГЗО	ВСЕ	540			0	0	0	
УАГЗО	ВСЕ	541			0	0	0	
УАГЗО	ВСЕ	542			0	0	0	
УАГЗО	ВСЕ	543			0	0	0	
УАГЗО	ВСЕ	544			0	0	0	
УАГЗО	ВСЕ	545			0	0	0	
УАГЗО	ВСЕ	546			0	0	0	
УАГЗО	ВСЕ	547			0	0	0	
УАГЗО	ВСЕ	548			0	0	0	
УАГЗО	ВСЕ	549			0	0	0	
УАГЗО	ВСЕ	550			0	0	0	
УАГЗО	ВСЕ	551			0	0	0	
УАГЗО	ВСЕ	552			0	0	0	
УАГЗО	ВСЕ	553			0	0	0	
УАГЗО	ВСЕ	554			0	0	0	
УАГЗО	ВСЕ	555			0	0	0	
УАГЗО	ВСЕ	556			0	0	0	
УАГЗО	ВСЕ	557			0	0	0	
УАГЗО	ВСЕ	558			0	0	0	
УАГЗО	ВСЕ	559			0	0	0	
УАГЗО	ВСЕ	560			0	0	0	
УАГЗО	ВСЕ	561			0	0	0	
УАГЗО	ВСЕ	562			0	0	0	
УАГЗО	ВСЕ	563			0	0	0	
УАГЗО	ВСЕ	564			0	0	0	
УАГЗО	ВСЕ	565			0	0	0	
УАГЗО	ВСЕ	566			0	0	0	
УАГЗО	ВСЕ	567			0	0	0	
УАГЗО	ВСЕ	568			0	0	0	
УАГЗО	ВСЕ	569			0	0	0	
УАГЗО	ВСЕ	570			0	0	0	
УАГЗО	ВСЕ	571			0	0	0	
УАГЗО	ВСЕ	572			0	0	0	
УАГЗО	ВСЕ	573			0	0	0	
УАГЗО	ВСЕ	574			0	0	0	
УАГЗО	ВСЕ	575			0	0	0	
УАГЗО	ВСЕ	576			0	0	0	
УАГЗО	ВСЕ	577			0	0	0	
УАГЗО	ВСЕ	578			0	0	0	
УАГЗО	ВСЕ	579			0	0	0	
УАГЗО	ВСЕ	580			0	0	0	
УАГЗО	ВСЕ	581			0	0	0	
УАГЗО	ВСЕ	582			0	0	0	
УАГЗО	ВСЕ	583			0	0	0	
УАГЗО	ВСЕ	584			0	0	0	
УАГЗО	ВСЕ	585			0	0	0	
УАГЗО	ВСЕ	586			0	0	0	
УАГЗО	ВСЕ	587			0	0	0	
УАГЗО	ВСЕ	588			0	0	0	
УАГЗО	ВСЕ	589			0	0	0	
УАГЗО	ВСЕ	590			0	0	0	
УАГЗО	ВСЕ	591			0	0	0	
УАГЗО	ВСЕ	592			0	0	0	
УАГЗО	ВСЕ	593			0	0	0	
УАГЗО	ВСЕ	594			0	0	0	
УАГЗО	ВСЕ	595			0	0	0	
УАГЗО	ВСЕ	596			0	0	0	
УАГЗО	ВСЕ	597			0	0	0	
УАГЗО	ВСЕ	598			0	0	0	
УАГЗО	ВСЕ	599			0	0	0	
УАГЗО	ВСЕ	600			0	0	0	
УАГЗО	ВСЕ	601			0	0	0	
УАГЗО	ВСЕ	602			0	0	0	
УАГЗО	ВСЕ	603			0	0	0	
УАГЗО	ВСЕ	604			0	0	0	
УАГЗО	ВСЕ	605			0	0	0	
УАГЗО	ВСЕ	606			0	0	0	
УАГЗО	ВСЕ	607			0	0	0	
УАГЗО	ВСЕ	608			0	0	0	
УАГЗО	ВСЕ	609			0	0	0	
УАГЗО	ВСЕ	610			0	0	0	
УАГЗО	ВСЕ	611			0	0	0	
УАГЗО	ВСЕ	612			0	0	0	
УАГЗО	ВСЕ	613			0	0	0	
УАГЗО	ВСЕ	614			0	0	0	
УАГЗО	ВСЕ	615			0	0	0	
УАГЗО	ВСЕ	616			0	0	0	
УАГЗО	ВСЕ	617			0	0	0	
УАГЗО	ВСЕ	618			0	0	0	
УАГЗО	ВСЕ	619			0	0	0	
УАГЗО	ВСЕ	620			0	0	0	
УАГЗО	ВСЕ	621			0	0	0	
УАГЗО	ВСЕ	622			0	0	0	
УАГЗО	ВСЕ	623			0	0	0	
УАГЗО	ВСЕ	624			0	0	0	
УАГЗО	ВСЕ	625			0	0	0	
УАГЗО	ВСЕ	626			0	0	0	
УАГЗО	ВСЕ	627			0	0	0	
УАГЗО	ВСЕ	628			0	0	0	
УАГЗО	ВСЕ	629			0	0	0	
УАГЗО	ВСЕ	630			0	0	0	
УАГЗО	ВСЕ	631			0	0	0	
УАГЗО	ВСЕ	632			0	0	0	
УАГЗО	ВСЕ	633			0	0	0	
УАГЗО	ВСЕ	634			0	0	0	
УАГЗО	ВСЕ	635			0	0	0	
УАГЗО	ВСЕ	636			0	0	0	
УАГЗО	ВСЕ	637			0	0	0	
УАГЗО	ВСЕ	638			0	0	0	
УАГЗО	ВСЕ	639			0	0	0	
УАГЗО	ВСЕ	640			0	0	0	
УАГЗО	ВСЕ	641			0	0	0	
УАГЗО	ВСЕ	642			0	0	0	
УАГЗО	ВСЕ	643			0	0	0	
УАГЗО	ВСЕ	644			0	0	0	
УАГЗО	ВСЕ	645			0	0	0	
УАГЗО	ВСЕ	646			0	0	0	
УАГЗО	ВСЕ	647			0	0	0	
УАГЗО	ВСЕ	648			0	0	0	
УАГЗО	ВСЕ	649			0	0	0	
УАГЗО	ВСЕ	650			0	0	0	
УАГЗО	ВСЕ	651			0	0	0	
УАГЗО	ВСЕ	652			0	0	0	
УАГЗО	ВСЕ	653			0	0	0	
УАГЗО	ВСЕ	654			0	0	0	
УАГЗО	ВСЕ	655			0	0	0	
УАГЗО	ВСЕ	656			0	0	0	
УАГЗО	ВСЕ	657			0	0	0	
УАГЗО	ВСЕ	658			0	0	0	
УАГЗО	ВСЕ	659			0	0	0	
УАГЗО	ВСЕ	660			0	0	0	
УАГЗО	ВСЕ	661			0	0	0	
УАГЗО	ВСЕ	662			0	0	0	
УАГЗО	ВСЕ	663			0	0	0	
УАГЗО	ВСЕ	664			0	0	0	
УАГЗО	ВСЕ	665			0	0	0	
УАГЗО	ВСЕ	666			0	0	0	
УАГЗО	ВСЕ	667			0	0	0	
УАГЗО	ВСЕ	668			0	0	0	
УАГЗО	ВСЕ	669			0	0	0	
УАГЗО	ВСЕ	670			0	0	0	
УАГЗО	ВСЕ	671			0	0	0	
УАГЗО	ВСЕ	672			0	0	0	
УАГЗО	ВСЕ	673			0	0	0	
УАГЗО	ВСЕ	674			0	0	0	
УАГЗО	ВСЕ	675			0	0	0	
УАГЗО	ВСЕ	676			0	0	0	
УАГЗО	ВСЕ	677			0	0	0	
УАГЗО	ВСЕ	678			0	0	0	
УАГЗО	ВСЕ	679			0	0	0	
УАГЗО	ВСЕ	680			0	0	0	
УАГЗО	ВСЕ	681			0	0	0	
УАГЗО	ВСЕ	682			0	0	0	
УАГЗО	ВСЕ	683			0	0	0	
УАГЗО	ВСЕ	684			0	0	0	
УАГЗО	ВСЕ	685			0	0	0	
УАГЗО	ВСЕ	686			0	0	0	
УАГЗО	ВСЕ	687			0	0	0	
УАГЗО	ВСЕ	688			0	0	0	
УАГЗО	ВСЕ	689			0	0	0	
УАГЗО	ВСЕ	690			0	0	0	
УАГЗО	ВСЕ	691			0	0	0	
УАГЗО	ВСЕ	692			0	0	0	
УАГЗО	ВСЕ	693			0	0	0	
УАГЗО	ВСЕ	694			0	0	0	
УАГЗО	ВСЕ	695			0	0	0	
УАГЗО	ВСЕ	696			0	0	0	
УАГЗО	ВСЕ	697			0	0	0	
УАГЗО	ВСЕ	698			0	0	0	
УАГЗО	ВСЕ	699			0	0	0	
УАГЗО	ВСЕ	700			0	0	0	
УАГЗО	ВСЕ	701			0	0	0	
УАГЗО	ВСЕ	702			0	0	0	
УАГЗО	ВСЕ	703			0	0	0	
УАГЗО	ВСЕ	704			0	0	0	
УАГЗО	ВСЕ	705			0	0	0	
УАГЗО	ВСЕ	706			0	0	0	
УАГЗО	ВСЕ	707			0	0	0	
УАГЗО	ВСЕ	708			0	0	0	
УАГЗО	ВСЕ	709			0	0	0	
УАГЗО	ВСЕ	710			0	0	0	
УАГЗО	ВСЕ	711			0	0	0	
УАГЗО	ВСЕ	712			0	0	0	
УАГЗО	ВСЕ	713			0	0	0	
УАГЗО	ВСЕ	714			0	0	0	
УАГЗО	ВСЕ	715			0	0	0	
УАГЗО	ВСЕ	716			0	0	0	
УАГЗО	ВСЕ	717			0	0	0	
УАГЗО	ВСЕ	718			0	0	0	
УАГЗО	ВСЕ	719			0	0	0	
УАГЗО	ВСЕ	720			0	0	0	
УАГЗО	ВСЕ	721			0	0	0	
УАГЗО	ВСЕ	722			0	0	0	
УАГЗО	ВСЕ	723			0	0	0	
УАГЗО	ВСЕ	724			0	0	0	
УАГЗО	ВСЕ	725			0	0	0	
УАГЗО	ВСЕ	726			0	0	0	
УАГЗО	ВСЕ	727			0	0	0	
УАГЗО	ВСЕ	728			0	0	0	
УАГЗО	ВСЕ	729			0	0	0	
УАГЗО	ВСЕ	730			0	0	0	
УАГЗО	ВСЕ	731			0	0	0	
УАГЗО	ВСЕ	732			0	0	0	
УАГЗО	ВСЕ	733			0	0	0	
УАГЗО	ВСЕ	734			0	0	0	
УАГЗО	ВСЕ	735			0	0	0	
УАГЗО	ВСЕ	736			0	0	0	
УАГЗО	ВСЕ	737			0	0	0	
УАГЗО	ВСЕ	738			0	0	0	
УАГЗО	ВСЕ	739			0	0	0	
УАГЗО	ВСЕ	740			0	0	0	
УАГЗО	ВСЕ	741			0	0	0	
УАГЗО	ВСЕ	742			0	0	0	
УАГЗО	ВСЕ	743			0	0	0	
УАГЗО	ВСЕ	744			0	0	0	
УАГЗО	ВСЕ	745			0	0	0	
УАГЗО	ВСЕ	746			0	0	0	
УАГЗО	ВСЕ	747			0	0	0	
УАГЗО	ВСЕ	748			0	0	0	
УАГЗО	ВСЕ	749			0	0	0	
УАГЗО	ВСЕ	750			0	0	0	
УАГЗО	ВСЕ	751			0	0	0	
УАГЗО	ВСЕ	752			0	0	0	
УАГЗО	ВСЕ	753			0	0	0	
УАГЗО	ВСЕ	754			0	0	0	
УАГЗО	ВСЕ	755			0	0	0	
УАГЗО	ВСЕ	756			0	0	0	
УАГЗО	ВСЕ	757			0	0	0	
УАГЗО	ВСЕ	758			0	0	0	
УАГЗО	ВСЕ	759			0	0	0	
УАГЗО	ВСЕ	760			0	0	0	
УАГЗО	ВСЕ	761			0	0	0	
УАГЗО	ВСЕ	762			0	0	0	
УАГЗО	ВСЕ	763			0	0	0	
УАГЗО	ВСЕ	764			0	0	0	
УАГЗО	ВСЕ	765			0	0	0	
УАГЗО	ВСЕ	766			0	0	0	
УАГЗО	ВСЕ	767			0	0	0	
УАГЗО	ВСЕ	768			0	0	0	
УАГЗО	ВСЕ	769			0	0	0	
УАГЗО	ВСЕ	770			0	0	0	
УАГЗО	ВСЕ	771			0	0	0	
УАГЗО	ВСЕ	772			0	0	0	
УАГЗО	ВСЕ	773			0	0	0	
УАГЗО	ВСЕ	774			0	0	0	
УАГЗО	ВСЕ	775			0	0	0	
УАГЗО	ВСЕ	776			0	0	0	
УАГЗО	ВСЕ	777			0	0	0	
УАГЗО	ВСЕ	778			0	0	0	
УАГЗО	ВСЕ	779			0	0	0	
УАГЗО	ВСЕ	780			0	0	0	
УАГЗО	ВСЕ	781			0	0	0	
УАГЗО	ВСЕ	782			0	0	0	
УАГЗО	ВСЕ	783			0	0	0	
УАГЗО	ВСЕ	784			0	0	0	
УАГЗО	ВСЕ	785			0	0	0	
УАГЗО	ВСЕ	786			0	0	0	
УАГЗО	ВСЕ	787			0	0	0	
УАГЗО	ВСЕ	788			0	0	0	
УАГЗО	ВСЕ	789			0	0	0	
УАГЗО	ВСЕ	790			0	0	0	
УАГЗО	ВСЕ	791			0	0	0	
УАГЗО	ВСЕ	792			0	0	0	
УАГЗО	ВСЕ	793			0	0	0	
УАГЗО	ВСЕ	794			0	0	0	
УАГЗО	ВСЕ	795			0	0	0	
УАГЗО	ВСЕ	796			0	0	0	
УАГЗО	ВСЕ	797			0	0	0	
УАГЗО	ВСЕ	798			0	0	0	
УАГЗО	ВСЕ	799			0	0	0	
УАГЗО	ВСЕ	800			0	0	0	
УАГЗО	ВСЕ	801			0	0	0	
УАГЗО	ВСЕ	802			0	0	0	
УАГЗО	ВСЕ	803			0	0	0	
УАГЗО	ВСЕ	804			0	0	0	
УАГЗО	ВСЕ	805			0	0	0	
УАГЗО	ВСЕ	806			0	0	0	
УАГЗО	ВСЕ	807			0	0	0	
УАГЗО	ВСЕ	808			0	0	0	
УАГЗО	ВСЕ	809			0	0	0	
УАГЗО	ВСЕ	810			0	0	0	
УАГЗО	ВСЕ	811			0	0	0	
УАГЗО	ВСЕ	812			0	0	0	
УАГЗО	ВСЕ	813			0	0	0	
УАГЗО	ВСЕ	814			0	0	0	
УАГЗО	ВСЕ	815			0	0	0	
УАГЗО	ВСЕ	816			0	0	0	
УАГЗО	ВСЕ	817			0	0	0	
УАГЗО	ВСЕ	818			0	0	0	
УАГЗО	ВСЕ	819			0	0	0	
УАГЗО	ВСЕ	820			0	0	0	
УАГЗО	ВСЕ	821			0	0	0	
УАГЗО	ВСЕ	822			0	0	0	
УАГЗО	ВСЕ	823			0	0	0	
УАГЗО	ВСЕ	824			0	0	0	
УАГЗО	ВСЕ	825			0	0	0	
УАГЗО	ВСЕ	826			0	0	0	
УАГЗО	ВСЕ	827			0	0	0	
УАГЗО	ВСЕ	828			0	0	0	
УАГЗО	ВСЕ	829			0	0	0	
УАГЗО	ВСЕ	830			0	0	0	
УАГЗО	ВСЕ	831			0	0	0	
УАГЗО	ВСЕ	832			0	0	0	
УАГЗО	ВСЕ	833			0	0	0	
УАГЗО	ВСЕ	834			0	0	0	
УАГЗО	ВСЕ	835			0	0	0	
УАГЗО	ВСЕ	836			0	0	0	
УАГЗО	ВСЕ	837			0	0	0	
УАГЗО	ВСЕ	838			0	0	0	
УАГЗО	ВСЕ	839			0	0	0	
УАГЗО	ВСЕ	840			0	0	0	
УАГЗО	ВСЕ	841			0	0	0	
УАГЗО	ВСЕ	842			0	0	0	
УАГЗО	ВСЕ	843			0	0	0	
УАГЗО	ВСЕ	844			0	0	0	
УАГЗО	ВСЕ	845			0	0	0	
УАГЗО	ВСЕ	846			0	0	0	
УАГЗО	ВСЕ	847			0	0	0	
УАГЗО	ВСЕ	848			0	0	0	
УАГЗО	ВСЕ	849			0	0	0	
УАГЗО	ВСЕ	850			0	0	0	
УАГЗО	ВСЕ	851			0	0	0	
УАГЗО	ВСЕ	852			0	0	0	
УАГЗО	ВСЕ	853			0	0	0	
УАГЗО	ВСЕ	854			0	0	0	
УАГЗО	ВСЕ	855			0	0	0	
УАГЗО	ВСЕ	856			0	0	0	
УАГЗО	ВСЕ	857			0	0	0	
УАГЗО	ВСЕ	858			0	0	0	
УАГЗО	ВСЕ	859			0	0	0	
УАГЗО	ВСЕ	860			0	0	0	
УАГЗО	ВСЕ	861			0	0	0	
УАГЗО	ВСЕ	862			0	0	0	
УАГЗО	ВСЕ	863			0	0	0	
УАГЗО	ВСЕ	864			0	0	0	
УАГЗО	ВСЕ	865			0	0	0	
УАГЗО	ВСЕ	866			0	0	0	
УАГЗО	ВСЕ	867			0	0	0	
УАГЗО	ВСЕ	868			0	0	0	
УАГЗО	ВСЕ	869			0	0	0	
УАГЗО	ВСЕ	870			0	0	0	
УАГЗО	ВСЕ	871			0	0	0	
УАГЗО	ВСЕ	872			0	0	0	
УАГЗО	ВСЕ	873			0	0	0	
УАГЗО	ВСЕ	874			0	0	0	
УАГЗО	ВСЕ	875			0	0	0	
УАГЗО	ВСЕ	876			0	0	0	
УАГЗО	ВСЕ	877			0	0	0	
УАГЗО	ВСЕ	878			0	0	0	
УАГЗО	ВСЕ	879			0	0	0	
УАГЗО	ВСЕ	880			0	0	0	
УАГЗО	ВСЕ	881			0	0	0	
УАГЗО	ВСЕ	882			0	0	0	
УАГЗО	ВСЕ	883			0	0	0	
УАГЗО	ВСЕ	884			0	0	0	
УАГЗО	ВСЕ	885			0	0	0	
УАГЗО	ВСЕ	886			0	0	0	
УАГЗО	ВСЕ	887			0	0	0	
УАГЗО	ВСЕ	888			0	0	0	
УАГЗО	ВСЕ	889			0	0	0	
УАГЗО	ВСЕ	890			0	0	0	
УАГЗО	ВСЕ	891			0	0	0	
УАГЗО	ВСЕ	892			0	0	0	
УАГЗО	ВСЕ	893			0	0	0	
УАГЗО	ВСЕ	894			0	0	0	
УАГЗО	ВСЕ	895			0	0	0	
УАГЗО	ВСЕ	896			0	0	0	
УАГЗО	ВСЕ	897			0	0	0	
УАГЗО	ВСЕ	898			0	0	0	
УАГЗО	ВСЕ	899			0	0	0	
УАГЗО	ВСЕ	900			0	0	0	
УАГЗО	ВСЕ	901			0	0	0	
УАГЗО	ВСЕ	902			0	0	0	
УАГЗО	ВСЕ	903			0	0	0	
УАГЗО	ВСЕ	904			0	0	0	
УАГЗО	ВСЕ	905			0	0	0	
УАГЗО	ВСЕ	906			0	0	0	
УАГЗО	ВСЕ	907			0	0	0	
УАГЗО	ВСЕ	908			0	0	0	
УАГЗО	ВСЕ	909			0	0	0	
УАГЗО	ВСЕ	910			0	0	0	
УАГЗО	ВСЕ	911			0	0	0	
УАГЗО	ВСЕ	912			0	0	0	
УАГЗО	ВСЕ	913			0	0	0	
УАГЗО	ВСЕ	914			0	0	0	
УАГЗО	ВСЕ	915			0	0	0	
УАГЗО	ВСЕ	916			0	0	0	
УАГЗО	ВСЕ	917			0	0	0	
УАГЗО	ВСЕ	918			0	0	0	
УАГЗО	ВСЕ	919			0	0	0	
УАГЗО	ВСЕ	920			0	0	0	
УАГЗО	ВСЕ	921			0	0	0	
УАГЗО	ВСЕ	922			0	0	0	
УАГЗО	ВСЕ	923			0	0	0	
УАГЗО	ВСЕ	924			0	0	0	
УАГЗО	ВСЕ	925			0	0	0	
УАГЗО	ВСЕ	926			0	0	0	
УАГЗО	ВСЕ	927			0	0	0	
УАГЗО	ВСЕ	928			0	0	0	
УАГЗО	ВСЕ	929			0	0	0	
УАГЗО	ВСЕ	930			0	0	0	
УАГЗО	ВСЕ	931			0	0	0	
УАГЗО	ВСЕ	932			0	0	0	
УАГЗО	ВСЕ	933			0	0	0	
УАГЗО	ВСЕ	934			0	0	0	
УАГЗО	ВСЕ	935			0	0	0	
УАГЗО	ВСЕ	936			0	0	0	
УАГЗО	ВСЕ	937			0	0	0	
УАГЗО	ВСЕ	938			0	0	0	
УАГЗО	ВСЕ	939			0	0	0	
УАГЗО	ВСЕ	940			0	0	0	
УАГЗО	ВСЕ	941			0	0	0	
УАГЗО	ВСЕ	942			0	0	0	
УАГЗО	ВСЕ	943			0	0	0	
УАГЗО	ВСЕ	944			0	0	0	
УАГЗО	ВСЕ	945			0	0	0	
УАГЗО	ВСЕ	946			0	0	0	
УАГЗО	ВСЕ	947			0	0	0	
УАГЗО	ВСЕ	948			0	0	0	
УАГЗО	ВСЕ	949			0	0	0	
УАГЗО	ВСЕ	950			0	0	0	
УАГЗО	ВСЕ	951			0	0	0	
УАГЗО	ВСЕ	952			0	0	0	
УАГЗО	ВСЕ	953			0	0	0	
УАГЗО	ВСЕ	954			0	0	0	
УАГЗО	ВСЕ	955			0	0	0	
УАГЗО	ВСЕ	956			0	0	0	
УАГЗО	ВСЕ	957			0	0	0	
УАГЗО	ВСЕ	958			0	0	0	
УАГЗО	ВСЕ	959			0	0	0	
УАГЗО	ВСЕ	960			0	0	0	
УАГЗО	ВСЕ	961			0	0	0	
УАГЗО	ВСЕ	962			0	0	0	
УАГЗО	ВСЕ	963			0	0	0	
УАГЗО	ВСЕ	964			0	0	0	
УАГЗО	ВСЕ	965			0	0	0	
УАГЗО	ВСЕ	966			0	0	0	
УАГЗО	ВСЕ	967			0	0	0	
УАГЗО	ВСЕ	968			0	0	0	
УАГЗО	ВСЕ	969			0	0	0	
УАГЗО	ВСЕ	970			0	0	0	
УАГЗО	ВСЕ	971			0	0	0	
УАГЗО	ВСЕ	972			0	0	0	
УАГЗО	ВСЕ	973			0	0	0	
УАГЗО	ВСЕ	974			0	0	0	
УАГЗО	ВСЕ	975			0	0	0	
УАГЗО	ВСЕ	976			0	0	0	
УАГЗО	ВСЕ	977			0	0	0	
УАГЗО	ВСЕ	978			0	0	0	
УАГЗО	ВСЕ	979			0	0	0	
УАГЗО	ВСЕ	980			0	0	0	
УАГЗО	ВСЕ	981			0	0	0	
УАГЗО	ВСЕ	982			0	0	0	
УАГЗО	ВСЕ	983			0	0	0	
УАГЗО	ВСЕ	984			0	0	0	
УАГЗО	ВСЕ	985			0	0	0	
УАГЗО	ВСЕ	986			0	0	0	
УАГЗО	ВСЕ	987			0	0	0	
УАГЗО	ВСЕ	988			0	0	0	
УАГЗО	ВСЕ	989			0	0	0	
УАГЗО	ВСЕ	990			0	0	0	
УАГЗО	ВСЕ	991			0	0	0	
УАГЗО	ВСЕ	992			0	0	0	
УАГЗО	ВСЕ	993			0	0	0	
УАГЗО	ВСЕ	994			0	0	0	
УАГЗО	ВСЕ	995			0	0	0	
УАГЗО	ВСЕ	996			0	0	0	
УАГЗО	ВСЕ	997			0	0	0	
УФБП	УФБП	4	1	Оказание услуг по предоставлению кредита в форме возобновляемой кредитной линии  с лимитом	24500.2162	0	4	comment:missing_procedure_ref,rule:row_numbering,rule:text_hygiene,signal:planYearMissing
УФБП	УФБП	5	2	Приобретение простой (неисключительной) лицензии на право использования операционной систе	574.72	545.984	3	signal:economyFlag,signal:hasFact,signal:signed
УФБП	УФБП	6	3	Приобретение лицензии на 1 год с правом бессрочного использования Р7-Офис. Профессиональны	474.3	462.4425	3	signal:economyFlag,signal:hasFact,signal:signed
УФБП	УФБП	7	4	Поставка накопителей твердотельных встраиваемых (SSD)	461.67	459	5	signal:economyFlag,signal:factDateBeforePlan,signal:hasFact,signal:lowCompetition,signal:signed
УФБП	УФБП	8	6	Поставка бумаги офисной	121.33055	0	1	comment:missing_procedure_ref
УФБП	УФБП	9	9	Поставка копировального аппарата	119.8	119.8	3	epgrade:verified-benefit,signal:hasFact,signal:signed
УФБП	УФБП	10	10	Оказание услуги по прохождению диспансеризации сотрудниками	189.658	189.658	4	epgrade:unfounded,signal:hasFact,signal:signed,signal:unmappedReasonEP
УФБП	УФБП	11	11	Услуги по вывозу и утилизации документов с истекшим сроком хранения	54.45746	0	1	comment:missing_procedure_ref
УФБП	УФБП	12	13	Оказание платных образовательных услуг (противодействие коррупции)	20	20	4	comment:foreign_text_in_ag,epgrade:verified-benefit,signal:hasFact,signal:signed
УФБП	УФБП	13	15	Приобретение компьютерных комплектующих, запасных частей и расходных материалов	120.83651	3.396	5	epgrade:discretionary,signal:epFactDeviation,signal:factWithoutDate,signal:hasFact,yearlong:stage
УФБП	УФБП	14	14	Приобретение образовательных услуг по профессиональной переподготовке и повышению квалифик	94.5	94.5	4	epgrade:unfounded,signal:hasFact,signal:signed,signal:unmappedReasonEP
УФБП	УФБП	15	49	Прочие товары (работы, услуги)	67.188055	0	1	epgrade:discretionary
УФБП	УФБП	16	17	Услуги по утилизации нефинасновых активов	25	3.15	5	comment:foreign_text_in_ag,epgrade:verified-benefit,signal:epFactDeviation,signal:hasFact,signal:signed
УФБП	УФБП	17	18	Услуга по утилизации ИБП и аккумуляторов 	1.44802	1.44802	5	epgrade:lawful-exclusive,hygiene:G:edge_space,hygiene:G:invisible_char,signal:hasFact,signal:signed
УФБП	УФБП	18	19	Переплетный станок для брошюровки документов постоянного срока хранения	24	24	3	epgrade:discretionary,signal:hasFact,signal:signed
УФБП	УФБП	19	16	Поставка канцтоваров и принадлежностей	57.85486	0	1	epgrade:discretionary
УФБП	УФБП	20	22	Приобретение мониторов	22.899	22.899	3	epgrade:discretionary,signal:hasFact,signal:signed
УФБП	УФБП	21	64	Поставка товаров для обеспечения режима безопасности (устройства и материалы для опечатыва	71.0405	22.93189	4	epgrade:lawful-exclusive,signal:epFactDeviation,signal:hasFact,signal:signed
УФБП	УФБП	22	28	Оказание услуги по техническому обслуживанию и ремонту МФУ и принтеров	57.05000000000001	0	1	epgrade:discretionary
УФБП	УФБП	23	30	Оказание услуги по предоставлению доступа к базе данных "Госзакупки" (элеткронный журнал)	40.5935	0	2	epgrade:unfounded,signal:unmappedReasonEP
УФБП	УФБП	24	27	Приобретение рутокенов и флэш-носителей	46	46	3	epgrade:discretionary,signal:hasFact,signal:signed
УФБП	УФБП	25	20	Приобретение источников бесперебойного питания UPS	32.5	4.199	5	epgrade:discretionary,signal:epFactDeviation,signal:factWithoutDate,signal:hasFact,yearlong:stage
УФБП	УФБП	26	26	Приобретение запасных частей к компьютерной технике	20	3.099	5	epgrade:discretionary,signal:epFactDeviation,signal:factWithoutDate,signal:hasFact,yearlong:stage
УФБП	УФБП	27	31	Услуги почтовой связи (конверты)	17.30509	0	1	epgrade:lawful-exclusive
УФБП	УФБП	28	37	Услуги по водоотведению сточных вод; Услуги по транспортированию и распределению воды по в	3.3334	3.3334	3	epgrade:lawful-exclusive,signal:hasFact,signal:signed
УФБП	УФБП	29	38	Приобретение светильника	1.1	1.1	3	epgrade:discretionary,signal:hasFact,signal:signed
УФБП	УФБП	30	39	Оказание услуг почтовой связи	3	3	3	epgrade:lawful-exclusive,signal:hasFact,signal:signed
УФБП	УФБП	31	40	Теплоснабжение	148.05151	148.05151	3	epgrade:lawful-exclusive,signal:hasFact,signal:signed
УФБП	УФБП	32	41	Энергоснабжение	38.63733	38.63733	3	epgrade:lawful-exclusive,signal:hasFact,signal:signed
УФБП	УФБП	33	42	ТКО	8.98932	8.98932	3	epgrade:lawful-exclusive,signal:hasFact,signal:signed
УФБП	УФБП	34	43	Оказание услуг управляющей компании	15.3828	15.3828	3	epgrade:lawful-exclusive,signal:hasFact,signal:signed
УФБП	УФБП	35	44	Оказание услуг связи	204.40372	204.40372	3	epgrade:lawful-exclusive,signal:hasFact,signal:signed
УФБП	УФБП	36	45	Оказание услуг связи (межгород)	15	15	3	epgrade:lawful-exclusive,signal:hasFact,signal:signed
УФБП	УФБП	37	46	Поставка цветов	53.332	53.332	3	epgrade:lawful-exclusive,signal:hasFact,signal:signed
УФБП	УФБП	38	47	Заправка картриджей	40	40	3	epgrade:lawful-exclusive,signal:hasFact,signal:signed
УФБП	УФБП	39	48	Услуги по информационному абонентскому обслуживанию  1С бухгалтерия и 1С зарплата	43.8	43.8	3	epgrade:lawful-exclusive,signal:hasFact,signal:signed
УФБП	УФБП	40	23	Телефоный аппарат	8	0	1	epgrade:discretionary
УФБП	УФБП	41	50	Услуги по информационному абонентскому обслуживанию  1С бухгалтерия и 1С зарплата	249	249	3	epgrade:lawful-exclusive,signal:hasFact,signal:signed
УФБП	УФБП	42	51	Поставка комплектующих изделий (накопителей SSD и HDD) для вычислительной техники (серверн	145.8416	126.87266	4	signal:economyFlag,signal:factDateBeforePlan,signal:hasFact,signal:signed
УФБП	УФБП	43	52	Оказание услуги по проведению специально оценки условий труда	9.5	9.5	3	epgrade:discretionary,signal:hasFact,signal:signed
УФБП	УФБП	44	53	Лицензия на право использования СКЗИ "КриптоПро CSP" версии 5.0 на одном рабочем месте (ср	95.02289	85.1	4	epgrade:lawful-exclusive,signal:epFactDeviation,signal:hasFact,signal:signed
УФБП	УФБП	45	54	Дистрибутив СКЗИ "КриптоПро CSP" версии 5.0 R3 (Исполнения - Base) на DVD. Формуляры	6.49945	2.0374	4	epgrade:lawful-exclusive,signal:epFactDeviation,signal:hasFact,signal:signed
УФБП	УФБП	46	29	Техническое обслуживание и ремонт систем бесперебойного питания	6	6	3	epgrade:discretionary,signal:hasFact,signal:signed
УФБП	УФБП	47	62	Услуги почтовой связи (отправка корреспонденции)	3	3	4	epgrade:unfounded,signal:hasFact,signal:signed,signal:unmappedReasonEP
УФБП	УФБП	48	63	Поставка сканера	48.9	48.9	3	epgrade:lawful-exclusive,signal:hasFact,signal:signed
УФБП	УФБП	49	24	Приобретение калькуляторов	4.5	0	1	epgrade:discretionary
УФБП	УФБП	50			0	0	0	
УФБП	УФБП	51			0	0	0	
УФБП	УФБП	52			0	0	0	
УФБП	УФБП	53			0	0	0	
УФБП	УФБП	54			0	0	0	
УФБП	УФБП	55			0	0	0	
УФБП	УФБП	56			0	0	0	
УФБП	УФБП	57			0	0	0	
УФБП	УФБП	58			0	0	0	
УФБП	УФБП	59			0	0	0	
УФБП	УФБП	60			0	0	0	
УФБП	УФБП	61			0	0	0	
УФБП	УФБП	62			0	0	0	
УФБП	УФБП	63			0	0	0	
УФБП	УФБП	64			0	0	0	
УФБП	УФБП	65			0	0	0	
УФБП	УФБП	66			0	0	0	
УФБП	УФБП	67			0	0	0	
УФБП	УФБП	68			0	0	0	
УФБП	УФБП	69			0	0	0	
УФБП	УФБП	70			0	0	0	
УФБП	УФБП	71			0	0	0	
УФБП	УФБП	72			0	0	0	
УФБП	УФБП	73			0	0	0	
УФБП	УФБП	74			0	0	0	
УФБП	УФБП	75			0	0	0	
УФБП	УФБП	76			0	0	0	
УФБП	УФБП	77			0	0	0	
УФБП	УФБП	78			0	0	0	
УФБП	УФБП	79			0	0	0	
УФБП	УФБП	80			0	0	0	
УФБП	УФБП	81			0	0	0	
УФБП	УФБП	82			0	0	0	
УФБП	УФБП	83			0	0	0	
УФБП	УФБП	84			0	0	0	
УФБП	УФБП	85			0	0	0	
УФБП	УФБП	86			0	0	0	
УФБП	УФБП	87			0	0	0	
УФБП	УФБП	88			0	0	0	
УФБП	УФБП	89			0	0	0	
УФБП	УФБП	90			0	0	0	
УФБП	УФБП	91			0	0	0	
УФБП	УФБП	92			0	0	0	
УФБП	УФБП	93			0	0	0	
УФБП	УФБП	94			0	0	0	
УФБП	УФБП	95			0	0	0	
УФБП	УФБП	96			0	0	0	
УФБП	УФБП	97			0	0	0	
УФБП	УФБП	98			0	0	0	
УФБП	УФБП	99			0	0	0	
УФБП	УФБП	100			0	0	0	
УФБП	УФБП	101			0	0	0	
УФБП	УФБП	102			0	0	0	
УФБП	УФБП	103			0	0	0	
УФБП	УФБП	104			0	0	0	
УФБП	УФБП	105			0	0	0	
УФБП	УФБП	106			0	0	0	
УФБП	УФБП	107			0	0	0	
УФБП	УФБП	108			0	0	0	
УФБП	УФБП	109			0	0	0	
УФБП	УФБП	110			0	0	0	
УФБП	УФБП	111			0	0	0	
УФБП	УФБП	112			0	0	0	
УФБП	УФБП	113			0	0	0	
УФБП	УФБП	114			0	0	0	
УФБП	УФБП	115			0	0	0	
УФБП	УФБП	116			0	0	0	
УФБП	УФБП	117			0	0	0	
УФБП	УФБП	118			0	0	0	
УФБП	УФБП	119			0	0	0	
УФБП	УФБП	120			0	0	0	
УФБП	УФБП	121			0	0	0	
УФБП	УФБП	122			0	0	0	
УФБП	УФБП	123			0	0	0	
УФБП	УФБП	124			0	0	0	
УФБП	УФБП	125			0	0	0	
УФБП	УФБП	126			0	0	0	
УФБП	УФБП	127			0	0	0	
УФБП	УФБП	128			0	0	0	
УФБП	УФБП	129			0	0	0	
УФБП	УФБП	130			0	0	0	
УФБП	УФБП	131			0	0	0	
УФБП	УФБП	132			0	0	0	
УФБП	УФБП	133			0	0	0	
УФБП	УФБП	134			0	0	0	
УФБП	УФБП	135			0	0	0	
УФБП	УФБП	136			0	0	0	
УФБП	УФБП	137			0	0	0	
УФБП	УФБП	138			0	0	0	
УФБП	УФБП	139			0	0	0	
УФБП	УФБП	140			0	0	0	
УФБП	УФБП	141			0	0	0	
УФБП	УФБП	142			0	0	0	
УФБП	УФБП	143			0	0	0	
УФБП	УФБП	144			0	0	0	
УФБП	УФБП	145			0	0	0	
УФБП	УФБП	146			0	0	0	
УФБП	УФБП	147			0	0	0	
УФБП	УФБП	148			0	0	0	
УФБП	УФБП	149			0	0	0	
УФБП	УФБП	150			0	0	0	
УФБП	УФБП	151			0	0	0	
УФБП	УФБП	152			0	0	0	
УФБП	УФБП	153			0	0	0	
УФБП	УФБП	154			0	0	0	
УФБП	УФБП	155			0	0	0	
УФБП	УФБП	156			0	0	0	
УФБП	УФБП	157			0	0	0	
УФБП	УФБП	158			0	0	0	
УФБП	УФБП	159			0	0	0	
УФБП	УФБП	160			0	0	0	
УФБП	УФБП	161			0	0	0	
УФБП	УФБП	162			0	0	0	
УФБП	УФБП	163			0	0	0	
УФБП	УФБП	164			0	0	0	
УФБП	УФБП	165			0	0	0	
УФБП	УФБП	166			0	0	0	
УФБП	УФБП	167			0	0	0	
УФБП	УФБП	168			0	0	0	
УФБП	УФБП	169			0	0	0	
УФБП	УФБП	170			0	0	0	
УФБП	УФБП	171			0	0	0	
УФБП	УФБП	172			0	0	0	
УФБП	УФБП	173			0	0	0	
УФБП	УФБП	174			0	0	0	
УФБП	УФБП	175			0	0	0	
УФБП	УФБП	176			0	0	0	
УФБП	УФБП	177			0	0	0	
УФБП	УФБП	178			0	0	0	
УФБП	УФБП	179			0	0	0	
УФБП	УФБП	180			0	0	0	
УФБП	УФБП	181			0	0	0	
УФБП	УФБП	182			0	0	0	
УФБП	УФБП	183			0	0	0	
УФБП	УФБП	184			0	0	0	
УФБП	УФБП	185			0	0	0	
УФБП	УФБП	186			0	0	0	
УФБП	УФБП	187			0	0	0	
УФБП	УФБП	188			0	0	0	
УФБП	УФБП	189			0	0	0	
УФБП	УФБП	190			0	0	0	
УФБП	УФБП	191			0	0	0	
УФБП	УФБП	192			0	0	0	
УФБП	УФБП	193			0	0	0	
УФБП	УФБП	194			0	0	0	
УФБП	УФБП	195			0	0	0	
УФБП	УФБП	196			0	0	0	
УФБП	УФБП	197			0	0	0	
УФБП	УФБП	198			0	0	0	
УФБП	УФБП	199			0	0	0	
УФБП	УФБП	200			0	0	0	
УФБП	УФБП	201			0	0	0	
УФБП	УФБП	202			0	0	0	
УФБП	УФБП	203			0	0	0	
УФБП	УФБП	204			0	0	0	
УФБП	УФБП	205			0	0	0	
УФБП	УФБП	206			0	0	0	
УФБП	УФБП	207			0	0	0	
УФБП	УФБП	208			0	0	0	
УФБП	УФБП	209			0	0	0	
УФБП	УФБП	210			0	0	0	
УФБП	УФБП	211			0	0	0	
УФБП	УФБП	212			0	0	0	
УФБП	УФБП	213			0	0	0	
УФБП	УФБП	214			0	0	0	
УФБП	УФБП	215			0	0	0	
УФБП	УФБП	216			0	0	0	
УФБП	УФБП	217			0	0	0	
УФБП	УФБП	218			0	0	0	
УФБП	УФБП	219			0	0	0	
УФБП	УФБП	220			0	0	0	
УФБП	УФБП	221			0	0	0	
УФБП	УФБП	222			0	0	0	
УФБП	УФБП	223			0	0	0	
УФБП	УФБП	224			0	0	0	
УФБП	УФБП	225			0	0	0	
УФБП	УФБП	226			0	0	0	
УФБП	УФБП	227			0	0	0	
УФБП	УФБП	228			0	0	0	
УФБП	УФБП	229			0	0	0	
УФБП	УФБП	230			0	0	0	
УФБП	УФБП	231			0	0	0	
УФБП	УФБП	232			0	0	0	
УФБП	УФБП	233			0	0	0	
УФБП	УФБП	234			0	0	0	
УФБП	УФБП	235			0	0	0	
УФБП	УФБП	236			0	0	0	
УФБП	УФБП	237			0	0	0	
УФБП	УФБП	238			0	0	0	
УФБП	УФБП	239			0	0	0	
УФБП	УФБП	240			0	0	0	
УФБП	УФБП	241			0	0	0	
УФБП	УФБП	242			0	0	0	
УФБП	УФБП	243			0	0	0	
УФБП	УФБП	244			0	0	0	
УФБП	УФБП	245			0	0	0	
УФБП	УФБП	246			0	0	0	
УФБП	УФБП	247			0	0	0	
УФБП	УФБП	248			0	0	0	
УФБП	УФБП	249			0	0	0	
УФБП	УФБП	250			0	0	0	
УФБП	УФБП	251			0	0	0	
УФБП	УФБП	252			0	0	0	
УФБП	УФБП	253			0	0	0	
УФБП	УФБП	254			0	0	0	
УФБП	УФБП	255			0	0	0	
УФБП	УФБП	256			0	0	0	
УФБП	УФБП	257			0	0	0	
УФБП	УФБП	258			0	0	0	
УФБП	УФБП	259			0	0	0	
УФБП	УФБП	260			0	0	0	
УФБП	УФБП	261			0	0	0	
УФБП	УФБП	262			0	0	0	
УФБП	УФБП	263			0	0	0	
УФБП	УФБП	264			0	0	0	
УФБП	УФБП	265			0	0	0	
УФБП	УФБП	266			0	0	0	
УФБП	УФБП	267			0	0	0	
УФБП	УФБП	268			0	0	0	
УФБП	УФБП	269			0	0	0	
УФБП	УФБП	270			0	0	0	
УФБП	УФБП	271			0	0	0	
УФБП	УФБП	272			0	0	0	
УФБП	УФБП	273			0	0	0	
УФБП	УФБП	274			0	0	0	
УФБП	УФБП	275			0	0	0	
УФБП	УФБП	276			0	0	0	
УФБП	УФБП	277			0	0	0	
УФБП	УФБП	278			0	0	0	
УФБП	УФБП	279			0	0	0	
УФБП	УФБП	280			0	0	0	
УФБП	УФБП	281			0	0	0	
УФБП	УФБП	282			0	0	0	
УФБП	УФБП	283			0	0	0	
УФБП	УФБП	284			0	0	0	
УФБП	УФБП	285			0	0	0	
УФБП	УФБП	286			0	0	0	
УФБП	УФБП	287			0	0	0	
УФБП	УФБП	288			0	0	0	
УФБП	УФБП	289			0	0	0	
УФБП	УФБП	290			0	0	0	
УФБП	УФБП	291			0	0	0	
УФБП	УФБП	292			0	0	0	
УФБП	УФБП	293			0	0	0	
УФБП	УФБП	294			0	0	0	
УФБП	УФБП	295			0	0	0	
УФБП	УФБП	296			0	0	0	
УФБП	УФБП	297			0	0	0	
УФБП	УФБП	298			0	0	0	
УФБП	УФБП	299			0	0	0	
УФБП	УФБП	300			0	0	0	
УФБП	УФБП	301			0	0	0	
УФБП	УФБП	302			0	0	0	
УФБП	УФБП	303			0	0	0	
УФБП	УФБП	304			0	0	0	
УФБП	УФБП	305			0	0	0	
УФБП	УФБП	306			0	0	0	
УФБП	УФБП	307			0	0	0	
УФБП	УФБП	308			0	0	0	
УФБП	УФБП	309			0	0	0	
УФБП	УФБП	310			0	0	0	
УФБП	УФБП	311			0	0	0	
УФБП	УФБП	312			0	0	0	
УФБП	УФБП	313			0	0	0	
УФБП	УФБП	314			0	0	0	
УФБП	УФБП	315			0	0	0	
УФБП	УФБП	316			0	0	0	
УФБП	УФБП	317			0	0	0	
УФБП	УФБП	318			0	0	0	
УФБП	УФБП	319			0	0	0	
УФБП	УФБП	320			0	0	0	
УФБП	УФБП	321			0	0	0	
УФБП	УФБП	322			0	0	0	
УФБП	УФБП	323			0	0	0	
УФБП	УФБП	324			0	0	0	
УФБП	УФБП	325			0	0	0	
УФБП	УФБП	326			0	0	0	
УФБП	УФБП	327			0	0	0	
УФБП	УФБП	328			0	0	0	
УФБП	УФБП	329			0	0	0	
УФБП	УФБП	330			0	0	0	
УФБП	УФБП	331			0	0	0	
УФБП	УФБП	332			0	0	0	
УФБП	УФБП	333			0	0	0	
УФБП	УФБП	334			0	0	0	
УФБП	УФБП	335			0	0	0	
УФБП	УФБП	336			0	0	0	
УФБП	УФБП	337			0	0	0	
УФБП	УФБП	338			0	0	0	
УФБП	УФБП	339			0	0	0	
УФБП	УФБП	340			0	0	0	
УФБП	УФБП	341			0	0	0	
УФБП	УФБП	342			0	0	0	
УФБП	УФБП	343			0	0	0	
УФБП	УФБП	344			0	0	0	
УФБП	УФБП	345			0	0	0	
УФБП	УФБП	346			0	0	0	
УФБП	УФБП	347			0	0	0	
УФБП	УФБП	348			0	0	0	
УФБП	УФБП	349			0	0	0	
УФБП	УФБП	350			0	0	0	
УФБП	УФБП	351			0	0	0	
УФБП	УФБП	352			0	0	0	
УФБП	УФБП	353			0	0	0	
УФБП	УФБП	354			0	0	0	
УФБП	УФБП	355			0	0	0	
УФБП	УФБП	356			0	0	0	
УФБП	УФБП	357			0	0	0	
УФБП	УФБП	358			0	0	0	
УФБП	УФБП	359			0	0	0	
УФБП	УФБП	360			0	0	0	
УФБП	УФБП	361			0	0	0	
УФБП	УФБП	362			0	0	0	
УФБП	УФБП	363			0	0	0	
УФБП	УФБП	364			0	0	0	
УФБП	УФБП	365			0	0	0	
УФБП	УФБП	366			0	0	0	
УФБП	УФБП	367			0	0	0	
УФБП	УФБП	368			0	0	0	
УФБП	УФБП	369			0	0	0	
УФБП	УФБП	370			0	0	0	
УФБП	УФБП	371			0	0	0	
УФБП	УФБП	372			0	0	0	
УФБП	УФБП	373			0	0	0	
УФБП	УФБП	374			0	0	0	
УФБП	УФБП	375			0	0	0	
УФБП	УФБП	376			0	0	0	
УФБП	УФБП	377			0	0	0	
УФБП	УФБП	378			0	0	0	
УФБП	УФБП	379			0	0	0	
УФБП	УФБП	380			0	0	0	
УФБП	УФБП	381			0	0	0	
УФБП	УФБП	382			0	0	0	
УФБП	УФБП	383			0	0	0	
УФБП	УФБП	384			0	0	0	
УФБП	УФБП	385			0	0	0	
УФБП	УФБП	386			0	0	0	
УФБП	УФБП	387			0	0	0	
УФБП	УФБП	388			0	0	0	
УФБП	УФБП	389			0	0	0	
УФБП	УФБП	390			0	0	0	
УФБП	УФБП	391			0	0	0	
УФБП	УФБП	392			0	0	0	
УФБП	УФБП	393			0	0	0	
УФБП	УФБП	394			0	0	0	
УФБП	УФБП	395			0	0	0	
УФБП	УФБП	396			0	0	0	
УФБП	УФБП	397			0	0	0	
УФБП	УФБП	398			0	0	0	
УФБП	УФБП	399			0	0	0	
УФБП	УФБП	400			0	0	0	
УФБП	УФБП	401			0	0	0	
УФБП	УФБП	402			0	0	0	
УФБП	УФБП	403			0	0	0	
УФБП	УФБП	404			0	0	0	
УФБП	УФБП	405			0	0	0	
УФБП	УФБП	406			0	0	0	
УФБП	УФБП	407			0	0	0	
УФБП	УФБП	408			0	0	0	
УФБП	УФБП	409			0	0	0	
УФБП	УФБП	410			0	0	0	
УФБП	УФБП	411			0	0	0	
УФБП	УФБП	412			0	0	0	
УФБП	УФБП	413			0	0	0	
УФБП	УФБП	414			0	0	0	
УФБП	УФБП	415			0	0	0	
УФБП	УФБП	416			0	0	0	
УФБП	УФБП	417			0	0	0	
УФБП	УФБП	418			0	0	0	
УФБП	УФБП	419			0	0	0	
УФБП	УФБП	420			0	0	0	
УФБП	УФБП	421			0	0	0	
УФБП	УФБП	422			0	0	0	
УФБП	УФБП	423			0	0	0	
УФБП	УФБП	424			0	0	0	
УФБП	УФБП	425			0	0	0	
УФБП	УФБП	426			0	0	0	
УФБП	УФБП	427			0	0	0	
УФБП	УФБП	428			0	0	0	
УФБП	УФБП	429			0	0	0	
УФБП	УФБП	430			0	0	0	
УФБП	УФБП	431			0	0	0	
УФБП	УФБП	432			0	0	0	
УФБП	УФБП	433			0	0	0	
УФБП	УФБП	434			0	0	0	
УФБП	УФБП	435			0	0	0	
УФБП	УФБП	436			0	0	0	
УФБП	УФБП	437			0	0	0	
УФБП	УФБП	438			0	0	0	
УФБП	УФБП	439			0	0	0	
УФБП	УФБП	440			0	0	0	
УФБП	УФБП	441			0	0	0	
УФБП	УФБП	442			0	0	0	
УФБП	УФБП	443			0	0	0	
УФБП	УФБП	444			0	0	0	
УФБП	УФБП	445			0	0	0	
УФБП	УФБП	446			0	0	0	
УФБП	УФБП	447			0	0	0	
УФБП	УФБП	448			0	0	0	
УФБП	УФБП	449			0	0	0	
УФБП	УФБП	450			0	0	0	
УФБП	УФБП	451			0	0	0	
УФБП	УФБП	452			0	0	0	
УФБП	УФБП	453			0	0	0	
УФБП	УФБП	454			0	0	0	
УФБП	УФБП	455			0	0	0	
УФБП	УФБП	456			0	0	0	
УФБП	УФБП	457			0	0	0	
УФБП	УФБП	458			0	0	0	
УФБП	УФБП	459			0	0	0	
УФБП	УФБП	460			0	0	0	
УФБП	УФБП	461			0	0	0	
УФБП	УФБП	462			0	0	0	
УФБП	УФБП	463			0	0	0	
УФБП	УФБП	464			0	0	0	
УФБП	УФБП	465			0	0	0	
УФБП	УФБП	466			0	0	0	
УФБП	УФБП	467			0	0	0	
УФБП	УФБП	468			0	0	0	
УФБП	УФБП	469			0	0	0	
УФБП	УФБП	470			0	0	0	
УФБП	УФБП	471			0	0	0	
УФБП	УФБП	472			0	0	0	
УФБП	УФБП	473			0	0	0	
УФБП	УФБП	474			0	0	0	
УФБП	УФБП	475			0	0	0	
УФБП	УФБП	476			0	0	0	
УФБП	УФБП	477			0	0	0	
УФБП	УФБП	478			0	0	0	
УФБП	УФБП	479			0	0	0	
УФБП	УФБП	480			0	0	0	
УФБП	УФБП	481			0	0	0	
УФБП	УФБП	482			0	0	0	
УФБП	УФБП	483			0	0	0	
УФБП	УФБП	484			0	0	0	
УФБП	УФБП	485			0	0	0	
УФБП	УФБП	486			0	0	0	
УФБП	УФБП	487			0	0	0	
УФБП	УФБП	488			0	0	0	
УФБП	УФБП	489			0	0	0	
УФБП	УФБП	490			0	0	0	
УФБП	УФБП	491			0	0	0	
УФБП	УФБП	492			0	0	0	
УФБП	УФБП	493			0	0	0	
УФБП	УФБП	494			0	0	0	
УФБП	УФБП	495			0	0	0	
УФБП	УФБП	496			0	0	0	
УФБП	УФБП	497			0	0	0	
УФБП	УФБП	498			0	0	0	
УФБП	УФБП	499			0	0	0	
УФБП	УФБП	500			0	0	0	
УФБП	УФБП	501			0	0	0	
УФБП	УФБП	502			0	0	0	
УФБП	УФБП	503			0	0	0	
УФБП	УФБП	504			0	0	0	
УФБП	УФБП	505			0	0	0	
УФБП	УФБП	506			0	0	0	
УФБП	УФБП	507			0	0	0	
УФБП	УФБП	508			0	0	0	
УФБП	УФБП	509			0	0	0	
УФБП	УФБП	510			0	0	0	
УФБП	УФБП	511			0	0	0	
УФБП	УФБП	512			0	0	0	
УФБП	УФБП	513			0	0	0	
УФБП	УФБП	514			0	0	0	
УФБП	УФБП	515			0	0	0	
УФБП	УФБП	516			0	0	0	
УФБП	УФБП	517			0	0	0	
УФБП	УФБП	518			0	0	0	
УФБП	УФБП	519			0	0	0	
УФБП	УФБП	520			0	0	0	
УФБП	УФБП	521			0	0	0	
УФБП	УФБП	522			0	0	0	
УФБП	УФБП	523			0	0	0	
УФБП	УФБП	524			0	0	0	
УФБП	УФБП	525			0	0	0	
УФБП	УФБП	526			0	0	0	
УФБП	УФБП	527			0	0	0	
УФБП	УФБП	528			0	0	0	
УФБП	УФБП	529			0	0	0	
УФБП	УФБП	530			0	0	0	
УФБП	УФБП	531			0	0	0	
УФБП	УФБП	532			0	0	0	
УФБП	УФБП	533			0	0	0	
УФБП	УФБП	534			0	0	0	
УФБП	УФБП	535			0	0	0	
УФБП	УФБП	536			0	0	0	
УФБП	УФБП	537			0	0	0	
УФБП	УФБП	538			0	0	0	
УФБП	УФБП	539			0	0	0	
УФБП	УФБП	540			0	0	0	
УФБП	УФБП	541			0	0	0	
УФБП	УФБП	542			0	0	0	
УФБП	УФБП	543			0	0	0	
УФБП	УФБП	544			0	0	0	
УФБП	УФБП	545			0	0	0	
УФБП	УФБП	546			0	0	0	
УФБП	УФБП	547			0	0	0	
УФБП	УФБП	548			0	0	0	
УФБП	УФБП	549			0	0	0	
УФБП	УФБП	550			0	0	0	
УФБП	УФБП	551			0	0	0	
УФБП	УФБП	552			0	0	0	
УФБП	УФБП	553			0	0	0	
УФБП	УФБП	554			0	0	0	
УФБП	УФБП	555			0	0	0	
УФБП	УФБП	556			0	0	0	
УФБП	УФБП	557			0	0	0	
УФБП	УФБП	558			0	0	0	
УФБП	УФБП	559			0	0	0	
УФБП	УФБП	560			0	0	0	
УФБП	УФБП	561			0	0	0	
УФБП	УФБП	562			0	0	0	
УФБП	УФБП	563			0	0	0	
УФБП	УФБП	564			0	0	0	
УФБП	УФБП	565			0	0	0	
УФБП	УФБП	566			0	0	0	
УФБП	УФБП	567			0	0	0	
УФБП	УФБП	568			0	0	0	
УФБП	УФБП	569			0	0	0	
УФБП	УФБП	570			0	0	0	
УФБП	УФБП	571			0	0	0	
УФБП	УФБП	572			0	0	0	
УФБП	УФБП	573			0	0	0	
УФБП	УФБП	574			0	0	0	
УФБП	УФБП	575			0	0	0	
УФБП	УФБП	576			0	0	0	
УФБП	УФБП	577			0	0	0	
УФБП	УФБП	578			0	0	0	
УФБП	УФБП	579			0	0	0	
УФБП	УФБП	580			0	0	0	
УФБП	УФБП	581			0	0	0	
УФБП	УФБП	582			0	0	0	
УФБП	УФБП	583			0	0	0	
УФБП	УФБП	584			0	0	0	
УФБП	УФБП	585			0	0	0	
УФБП	УФБП	586			0	0	0	
УФБП	УФБП	587			0	0	0	
УФБП	УФБП	588			0	0	0	
УФБП	УФБП	589			0	0	0	
УФБП	УФБП	590			0	0	0	
УФБП	УФБП	591			0	0	0	
УФБП	УФБП	592			0	0	0	
УФБП	УФБП	593			0	0	0	
УФБП	УФБП	594			0	0	0	
УФБП	УФБП	595			0	0	0	
УФБП	УФБП	596			0	0	0	
УФБП	УФБП	597			0	0	0	
УФБП	УФБП	598			0	0	0	
УФБП	УФБП	599			0	0	0	
УФБП	УФБП	600			0	0	0	
УФБП	УФБП	601			0	0	0	
УФБП	УФБП	602			0	0	0	
УФБП	УФБП	603			0	0	0	
УФБП	УФБП	604			0	0	0	
УФБП	УФБП	605			0	0	0	
УФБП	УФБП	606			0	0	0	
УФБП	УФБП	607			0	0	0	
УФБП	УФБП	608			0	0	0	
УФБП	УФБП	609			0	0	0	
УФБП	УФБП	610			0	0	0	
УФБП	УФБП	611			0	0	0	
УФБП	УФБП	612			0	0	0	
УФБП	УФБП	613			0	0	0	
УФБП	УФБП	614			0	0	0	
УФБП	УФБП	615			0	0	0	
УФБП	УФБП	616			0	0	0	
УФБП	УФБП	617			0	0	0	
УФБП	УФБП	618			0	0	0	
УФБП	УФБП	619			0	0	0	
УФБП	УФБП	620			0	0	0	
УФБП	УФБП	621			0	0	0	
УФБП	УФБП	622			0	0	0	
УФБП	УФБП	623			0	0	0	
УФБП	УФБП	624			0	0	0	
УФБП	УФБП	625			0	0	0	
УФБП	УФБП	626			0	0	0	
УФБП	УФБП	627			0	0	0	
УФБП	УФБП	628			0	0	0	
УФБП	УФБП	629			0	0	0	
УФБП	УФБП	630			0	0	0	
УФБП	УФБП	631			0	0	0	
УФБП	УФБП	632			0	0	0	
УФБП	УФБП	633			0	0	0	
УФБП	УФБП	634			0	0	0	
УФБП	УФБП	635			0	0	0	
УФБП	УФБП	636			0	0	0	
УФБП	УФБП	637			0	0	0	
УФБП	УФБП	638			0	0	0	
УФБП	УФБП	639			0	0	0	
УФБП	УФБП	640			0	0	0	
УФБП	УФБП	641			0	0	0	
УФБП	УФБП	642			0	0	0	
УФБП	УФБП	643			0	0	0	
УФБП	УФБП	644			0	0	0	
УФБП	УФБП	645			0	0	0	
УФБП	УФБП	646			0	0	0	
УФБП	УФБП	647			0	0	0	
УФБП	УФБП	648			0	0	0	
УФБП	УФБП	649			0	0	0	
УФБП	УФБП	650			0	0	0	
УФБП	УФБП	651			0	0	0	
УФБП	УФБП	652			0	0	0	
УФБП	УФБП	653			0	0	0	
УФБП	УФБП	654			0	0	0	
УФБП	УФБП	655			0	0	0	
УФБП	УФБП	656			0	0	0	
УФБП	УФБП	657			0	0	0	
УФБП	УФБП	658			0	0	0	
УФБП	УФБП	659			0	0	0	
УФБП	УФБП	660			0	0	0	
УФБП	УФБП	661			0	0	0	
УФБП	УФБП	662			0	0	0	
УФБП	УФБП	663			0	0	0	
УФБП	УФБП	664			0	0	0	
УФБП	УФБП	665			0	0	0	
УФБП	УФБП	666			0	0	0	
УФБП	УФБП	667			0	0	0	
УФБП	УФБП	668			0	0	0	
УФБП	УФБП	669			0	0	0	
УФБП	УФБП	670			0	0	0	
УФБП	УФБП	671			0	0	0	
УФБП	УФБП	672			0	0	0	
УФБП	УФБП	673			0	0	0	
УФБП	УФБП	674			0	0	0	
УФБП	УФБП	675			0	0	0	
УФБП	УФБП	676			0	0	0	
УФБП	УФБП	677			0	0	0	
УФБП	УФБП	678			0	0	0	
УФБП	УФБП	679			0	0	0	
УФБП	УФБП	680			0	0	0	
УФБП	УФБП	681			0	0	0	
УФБП	УФБП	682			0	0	0	
УФБП	УФБП	683			0	0	0	
УФБП	УФБП	684			0	0	0	
УФБП	УФБП	685			0	0	0	
УФБП	УФБП	686			0	0	0	
УФБП	УФБП	687			0	0	0	
УФБП	УФБП	688			0	0	0	
УФБП	УФБП	689			0	0	0	
УФБП	УФБП	690			0	0	0	
УФБП	УФБП	691			0	0	0	
УФБП	УФБП	692			0	0	0	
УФБП	УФБП	693			0	0	0	
УФБП	УФБП	694			0	0	0	
УФБП	УФБП	695			0	0	0	
УФБП	УФБП	696			0	0	0	
УФБП	УФБП	697			0	0	0	
УФБП	УФБП	698			0	0	0	
УФБП	УФБП	699			0	0	0	
УФБП	УФБП	700			0	0	0	
УФБП	УФБП	701			0	0	0	
УФБП	УФБП	702			0	0	0	
УФБП	УФБП	703			0	0	0	
УФБП	УФБП	704			0	0	0	
УФБП	УФБП	705			0	0	0	
УФБП	УФБП	706			0	0	0	
УФБП	УФБП	707			0	0	0	
УФБП	УФБП	708			0	0	0	
УФБП	УФБП	709			0	0	0	
УФБП	УФБП	710			0	0	0	
УФБП	УФБП	711			0	0	0	
УФБП	УФБП	712			0	0	0	
УФБП	УФБП	713			0	0	0	
УФБП	УФБП	714			0	0	0	
УФБП	УФБП	715			0	0	0	
УФБП	УФБП	716			0	0	0	
УФБП	УФБП	717			0	0	0	
УФБП	УФБП	718			0	0	0	
УФБП	УФБП	719			0	0	0	
УФБП	УФБП	720			0	0	0	
УФБП	УФБП	721			0	0	0	
УФБП	УФБП	722			0	0	0	
УФБП	УФБП	723			0	0	0	
УФБП	УФБП	724			0	0	0	
УФБП	УФБП	725			0	0	0	
УФБП	УФБП	726			0	0	0	
УФБП	УФБП	727			0	0	0	
УФБП	УФБП	728			0	0	0	
УФБП	УФБП	729			0	0	0	
УФБП	УФБП	730			0	0	0	
УФБП	УФБП	731			0	0	0	
УФБП	УФБП	732			0	0	0	
УФБП	УФБП	733			0	0	0	
УФБП	УФБП	734			0	0	0	
УФБП	УФБП	735			0	0	0	
УФБП	УФБП	736			0	0	0	
УФБП	УФБП	737			0	0	0	
УФБП	УФБП	738			0	0	0	
УФБП	УФБП	739			0	0	0	
УФБП	УФБП	740			0	0	0	
УФБП	УФБП	741			0	0	0	
УФБП	УФБП	742			0	0	0	
УФБП	УФБП	743			0	0	0	
УФБП	УФБП	744			0	0	0	
УФБП	УФБП	745			0	0	0	
УФБП	УФБП	746			0	0	0	
УФБП	УФБП	747			0	0	0	
УФБП	УФБП	748			0	0	0	
УФБП	УФБП	749			0	0	0	
УФБП	УФБП	750			0	0	0	
УФБП	УФБП	751			0	0	0	
УФБП	УФБП	752			0	0	0	
УФБП	УФБП	753			0	0	0	
УФБП	УФБП	754			0	0	0	
УФБП	УФБП	755			0	0	0	
УФБП	УФБП	756			0	0	0	
УФБП	УФБП	757			0	0	0	
УФБП	УФБП	758			0	0	0	
УФБП	УФБП	759			0	0	0	
УФБП	УФБП	760			0	0	0	
УФБП	УФБП	761			0	0	0	
УФБП	УФБП	762			0	0	0	
УФБП	УФБП	763			0	0	0	
УФБП	УФБП	764			0	0	0	
УФБП	УФБП	765			0	0	0	
УФБП	УФБП	766			0	0	0	
УФБП	УФБП	767			0	0	0	
УФБП	УФБП	768			0	0	0	
УФБП	УФБП	769			0	0	0	
УФБП	УФБП	770			0	0	0	
УФБП	УФБП	771			0	0	0	
УФБП	УФБП	772			0	0	0	
УФБП	УФБП	773			0	0	0	
УФБП	УФБП	774			0	0	0	
УФБП	УФБП	775			0	0	0	
УФБП	УФБП	776			0	0	0	
УФБП	УФБП	777			0	0	0	
УФБП	УФБП	778			0	0	0	
УФБП	УФБП	779			0	0	0	
УФБП	УФБП	780			0	0	0	
УФБП	УФБП	781			0	0	0	
УФБП	УФБП	782			0	0	0	
УФБП	УФБП	783			0	0	0	
УФБП	УФБП	784			0	0	0	
УФБП	УФБП	785			0	0	0	
УФБП	УФБП	786			0	0	0	
УФБП	УФБП	787			0	0	0	
УФБП	УФБП	788			0	0	0	
УФБП	УФБП	789			0	0	0	
УФБП	УФБП	790			0	0	0	
УФБП	УФБП	791			0	0	0	
УФБП	УФБП	792			0	0	0	
УФБП	УФБП	793			0	0	0	
УФБП	УФБП	794			0	0	0	
УФБП	УФБП	795			0	0	0	
УФБП	УФБП	796			0	0	0	
УФБП	УФБП	797			0	0	0	
УФБП	УФБП	798			0	0	0	
УФБП	УФБП	799			0	0	0	
УФБП	УФБП	800			0	0	0	
УФБП	УФБП	801			0	0	0	
УФБП	УФБП	802			0	0	0	
УФБП	УФБП	803			0	0	0	
УФБП	УФБП	804			0	0	0	
УФБП	УФБП	805			0	0	0	
УФБП	УФБП	806			0	0	0	
УФБП	УФБП	807			0	0	0	
УФБП	УФБП	808			0	0	0	
УФБП	УФБП	809			0	0	0	
УФБП	УФБП	810			0	0	0	
УФБП	УФБП	811			0	0	0	
УФБП	УФБП	812			0	0	0	
УФБП	УФБП	813			0	0	0	
УФБП	УФБП	814			0	0	0	
УФБП	УФБП	815			0	0	0	
УФБП	УФБП	816			0	0	0	
УФБП	УФБП	817			0	0	0	
УФБП	УФБП	818			0	0	0	
УФБП	УФБП	819			0	0	0	
УФБП	УФБП	820			0	0	0	
УФБП	УФБП	821			0	0	0	
УФБП	УФБП	822			0	0	0	
УФБП	УФБП	823			0	0	0	
УФБП	УФБП	824			0	0	0	
УФБП	УФБП	825			0	0	0	
УФБП	УФБП	826			0	0	0	
УФБП	УФБП	827			0	0	0	
УФБП	УФБП	828			0	0	0	
УФБП	УФБП	829			0	0	0	
УФБП	УФБП	830			0	0	0	
УФБП	УФБП	831			0	0	0	
УФБП	УФБП	832			0	0	0	
УФБП	УФБП	833			0	0	0	
УФБП	УФБП	834			0	0	0	
УФБП	УФБП	835			0	0	0	
УФБП	УФБП	836			0	0	0	
УФБП	УФБП	837			0	0	0	
УФБП	УФБП	838			0	0	0	
УФБП	УФБП	839			0	0	0	
УФБП	УФБП	840			0	0	0	
УФБП	УФБП	841			0	0	0	
УФБП	УФБП	842			0	0	0	
УФБП	УФБП	843			0	0	0	
УФБП	УФБП	844			0	0	0	
УФБП	УФБП	845			0	0	0	
УФБП	УФБП	846			0	0	0	
УФБП	УФБП	847			0	0	0	
УФБП	УФБП	848			0	0	0	
УФБП	УФБП	849			0	0	0	
УФБП	УФБП	850			0	0	0	
УФБП	УФБП	851			0	0	0	
УФБП	УФБП	852			0	0	0	
УФБП	УФБП	853			0	0	0	
УФБП	УФБП	854			0	0	0	
УФБП	УФБП	855			0	0	0	
УФБП	УФБП	856			0	0	0	
УФБП	УФБП	857			0	0	0	
УФБП	УФБП	858			0	0	0	
УФБП	УФБП	859			0	0	0	
УФБП	УФБП	860			0	0	0	
УФБП	УФБП	861			0	0	0	
УФБП	УФБП	862			0	0	0	
УФБП	УФБП	863			0	0	0	
УФБП	УФБП	864			0	0	0	
УФБП	УФБП	865			0	0	0	
УФБП	УФБП	866			0	0	0	
УФБП	УФБП	867			0	0	0	
УФБП	УФБП	868			0	0	0	
УФБП	УФБП	869			0	0	0	
УФБП	УФБП	870			0	0	0	
УФБП	УФБП	871			0	0	0	
УФБП	УФБП	872			0	0	0	
УФБП	УФБП	873			0	0	0	
УФБП	УФБП	874			0	0	0	
УФБП	УФБП	875			0	0	0	
УФБП	УФБП	876			0	0	0	
УФБП	УФБП	877			0	0	0	
УФБП	УФБП	878			0	0	0	
УФБП	УФБП	879			0	0	0	
УФБП	УФБП	880			0	0	0	
УФБП	УФБП	881			0	0	0	
УФБП	УФБП	882			0	0	0	
УФБП	УФБП	883			0	0	0	
УФБП	УФБП	884			0	0	0	
УФБП	УФБП	885			0	0	0	
УФБП	УФБП	886			0	0	0	
УФБП	УФБП	887			0	0	0	
УФБП	УФБП	888			0	0	0	
УФБП	УФБП	889			0	0	0	
УФБП	УФБП	890			0	0	0	
УФБП	УФБП	891			0	0	0	
УФБП	УФБП	892			0	0	0	
УФБП	УФБП	893			0	0	0	
УФБП	УФБП	894			0	0	0	
УФБП	УФБП	895			0	0	0	
УФБП	УФБП	896			0	0	0	
УФБП	УФБП	897			0	0	0	
УФБП	УФБП	898			0	0	0	
УФБП	УФБП	899			0	0	0	
УФБП	УФБП	900			0	0	0	
УФБП	УФБП	901			0	0	0	
УФБП	УФБП	902			0	0	0	
УФБП	УФБП	903			0	0	0	
УФБП	УФБП	904			0	0	0	
УФБП	УФБП	905			0	0	0	
УФБП	УФБП	906			0	0	0	
УФБП	УФБП	907			0	0	0	
УФБП	УФБП	908			0	0	0	
УФБП	УФБП	909			0	0	0	
УФБП	УФБП	910			0	0	0	
УФБП	УФБП	911			0	0	0	
УФБП	УФБП	912			0	0	0	
УФБП	УФБП	913			0	0	0	
УФБП	УФБП	914			0	0	0	
УФБП	УФБП	915			0	0	0	
УФБП	УФБП	916			0	0	0	
УФБП	УФБП	917			0	0	0	
УФБП	УФБП	918			0	0	0	
УФБП	УФБП	919			0	0	0	
УФБП	УФБП	920			0	0	0	
УФБП	УФБП	921			0	0	0	
УФБП	УФБП	922			0	0	0	
УФБП	УФБП	923			0	0	0	
УФБП	УФБП	924			0	0	0	
УФБП	УФБП	925			0	0	0	
УФБП	УФБП	926			0	0	0	
УФБП	УФБП	927			0	0	0	
УФБП	УФБП	928			0	0	0	
УФБП	УФБП	929			0	0	0	
УФБП	УФБП	930			0	0	0	
УФБП	УФБП	931			0	0	0	
УФБП	УФБП	932			0	0	0	
УФБП	УФБП	933			0	0	0	
УФБП	УФБП	934			0	0	0	
УФБП	УФБП	935			0	0	0	
УФБП	УФБП	936			0	0	0	
УФБП	УФБП	937			0	0	0	
УФБП	УФБП	938			0	0	0	
УФБП	УФБП	939			0	0	0	
УФБП	УФБП	940			0	0	0	
УФБП	УФБП	941			0	0	0	
УФБП	УФБП	942			0	0	0	
УФБП	УФБП	943			0	0	0	
УФБП	УФБП	944			0	0	0	
УФБП	УФБП	945			0	0	0	
УФБП	УФБП	946			0	0	0	
УФБП	УФБП	947			0	0	0	
УФБП	УФБП	948			0	0	0	
УФБП	УФБП	949			0	0	0	
УФБП	УФБП	950			0	0	0	
УФБП	УФБП	951			0	0	0	
УФБП	УФБП	952			0	0	0	
УФБП	УФБП	953			0	0	0	
УФБП	УФБП	954			0	0	0	
УФБП	УФБП	955			0	0	0	
УФБП	УФБП	956			0	0	0	
УФБП	УФБП	957			0	0	0	
УФБП	УФБП	958			0	0	0	
УФБП	УФБП	959			0	0	0	
УФБП	УФБП	960			0	0	0	
УФБП	УФБП	961			0	0	0	
УФБП	УФБП	962			0	0	0	
УФБП	УФБП	963			0	0	0	
УФБП	УФБП	964			0	0	0	
УФБП	УФБП	965			0	0	0	
УФБП	УФБП	966			0	0	0	
УФБП	УФБП	967			0	0	0	
УФБП	УФБП	968			0	0	0	
УФБП	УФБП	969			0	0	0	
УФБП	УФБП	970			0	0	0	
УФБП	УФБП	971			0	0	0	
УФБП	УФБП	972			0	0	0	
УФБП	УФБП	973			0	0	0	
УФБП	УФБП	974			0	0	0	
УФБП	УФБП	975			0	0	0	
УФБП	УФБП	976			0	0	0	
УФБП	УФБП	977			0	0	0	
УФБП	УФБП	978			0	0	0	
УФБП	УФБП	979			0	0	0	
УФБП	УФБП	980			0	0	0	
УФБП	УФБП	981			0	0	0	
УД	ВСЕ	4	1	1.1.1.1. Изготовление и печатание информационного бюллетеня «Елизовский вестник» / оказани	298.6667	298.6667	6	rule:row_numbering,rule:text_hygiene,signal:economyConflict,signal:economyFlag,signal:hasFact,signal:signed
УД	ВСЕ	5	2	1.1.1.2. Изготовление и печатание газеты «Елизовские вести» / оказание услуг по печатанию 	780	780	2	signal:hasFact,signal:signed
УД	ВСЕ	6	3	1.1.2.1. Изготовление, размещение информационных материалов в телеэфире / Изготовление, ра	2126.66652	2126.66652	2	signal:hasFact,signal:signed
УД	ВСЕ	7	4	2.2.1., 2.1.1.6. Оказание услуг по аренде рекламных поверхностей /  Оказание услуг по арен	102	102	3	hygiene:G:double_space,signal:hasFact,signal:signed
УД	ВСЕ	8	5	2.1.1.1., 2.1.1.2., 2.1.1.3., 2.1.1.4., 2.1.1.5., 2.2.3.1., 6.5.1.3., 6.5.1.1. Поставка цв	1025	1025	2	signal:hasFact,signal:signed
УД	ВСЕ	9	6	2.1.1.1., 2.1.1.2., 2.1.1.3., 2.1.1.6., 2.2.2.1., 2.2.1.2., 2.2.1.5., 2.2.2.2. Оказание ус	2000	2000	2	signal:hasFact,signal:signed
УД	ВСЕ	10	7	2.1.1.1., 2.1.1.2., 2.2.1.1., 2.2.3.1. Выполнение работ по изготовлению полиграфической пр	333.8024	188.56238	4	rule:status_on_data_rows,signal:hasFact,signal:highEconomy,signal:signed
УД	ВСЕ	11	8	2.2.3.1 Изготовление траурного венка, ленты с надписью / выполнение работ по изготовлению 	26.4	26.4	3	epgrade:discretionary,signal:hasFact,signal:signed
УД	ВСЕ	12	9	2.1.1.6., 2.2.2.1. выполнение работ по изготовлению плакатов, листовок / выполнение работ 	220	220	2	signal:hasFact,signal:signed
УД	ВСЕ	13	10	2.2.3.1., 2.2.4.1., 6.5.1.3. Поставка рамок А4 / Поставка рамок А4 в рамках реализации мун	210.957	105	4	signal:factDateBeforePlan,signal:hasFact,signal:highEconomy,signal:signed
УД	ВСЕ	14	11	2.2.3.1 пледы / поставка пледов в подарочных коробках в рамках реализации муниципальной пр	164.2946	96.93345	6	comment:stage_marker_when_signed,rule:status_on_data_rows,signal:factDateBeforePlan,signal:hasFact,signal:highEconomy,signal:signed
УД	ВСЕ	15	12	2.2.3.1 приобретение флешки, обложка, сумка / поставка сувенирной продукции (флешка, облож	130.5667	100.53606	3	signal:economyFlag,signal:hasFact,signal:signed
УД	ВСЕ	16	13	2.2.3.1 приобретение термостаканов, термобутылок / поставку сувенирной продукции (смарт-те	113.2334	51.36478	4	signal:economyFlag,signal:hasFact,signal:highEconomy,signal:signed
УД	ВСЕ	17	14	2.2.3.1 подарочная продукция, часы мужские / поставку часов наручных в рамках реализации м	78.833	78.8333	2	signal:hasFact,signal:signed
УД	ВСЕ	18	15	2.2.3.1 подарочная продукция, часы мужские / поставку часов наручных в рамках реализации м	80.90672	80.90672	2	signal:hasFact,signal:signed
УД	ВСЕ	19	16	2.1.1.2., 2.2.3.1. Поставка пакетов ПВД с нанесением логотипа / поставка пакетов ПВД с нан	64.6271	35.18868	7	comment:stage_marker_when_signed,hygiene:G:edge_space,rule:status_on_data_rows,signal:factDateBeforePlan,signal:hasFact,signal:highEconomy,signal:signed
УД	ВСЕ	20	17	2.2.3.1 подарочная продукция, часы настенные / поставка подарочной продукции (часы настенн	74.79996	63.20598	4	rule:status_on_data_rows,signal:economyConflict,signal:hasFact,signal:signed
УД	ВСЕ	21	18	2.2.3.1 выполнение работ по изготовлению значков в подарочном футляре / Выполнение работы 	71.167	50.17244	6	hygiene:G:edge_space,signal:economyFlag,signal:factDateBeforePlan,signal:hasFact,signal:highEconomy,signal:signed
УД	ВСЕ	22	19	2.2.3.1 поставка сувенирной продукции_часы зарядка / Поставка сувенирной продукции в рамка	74.745	67	4	signal:economyFlag,signal:factDateBeforePlan,signal:hasFact,signal:signed
УД	ВСЕ	23	20	2.2.2.1. Плакаты _выполнение работ по изготовлению полиграфической продукции / выполнение 	30.61	30.61	3	epgrade:lawful-exclusive,signal:hasFact,signal:signed
УД	ВСЕ	24	21	2.2.2.1. Флажки _выполнение работ по изготовлению полиграфической продукции / выполнение р	39.08	39.08	3	epgrade:lawful-exclusive,signal:hasFact,signal:signed
УД	ВСЕ	25	22	2.2.2.1. Бейджи _выполнение работ по изготовлению полиграфической продукции / выполнение р	16.65	16.65	3	epgrade:lawful-exclusive,signal:hasFact,signal:signed
УД	ВСЕ	26	23	2.2.3.2. Организация и проведение официальных мероприятий (приемов, конференций, совещаний	15.97472	15.97472	3	epgrade:lawful-exclusive,signal:hasFact,signal:signed
УД	ВСЕ	27	24	2.2.3.1. Приобретение и изготовление наградной, представительской и полиграфической продук	3.948	3.948	3	epgrade:lawful-exclusive,signal:hasFact,signal:signed
УД	ВСЕ	28	25	3.1.1.2. Оказание услуг по предоставлению неисключительных (пользовательских) прав на испо	2222.86003	2222.86003	5	comment:stage_marker_when_signed,hygiene:G:double_space,signal:factDateBeforePlan,signal:hasFact,signal:signed
УД	ВСЕ	29	26	3.1.1.2. оказание услуг по предоставлению неисключительных (пользовательских) прав Альфадо	135	135	4	comment:stage_marker_when_signed,signal:factDateBeforePlan,signal:hasFact,signal:signed
УД	ВСЕ	30	27	3.2.1.1.  Приобретение, сопровождение (поддержка) программных комплексов Приобретение, соп	3879.6	3879.6	3	hygiene:G:double_space,signal:hasFact,signal:signed
УД	ВСЕ	31	28	3.2.1.2.оказание услуг по предоставлению неисключительных (пользовательских) прав «Госфина	302	302	3	comment:stage_marker_when_signed,signal:hasFact,signal:signed
УД	ВСЕ	32	29	3.2.1.3. Приобретение справочно-правовой системы «Система ГАРАНТ» для органов Администраци	503.28	503.28	3	signal:factDateBeforePlan,signal:hasFact,signal:signed
УД	ВСЕ	33	30	3.3.1.2. оказание услуг по обслуживанию систем кондиционирования воздуха / На оказание усл	85.575	43.64181	5	comment:stage_marker_when_signed,signal:factDateBeforePlan,signal:hasFact,signal:highEconomy,signal:signed
УД	ВСЕ	34	31	3.3.1.3., 8.1.2. РедОСС / оказание услуг по предоставлению неисключительных (пользовательс	1521.7598600000001	1485.951	3	rule:status_on_data_rows,signal:hasFact,signal:signed
УД	ВСЕ	35	32	4.1.2 Создание и поддержка инфраструктуры для деятельности некоммерческих организаций, иму	25.33328	15.19968	4	signal:factDateBeforePlan,signal:hasFact,signal:highEconomy,signal:signed
УД	ВСЕ	36	33	5.2.2.1 Традиционный национальный праздник «День первой рыбы»/Приобретение сувенирной прод	9.12	8.912	5	epgrade:unfounded,signal:epFactDeviation,signal:hasFact,signal:signed,signal:unmappedReasonEP
УД	ВСЕ	37	34	6.1.1.2. Денежная выплата гражданам, находящихся в трудной жизненной ситуации (в т.ч. опла	30	30	3	epgrade:lawful-exclusive,signal:hasFact,signal:signed
УД	ВСЕ	38	35	6.1.1.2. Денежная выплата гражданам, находящихся в трудной жизненной ситуации (в т.ч. опла	30	30	3	epgrade:lawful-exclusive,signal:hasFact,signal:signed
УД	ВСЕ	39	36	6.1.2.2. Организация транспортировки тел умерших с места смерти или места происшествия в м	2510.975	2498.4169	5	signal:economyFlag,signal:factDateBeforePlan,signal:hasFact,signal:lowCompetition,signal:signed
УД	ВСЕ	40	37	6.5.1.7., 6.5.1.9., 6.5.1.11. подарочная продукция / поставка канцелярских товаров	64.2724	64.2724	3	epgrade:lawful-exclusive,signal:hasFact,signal:signed
УД	ВСЕ	41	38	6.5.1.5. продукты питания	8.4	8.4	3	epgrade:lawful-exclusive,signal:hasFact,signal:signed
УД	ВСЕ	42	39	6.5.1.10. наградная продукция_медали, ленты / поставка товара	10.59216	10.59216	3	epgrade:lawful-exclusive,signal:hasFact,signal:signed
УД	ВСЕ	43	40	6.5.1.5. показ к/ф / оказание услуг по организации показов мултипоикационного фильма и худ	22.5	22.5	3	epgrade:lawful-exclusive,signal:hasFact,signal:signed
УД	ВСЕ	44	41	6.5.1.9. показ мультфильма / оказание услуг по организации показов мултипоикационного филь	18	18	3	epgrade:lawful-exclusive,signal:hasFact,signal:signed
УД	ВСЕ	45	42	6.5.1.5. поставка коробка (короб) из гофрированного материала_коробка крафт_подарочная про	5.64	5.64	4	comment:denial_when_signed,signal:factDateBeforePlan,signal:hasFact,signal:signed
УД	ВСЕ	46	43	6.5.1.5. поставка подарочной продукции (полотенце текстильное) / Поставка подарочной проду	38.9	38.9	4	comment:denial_when_signed,signal:factDateBeforePlan,signal:hasFact,signal:signed
УД	ВСЕ	47	44	6.5.1.5. поставка подарочной продукции (стела) / Поставка подарочной продукции (стела) в р	69.33328	32.59	5	signal:economyFlag,signal:factDateBeforePlan,signal:hasFact,signal:highEconomy,signal:signed
УД	ВСЕ	48	45	6.5.1.2., 6.5.1.4., 6.5.1.5., 6.5.1.6., 6.5.1.8., 6.5.1.9. продукты питания_подарочная про	469.24716	469.24716	4	hygiene:G:edge_space,signal:factDateBeforePlan,signal:hasFact,signal:signed
УД	ВСЕ	49	46	6.5.1.10. футболки, бейсболки_подарочная продукция / Поставка подарочной продукции (футбол	219.5	69.1425	5	signal:economyFlag,signal:factDateBeforePlan,signal:hasFact,signal:highEconomy,signal:signed
УД	ВСЕ	50	47	6.5.1.3., 6.5.1.8. часы_подарочная продукция / Поставка подарочной продукции (часы настенн	90.98325	90.98325	3	signal:factDateBeforePlan,signal:hasFact,signal:signed
УД	ВСЕ	51	48	Оказание услуг по предоставлению неисключительных (пользовательских) прав на использование	480.27123	470	5	hygiene:G:edge_space,signal:economyFlag,signal:factDateBeforePlan,signal:hasFact,signal:signed
УД	ВСЕ	52	49	обучение специалситов по приему граждан / оказание платных образовательных услуг	11	11	3	epgrade:lawful-exclusive,signal:hasFact,signal:signed
УД	ВСЕ	53	50	КДН связь / предоставление услуг подвижной радиотелефонной (сотовой) связи	6.9	6.9	3	epgrade:lawful-exclusive,signal:hasFact,signal:signed
УД	ВСЕ	54	51	контур	22.9	22.9	3	epgrade:lawful-exclusive,signal:hasFact,signal:signed
УД	ВСЕ	55	52	КДН Подросток / Сопровождение автоматизированной информационной системы Подросток	31	31	3	epgrade:lawful-exclusive,signal:hasFact,signal:signed
УД	ВСЕ	56	53	картриджы_заправка / Оказание услуг по заправке и восстановлению картриджей в рамках муниц	46.26665	46.26665	4	hygiene:G:edge_space,signal:factDateBeforePlan,signal:hasFact,signal:signed
УД	ВСЕ	57	54	почта опека / оказание услуг апочтовой связи, дополнительных и иных услуг	5	5	3	epgrade:lawful-exclusive,signal:hasFact,signal:signed
УД	ВСЕ	58	56	почта соц / оказание услуг апочтовой связи, дополнительных и иных услуг	10	10	3	epgrade:lawful-exclusive,signal:hasFact,signal:signed
УД	ВСЕ	59	57	туалетная бумага / Бумага туалетная  	40.146249999999995	40.146249999999995	5	comment:ep_reason_on_competitive,hygiene:G:double_space,hygiene:G:edge_space,signal:hasFact,signal:signed
УД	ВСЕ	60	58	Приобретение бытовой химии и хозяйственных товаров, бумажные полотенца / Полотенце бумажно	9.76671	9.76671	4	comment:ep_reason_on_competitive,hygiene:G:edge_space,signal:hasFact,signal:signed
УД	ВСЕ	61	59	мед осмотры / проведение предварительных медицинских осмотров	34.719	34.719	3	epgrade:lawful-exclusive,signal:hasFact,signal:signed
УД	ВСЕ	62	62	ТБО, Темир / оказание услуг по обращению твердыми коммунальными услугами	12.19983	12.19983	3	epgrade:lawful-exclusive,signal:hasFact,signal:signed
УД	ВСЕ	63	63	услуги связи, виртуальный АТС / оказание услуг связи	33.12	33.12	4	epgrade:lawful-exclusive,hygiene:G:invisible_char,signal:hasFact,signal:signed
УД	ВСЕ	64	64	Поставка картриджей для электрографических печатающих устройств	61.2	23.55	6	comment:stage_marker_when_signed,signal:economyFlag,signal:factDateBeforePlan,signal:hasFact,signal:highEconomy,signal:signed
УД	ВСЕ	65	65	Ремонт морозильной камеры / выполнение ремонтных работ и технического обслуживания холодил	65.74	65.74	4	epgrade:lawful-exclusive,hygiene:G:invisible_char,signal:hasFact,signal:signed
УД	ВСЕ	66	66	ремонт авто / оказание услуг по обычному (текущему) техническому обслуживанию легковых авт	1000	1000	3	signal:factDateBeforePlan,signal:hasFact,signal:signed
УД	ВСЕ	67	67	поставка коробок (коробов) из гофрированного материала	362	347.52	5	comment:denial_when_signed,signal:economyFlag,signal:factDateBeforePlan,signal:hasFact,signal:signed
УД	ВСЕ	68	68	Харина_приобретение хоз товаров	38.17325	38.17325	3	epgrade:lawful-exclusive,signal:hasFact,signal:signed
УД	ВСЕ	69	69	Поставка средства автотранспортного пассажирского с числом мест для сидения не менее 10 пр	13434.88033	10479.20627	4	signal:economyFlag,signal:factDateBeforePlan,signal:hasFact,signal:signed
УД	ВСЕ	70	70	ремонт принтера / выполнение работ по ремонту перефирийного оборудования	16	16	3	epgrade:lawful-exclusive,signal:hasFact,signal:signed
УД	ВСЕ	71	71	Поставка накопительных данных SSD / Накопитель данных внутренний 	427.03	419.1	6	hygiene:G:edge_space,signal:economyFlag,signal:factDateBeforePlan,signal:hasFact,signal:lowCompetition,signal:signed
УД	ВСЕ	72	72	Поставка накопительных данных SSD	131.0588	127	4	comment:ep_reason_on_competitive,rule:status_on_data_rows,signal:hasFact,signal:signed
УД	ВСЕ	73	73	информационный стенд	16.05	16.05	4	comment:ep_reason_on_competitive,signal:factDateBeforePlan,signal:hasFact,signal:signed
УД	ВСЕ	74	74	ветеринарные услуги / оказание ветеринарных услуг с оформлением электронного ветеринарного	22.76	21.622	5	epgrade:lawful-exclusive,signal:economyFlag,signal:epFactDeviation,signal:hasFact,signal:signed
УД	ВСЕ	75	75	Вызов ветеринарного врача / оказание ветеринарных услуг с оформлением электронного ветерин	136.9	136.9	4	epgrade:lawful-exclusive,hygiene:G:invisible_char,signal:hasFact,signal:signed
УД	ВСЕ	76	76	Камчатскэнерго ПАО (э/э) / Энергоснабжение (Ленина, 10)	3079.1	3079.1	3	epgrade:discretionary,signal:hasFact,signal:signed
УД	ВСЕ	77	77	IPTV / оказание услуг связи на основе передачи данных ПАО "ростелеком"	16.4	16.4	3	epgrade:lawful-exclusive,signal:hasFact,signal:signed
УД	ВСЕ	78	78	переподключение электросетей на новую линию / проведение ремонтных работ	44.83	44.83	3	epgrade:lawful-exclusive,signal:hasFact,signal:signed
УД	ВСЕ	79	79	Приобретение бытовой химии и хозяйственных товаров / Поставка бытовой химии и хозяйственны	280.36491	127.5655	6	hygiene:G:edge_space,signal:economyFlag,signal:factDateBeforePlan,signal:hasFact,signal:highEconomy,signal:signed
УД	ВСЕ	80	80	Утилизация документов / оказание услуг по вывозу и обезвреживанию архивных документов, сод	152	152	3	epgrade:lawful-exclusive,signal:hasFact,signal:signed
УД	ВСЕ	81	81	Бумага для офисной техники	144.54498999999998	107	5	signal:economyFlag,signal:factDateBeforePlan,signal:hasFact,signal:highEconomy,signal:signed
УД	ВСЕ	82	83	АО Спецтранс (ТКО) / оказание услуг по обращению твердыми коммунальными услугами (Ленина, 	125.65	125.65	3	epgrade:discretionary,signal:hasFact,signal:signed
УД	ВСЕ	83	84	Камчатскэнерго ПАО (т/э) / Оказание услуг теплоснабжения и горячего водоснабжения при откр	8292.84895	8292.84895	3	epgrade:discretionary,signal:hasFact,signal:signed
УД	ВСЕ	84	85	ЭА357-25 Поставка ГСМ 1 полугодие / Поставка горюче-смазочных материалов 	2250	2250	3	hygiene:G:edge_space,signal:hasFact,signal:signed
УД	ВСЕ	85	86	картриджи_заправка / Оказание услуг по заправке и восстановлению картриджей в рамках муниц	152.08327000000003	152.08327000000003	3	signal:factDateBeforePlan,signal:hasFact,signal:signed
УД	ВСЕ	86	87	Содержание 1С / оказание услуг по сопровождению программного продукта системы 1С: предприя	264.6	264.6	3	epgrade:lawful-exclusive,signal:hasFact,signal:signed
УД	ВСЕ	87	88	Продление лицензии 1С и 1С заработная плата / оказание услуг по предоставлению неисключите	57	57	3	epgrade:lawful-exclusive,signal:hasFact,signal:signed
УД	ВСЕ	88	89	ПО для 1С / оказание услуг по предоставлению неисключительных (пользовательских прав) на и	115.2	115.2	3	epgrade:lawful-exclusive,signal:hasFact,signal:signed
УД	ВСЕ	89	90	линия связи, уст сет оборудование Завойко 6 (незапланрованная закупка) / выполнение технол	78	78	3	epgrade:lawful-exclusive,signal:hasFact,signal:signed
УД	ВСЕ	90	91	ЭА388-25 Обслуживание автоматической пожарной сигнализации с системой пожаротушения и сред	288	48.96	4	signal:economyFlag,signal:hasFact,signal:highEconomy,signal:signed
УД	ВСЕ	91	92	Обслуживание автоматической пожарной сигнализации и средств оповещения при пожаре / Оказан	144	57.6	4	rule:status_on_data_rows,signal:hasFact,signal:highEconomy,signal:signed
УД	ВСЕ	92	93	охрана Ленина 10 административно дежурная / Оказание охранных услуг	6738.8052	3355.67462	4	rule:status_on_data_rows,signal:hasFact,signal:highEconomy,signal:signed
УД	ВСЕ	93	94	охрана склады / Оказание услуг по централизованной охране складов МКУ «ЕДДС ЕМР» с помощью	525.6	525.6	3	hygiene:G:edge_space,signal:hasFact,signal:signed
УД	ВСЕ	94	95	оказание услуг по проведению предрейсовых и послерейсовых медицинских осмотров водителей	1254	1254	2	signal:hasFact,signal:signed
УД	ВСЕ	95	96	оказание услуг по техническому обслуживанию и ремонту узлов учета тепловой энергии (УУТЭ),	250	250	2	signal:hasFact,signal:signed
УД	ВСЕ	96	97	Услуги ГЛОНАСС / оказание услуг по информационному и техническому обслуживанию системы спу	182.3	182.3	2	signal:hasFact,signal:signed
УД	ВСЕ	97	98	Приобритение воды бутилированной 2 полугодие / Поставка воды минеральной природной питьево	139.194	139.194	3	hygiene:G:edge_space,signal:hasFact,signal:signed
УД	ВСЕ	98	99	Приобритение воды бутилированной 1 полугодие / Поставка воды минеральной природной питьево	129.9144	129.9144	3	hygiene:G:edge_space,signal:hasFact,signal:signed
УД	ВСЕ	99	100	поставка конвертов почтовых бумажных	235.5	234.3225	6	comment:stage_marker_when_signed,rule:status_on_data_rows,signal:factDateBeforePlan,signal:hasFact,signal:lowCompetition,signal:signed
УД	ВСЕ	100	101	почта_марки почтовые негашеные, гербовые и аналогичные марки / Поставка государственных зн	70	70	3	signal:factDateBeforePlan,signal:hasFact,signal:signed
УД	ВСЕ	101	102	почта ЕДДС / оказание услуг почтовой связи, дополнительных и иных услуг	5	5	4	epgrade:lawful-exclusive,signal:earlyClosure,signal:hasFact,signal:signed
УД	ВСЕ	102	103	приобретение полисов ОСАГО / Оказание услуг по обязательному страхованию гражданской ответ	304.51801	304.51801	2	signal:hasFact,signal:signed
УД	ВСЕ	103	104	абонентская плата муждугородных тел соединений / Оказание услуг связи юридическому лицу, ф	770	770	3	epgrade:lawful-exclusive,signal:hasFact,signal:signed
УД	ВСЕ	104	105	Приобритение офисной бумаги / Поставка бумаги для офисной техники 	328.50225	236.51098	5	hygiene:G:edge_space,signal:economyFlag,signal:hasFact,signal:highEconomy,signal:signed
УД	ВСЕ	105	106	Поставка ГСМ 2 полугодие потребность 2250 / Поставка горюче-смазочных материалов	2250	2250	2	signal:hasFact,signal:signed
УД	ВСЕ	106	108	Вывоз и уборка снега / оказание услуг по зимнему содержанию территории	96	66	5	epgrade:unfounded,signal:epFactDeviation,signal:hasFact,signal:signed,signal:unmappedReasonEP
УД	ВСЕ	107	110	Приобритение канцтоваров / поставка канцелярских принадлежностей	45.10166	28.4733	4	rule:status_on_data_rows,signal:hasFact,signal:highEconomy,signal:signed
УД	ВСЕ	108	111	Приобритение канцтоваров / поставка канцелярских принадлежностей	22.19981	11.68881	5	rule:status_on_data_rows,signal:factDateBeforePlan,signal:hasFact,signal:highEconomy,signal:signed
УД	ВСЕ	109	112	поставка салфеток гигиенических влажных салфеток и бумаги туалетной	12.4305	12.4305	4	comment:denial_when_signed,signal:factDateBeforePlan,signal:hasFact,signal:signed
УД	ВСЕ	110	113	поставка изделий хозяйственного назначения деревянных_швабры / Поставка изделий хозяйствен	3.0444	3.0444	4	hygiene:G:edge_space,signal:factDateBeforePlan,signal:hasFact,signal:signed
УД	ВСЕ	111	114	поставка мешков полимерных	48.219	48.219	3	signal:factDateBeforePlan,signal:hasFact,signal:signed
УД	ВСЕ	112	115	Приобритение новых огнетушителей, и знаков пожарной безопасности / Огнетушитель 	82.19997	81	5	comment:ep_reason_on_competitive,hygiene:G:edge_space,signal:hasFact,signal:lowCompetition,signal:signed
УД	ВСЕ	113	118	Услуги по техническим испытаниям пожарных кранов/гидрантов 2 раза в год / оказание услуг п	73.8	73.8	3	signal:factDateBeforePlan,signal:hasFact,signal:signed
УД	ВСЕ	114	119	Поставка огнетушителей ОП 4 / Огнетушитель 	22.82672	22.08	5	comment:ep_reason_on_competitive,hygiene:G:edge_space,signal:factDateBeforePlan,signal:hasFact,signal:signed
УД	ВСЕ	115	121	Техосмотр ТС / оказание услуг по проведению технического осмотра (Легковые ТС)	29.7	29.7	3	epgrade:lawful-exclusive,signal:hasFact,signal:signed
УД	ВСЕ	116	122	Сервисное обслуживание нового Автомобиля УАЗ (2 РАЗА)	32.006	32.006	3	epgrade:lawful-exclusive,signal:hasFact,signal:signed
УД	ВСЕ	117	123	сотовая связь: кол центр / предоставление услуг связи	173.6	173.6	3	epgrade:lawful-exclusive,signal:hasFact,signal:signed
УД	ВСЕ	118	124	Аренда помещений на Завойко 6 / аренды нежилого помещения, расположенного по адресу: Камча	789.74898	789.74898	4	epgrade:lawful-exclusive,signal:epRisk,signal:hasFact,signal:signed
УД	ВСЕ	119	126	Камчатскэнерго ПАО (э/э) / Энергоснабжение (Мурманская, 19)	5032.46972	5032.46972	3	epgrade:discretionary,signal:hasFact,signal:signed
УД	ВСЕ	120	127	Трофимов, ассенизация 2026 / оказание услуг по ассенизации	216	216	3	epgrade:lawful-exclusive,signal:hasFact,signal:signed
УД	ВСЕ	121	128	Закупка рыбы трескообразной мороженной минтай / поставка рыбы трескообразной мороженной	1391.454	1203.60771	3	rule:status_on_data_rows,signal:hasFact,signal:signed
УД	ВСЕ	122	129	Поставка крупы ячневой, крупы пшеничной	624.6345	477.84504	4	rule:status_on_data_rows,signal:economyConflict,signal:hasFact,signal:signed
УД	ВСЕ	123	130	Поставка дез.средств / Поставка средства дезинфицирующее	193.59984	193.59984	3	signal:factDateBeforePlan,signal:hasFact,signal:signed
УД	ВСЕ	124	131	Оказание услуг по механизированной уборке территории от снега / оказание услуг по зимнему 	138	138	3	epgrade:lawful-exclusive,signal:hasFact,signal:signed
УД	ВСЕ	125	132	АО Спецтранс (ТКО) / оказание услуг по обращению твердыми коммунальными услугами (Мурманск	189.89304	189.89304	3	epgrade:lawful-exclusive,signal:hasFact,signal:signed
УД	ВСЕ	126	134	Телематические услуги связи (интернет)	45.96875	45.9685	3	epgrade:lawful-exclusive,signal:hasFact,signal:signed
УД	ВСЕ	127	139	Закупка рыбы трескообразной мороженной / Поставка рыбы трескообразной мороженной	306.5232	195	5	signal:economyFlag,signal:factDateBeforePlan,signal:hasFact,signal:highEconomy,signal:signed
УД	ВСЕ	128	140	Поставка крупы ячневой, крупы пшеничной	201.495	200.46	4	rule:status_on_data_rows,signal:hasFact,signal:lowCompetition,signal:signed
УД	ВСЕ	129	143	футболка поло трикотажная / поставка футболок трикотажных	37.00602	37.00602	3	epgrade:lawful-exclusive,signal:hasFact,signal:signed
УД	ВСЕ	130	144	Утилизация биоотходов / оказание услуг по утилизации биологических отходов в биотермическу	14.25	14.25	3	epgrade:lawful-exclusive,signal:hasFact,signal:signed
УД	ВСЕ	131	145	Утилизация биоотходов в биометрическую яму 1 партия груза / оказание услуг по утилизации б	6.075	2.5507	5	epgrade:lawful-exclusive,rule:status_on_data_rows,signal:epFactDeviation,signal:hasFact,signal:signed
УД	ВСЕ	132	147	Дезинсекция помещений / оказание услуг по проведению дезинфекционных мероприятий	14.88564	14.88564	3	epgrade:lawful-exclusive,signal:hasFact,signal:signed
УД	ВСЕ	133	150	Телематические услуги связи (интернет) / оказание телематических услуг связи	4.179	4.179	3	epgrade:lawful-exclusive,signal:hasFact,signal:signed
УД	ВСЕ	134	151	1.1.3. возмещение эл энергии техникум ЕГП 	20	20	6	epgrade:unfounded,hygiene:G:edge_space,hygiene:G:invisible_char,signal:epJustificationMissing,signal:hasFact,signal:signed
УД	ВСЕ	135	152	Основной канал связи Интернет ЕМР на 3 мес. / оказание комплексных услуг по передаче данны	106.13	106.13	4	hygiene:G:invisible_char,signal:factDateBeforePlan,signal:hasFact,signal:signed
УД	ВСЕ	136	153	ЭТО / оказание услуг эксплуатационно- технического обслуживания муниципальной системы опов	233.14496	233.14496	4	hygiene:G:invisible_char,signal:factDateBeforePlan,signal:hasFact,signal:signed
УД	ВСЕ	137	154	Основной канал связи Интернет ЕМР на 6 мес. (с 01.01.2026 по 30.06.2026 гг.) / оказание ко	477.60048	477.60048	3	hygiene:G:edge_space,signal:hasFact,signal:signed
УД	ВСЕ	138	155	Эксплуатационно-техническое обслуживание ЕМР на 12 мес. (с 01.01.2026 по 31.12.2026 гг.) /	4357.506	4357.506	2	signal:hasFact,signal:signed
УД	ВСЕ	139	156	Сим-карты ЕМР на 12 мес. (с 01.01.2026 по 31.12.2026 гг.) / оказание услуг подвижной связи	165	165	3	epgrade:lawful-exclusive,signal:hasFact,signal:signed
УД	ВСЕ	140	157	Основной канал связи Интернет ЕГП на 3 мес. (с 01.01.2026 по 31.03.2026 гг.) / оказание ко	79.60008	79.60008	2	signal:hasFact,signal:signed
УД	ВСЕ	141	158	Эксплуатационно-техническое обслуживание ЕГП на 3 мес. (с 01.01.2026 по 31.03.2026 гг.) / 	348.60048	348.60048	2	signal:hasFact,signal:signed
УД	ВСЕ	142	159	Сим-карты ЕГП на 12 мес. (с 01.01.2026 по 31.12.2026 гг.) / оказание услуг подвижной связи	52.8	52.8	3	epgrade:lawful-exclusive,signal:hasFact,signal:signed
УД	ВСЕ	143	160	ремонт зарядного устройства КУЛОН МСОН ЕМР / выполнение работ по ремонту составных частей 	12	12	3	epgrade:lawful-exclusive,signal:hasFact,signal:signed
УД	ВСЕ	144	162	Хозяйственная деятельность, непредвиденные/аварийные работы	55.57	0	1	epgrade:lawful-exclusive
УД	ВСЕ	145	163	приобретение АКБ	76.26658	25.5	5	comment:ep_reason_on_competitive,signal:factDateBeforePlan,signal:hasFact,signal:highEconomy,signal:signed
УД	ВСЕ	146	164	возмездное оказание курьерских услуг (доставка оборудования МСОН к месту диагностики)	21.09	21.09	4	comment:stage_marker_when_signed,epgrade:lawful-exclusive,signal:hasFact,signal:signed
УД	ВСЕ	147	165	контур / на право использования программы для ЭВМ "Контур.Экстерн" и оказание услуг по соп	22.9	22.9	3	epgrade:lawful-exclusive,signal:hasFact,signal:signed
УД	ВСЕ	148	166	Приобретение мебели офисной_полки навесные / Полка навесная	12.74165	11.5	4	comment:ep_reason_on_competitive,signal:economyFlag,signal:hasFact,signal:signed
УД	ВСЕ	149	167	Приобретение мебели офисной_тумбы офисные / Тумба офисная деревянная 	58.5383	53.5	5	comment:ep_reason_on_competitive,hygiene:G:edge_space,signal:economyFlag,signal:hasFact,signal:signed
УД	ВСЕ	150	168	Приобретение мебели офисной_кресла офисные / Кресло офисное 	55.31799	48.315	5	comment:ep_reason_on_competitive,hygiene:G:edge_space,signal:economyFlag,signal:hasFact,signal:signed
УД	ВСЕ	151	169	Приобретение мебели офисной_стол офисный / Стол письменный 	22.784	19.586	5	comment:ep_reason_on_competitive,hygiene:G:edge_space,signal:economyFlag,signal:hasFact,signal:signed
УД	ВСЕ	152	170	Приобретение мебели офисной_столы офисные / Стол письменный 	34.176	29.379	5	comment:ep_reason_on_competitive,hygiene:G:edge_space,signal:economyFlag,signal:hasFact,signal:signed
УД	ВСЕ	153	172	6.5.1.3., 6.5.1.7., 6.5.1.9., 6.5.1.11 полиграфия_подарочная продукция / канцелярские това	44.79467	44.79467	3	epgrade:lawful-exclusive,signal:hasFact,signal:signed
УД	ВСЕ	154	173	выполнение ремонтных работ (выполнение ремонтных работ рольставни)	52.93	52.93	3	epgrade:lawful-exclusive,signal:hasFact,signal:signed
УД	ВСЕ	155	174	3.1.1.2. оказание услуг по предоставлению неисключительных (пользовательских) прав на испо	1327.96687	1327.97	4	comment:stage_marker_when_signed,signal:factDateBeforePlan,signal:hasFact,signal:signed
УД	ВСЕ	156	175	2.2.3.1., 5.2.2.1. Выполнение работ по изготовлению полиграфической продукции (бланков офи	33.6	33.6	3	epgrade:lawful-exclusive,signal:hasFact,signal:signed
УД	ВСЕ	157	176	3.3.1.1. Оказание комплексных услуг по передаче данных, организации доступа в сеть Интерне	1090.8	1090.8	3	hygiene:G:edge_space,signal:hasFact,signal:signed
УД	ВСЕ	158	178	оказание услуг связи	20	20	3	epgrade:lawful-exclusive,signal:hasFact,signal:signed
УД	ВСЕ	159	179	оказание услуг почтовой связи, дополнительных и иных услуг (КДН)	120	120	3	epgrade:lawful-exclusive,signal:hasFact,signal:signed
УД	ВСЕ	160	180	оказание услуг почтовой связи, дополнительных и иных услуг (УД)	50	50	3	epgrade:lawful-exclusive,signal:hasFact,signal:signed
УД	ВСЕ	161	181	оказание услуг по помывке в бане отдельных категорий граждан	9.5	9.5	3	epgrade:lawful-exclusive,signal:hasFact,signal:signed
УД	ВСЕ	162	182	поставка конвертов почтовых бумажных	262.79999999999995	258.85799	5	rule:status_on_data_rows,signal:factDateBeforePlan,signal:hasFact,signal:lowCompetition,signal:signed
УД	ВСЕ	163	183	Поставка бумаги для офисной техники в рамках реализации муниципальной программы "Совершенс	34.0669	27.82966	3	signal:factDateBeforePlan,signal:hasFact,signal:signed
УД	ВСЕ	164	186	2.1.1.4, 2.1.1.6, 2.2.1.3, 2.2.1.4, 2.2.1.5, 2.2.2.3, 2.2.2.4, 2.2.2.6/ изготовление банне	380	380	3	signal:factDateBeforePlan,signal:hasFact,signal:signed
УД	ВСЕ	165	187	2.2.1.5 / поставка полиграфической продукции	118.08507	45.04785	4	signal:factDateBeforePlan,signal:hasFact,signal:highEconomy,signal:signed
УД	ВСЕ	166	23/1	2.2.3.2. Организация и проведение официальных мероприятий (приемов, конференций, совещаний	34.16933	0	1	epgrade:lawful-exclusive
УД	ВСЕ	167	24/1	2.2.3.1. Приобретение и изготовление наградной, представительской и полиграфической продук	8.5045	8.5045	3	epgrade:lawful-exclusive,signal:hasFact,signal:signed
УД	ВСЕ	168	23/2	2.2.3.2. Организация и проведение официальных мероприятий (приемов, конференций, совещаний	5.29774	5.29774	3	epgrade:lawful-exclusive,signal:hasFact,signal:signed
УД	ВСЕ	169	24/2	2.2.3.1. Приобретение и изготовление наградной, представительской и полиграфической продук	7.005	7.005	3	epgrade:lawful-exclusive,signal:hasFact,signal:signed
УД	ВСЕ	170	23/3	2.2.3.2. Организация и проведение официальных мероприятий (приемов, конференций, совещаний	14.15131	14.15131	3	epgrade:lawful-exclusive,signal:hasFact,signal:signed
УД	ВСЕ	171	24/3	2.2.3.1. Приобретение и изготовление наградной, представительской и полиграфической продук	20.266	20.266	3	epgrade:lawful-exclusive,signal:hasFact,signal:signed
УД	ВСЕ	172	23/4	2.2.3.2. Организация и проведение официальных мероприятий (приемов, конференций, совещаний	2.7179	2.7179	3	epgrade:lawful-exclusive,signal:hasFact,signal:signed
УД	ВСЕ	173	24/4	2.2.3.1. Приобретение и изготовление наградной, представительской и полиграфической продук	1.689	1.689	3	epgrade:lawful-exclusive,signal:hasFact,signal:signed
УД	ВСЕ	174	23/5	2.2.3.2. Организация и проведение официальных мероприятий (приемов, конференций, совещаний	2.689	2.689	3	epgrade:lawful-exclusive,signal:hasFact,signal:signed
УД	ВСЕ	175	24/5	2.2.3.1. Приобретение и изготовление наградной, представительской и полиграфической продук	68.95151	0	1	epgrade:lawful-exclusive
УД	ВСЕ	176	24/6	2.2.3.1. Приобретение и изготовление наградной, представительской и полиграфической продук	4.10518	4.10518	3	epgrade:lawful-exclusive,signal:hasFact,signal:signed
УД	ВСЕ	177	24/7	2.2.3.1. Приобретение и изготовление наградной, представительской и полиграфической продук	28.848	28.848	3	epgrade:lawful-exclusive,signal:hasFact,signal:signed
УД	ВСЕ	178	121/1	Техосмотр ТС / оказание услуг по проведению технического осмотра (Автобус)	8.57053	8.57053	4	epgrade:unfounded,signal:hasFact,signal:signed,signal:unmappedReasonEP
УД	ВСЕ	179	157/1	оказание комплексных услуг по передаче данных, организации доступа в сеть Интернет для объ	132.6664	132.6664	2	signal:hasFact,signal:signed
УД	ВСЕ	180	158/1	оказание услуг эксплуатационно- технического обслуживания муниципальной системы оповещения	816.00736	816.00736	3	signal:factDateBeforePlan,signal:hasFact,signal:signed
УД	ВСЕ	181	162/1	Хозяйственная деятельность, непредвиденные/аварийные работы (муницпальный контракт на оказ	7.5	7.5	3	epgrade:lawful-exclusive,signal:hasFact,signal:signed
УД	ВСЕ	182	162/2	Хозяйственная деятельность, непредвиденные/аварийные работы (муницпальный контракт на пост	14.2	14.2	3	epgrade:lawful-exclusive,signal:hasFact,signal:signed
УД	ВСЕ	183	162/3	Хозяйственная деятельность, непредвиденные/аварийные работы (муницпальный контракт на пост	40.1	40.1	3	epgrade:lawful-exclusive,signal:hasFact,signal:signed
УД	ВСЕ	184	162/4	Хозяйственная деятельность, непредвиденные/аварийные работы (муницпальный контракт на оказ	29.7	29.7	3	epgrade:lawful-exclusive,signal:hasFact,signal:signed
УД	ВСЕ	185	173/1	выполнение работ по изготовлению информационной таблички	7	7	4	epgrade:unfounded,signal:hasFact,signal:signed,signal:unmappedReasonEP
УД	ВСЕ	186	173/10	поверка прибора, доставка	12	0	2	epgrade:lawful-exclusive,signal:planYearMissing
УД	ВСЕ	187	173/11	услуги по оценке имущественного права	50	0	2	epgrade:lawful-exclusive,signal:planYearMissing
УД	ВСЕ	188	173/12	холодное водоснабжение и водоотведение	179.51432	179.51	3	epgrade:lawful-exclusive,signal:hasFact,signal:signed
УД	ВСЕ	189	173/13	Выполнение работ по изготовлению вольеров	5292.3984	5292.3984	4	epgrade:lawful-exclusive,signal:epRisk,signal:hasFact,signal:signed
УД	ВСЕ	190	173/14	Оказание услуг по модернизации системы защиты в части приведения в соответствие требования	1966.74332	0	1	signal:planSoon
УД	ВСЕ	191	173/15	Оказание услуг по модернизации системы защиты информации	68.52142	0	2	comment:missing_procedure_ref,signal:planSoon
УД	ВСЕ	192	173/2	выполнение ремонтных работ (в поэтажном электрическом щите: Ленина, д.10)	14.9422	14.9422	3	epgrade:lawful-exclusive,signal:hasFact,signal:signed
УД	ВСЕ	193	173/3	предоставление услуг связи (СИМ-карты, сотовая связь)	46.196	46.196	3	epgrade:lawful-exclusive,signal:hasFact,signal:signed
УД	ВСЕ	194	173/5	Поставка индивидуальных рационов питания (ИРП) в рамках реализации муниципальной программы	177.999	164.641	3	rule:status_on_data_rows,signal:hasFact,signal:signed
УД	ВСЕ	195	173/6	Поставка лекарственных препаратов для ветеринарного назначения	339.6899	339.6899	2	signal:hasFact,signal:signed
УД	ВСЕ	196	173/7	Поставка крупы ячневой, крупы пшеничной	580.53	365.7339	4	signal:factDateBeforePlan,signal:hasFact,signal:highEconomy,signal:signed
УД	ВСЕ	197	173/8	Поставка рыбы трескообразной мороженной	779.65622	560.57	4	signal:factDateBeforePlan,signal:hasFact,signal:highEconomy,signal:signed
УД	ВСЕ	198	173/9	Оказание услуг по предоставлению неисключительных пользовательских прав на программный про	24	24	3	epgrade:lawful-exclusive,signal:hasFact,signal:signed
УД	ВСЕ	199	177/13	Основной канал связи Интернет ЕМР на 6 мес. (с 01.07.2026 по 31.12.2026 гг.) / оказание ко	477.6	477.60048	3	signal:factDateBeforePlan,signal:hasFact,signal:signed
УД	ВСЕ	200	33/1	2.2.4.1, 4.1.2, 5.2.2.1/ приобретение рамок А4	17.6	17.6	3	epgrade:lawful-exclusive,signal:hasFact,signal:signed
УД	ВСЕ	201	173/16	Визуально-инструментальное обследование здания ул. Ленина, 10	480	0	1	epgrade:lawful-exclusive
УДТХ	УДТХ	4	4	Содержание мест (площадок) накопления твердых коммунальных отходов на территории Паратунск	1210.59135	1210.59135	4	rule:row_numbering,rule:text_hygiene,signal:hasFact,signal:signed
УДТХ	УДТХ	5	59	Содержание мест (площадок) накопления твердых коммунальных отходов на территории Пионерско	1540.36774	1540.36774	2	signal:hasFact,signal:signed
УДТХ	УДТХ	6	60	Содержание мест (площадок) накопления твердых коммунальных отходов на территории Раздольне	642.09499	642.09499	2	signal:hasFact,signal:signed
УДТХ	УДТХ	7	10	Содержание автомобильных дорог общего пользования местного значения	1599.79974	1599.79974	3	signal:factDateBeforePlan,signal:hasFact,signal:signed
УДТХ	УДТХ	8	24	Холодное водоснабжение	3.13536	3.13536	3	epgrade:lawful-exclusive,signal:hasFact,signal:signed
УДТХ	УДТХ	9	18	Отлов животных без владельцев, в том числе их транспортировка и немедленная передача в при	4000	4000	2	signal:hasFact,signal:signed
УДТХ	УДТХ	10	20	Отлов животных без владельцев, в том числе их транспортировка и немедленная передача в при	153.1	153.1	3	epgrade:discretionary,signal:hasFact,signal:signed
УДТХ	УДТХ	11	21	Услуги междугородной телефонной связи 	182.42366	182.42366	5	epgrade:lawful-exclusive,hygiene:G:edge_space,hygiene:G:invisible_char,signal:hasFact,signal:signed
УДТХ	УДТХ	12	22	Услуги внутризоновой телефонной связи	15.9863	15.9863	3	epgrade:lawful-exclusive,signal:hasFact,signal:signed
УДТХ	УДТХ	13	23	Услуги по обращению с ТКО	17.51172	17.51172	3	epgrade:lawful-exclusive,signal:hasFact,signal:signed
УДТХ	УДТХ	14	61	Содержание мест (площадок) накопления твердых коммунальных отходов на территории Новолесно	1878.5448	1878.5448	2	signal:hasFact,signal:signed
УДТХ	УДТХ	15	28	Консультационно-технологические услуги по программам "1С:Предприятие 8"	261.6	261.6	5	epgrade:unfounded,hygiene:G:missing_space_after_punct,signal:hasFact,signal:signed,signal:unmappedReasonEP
УДТХ	УДТХ	16	29	Информационно-технологические материалы фирмы "1С" для системы программ "1С:Предприятие" Л	49.992	49.992	5	epgrade:unfounded,hygiene:G:missing_space_after_punct,signal:hasFact,signal:signed,signal:unmappedReasonEP
УДТХ	УДТХ	17	27	Услуги по сбору и перевозке сточных вод ассенизационным автотранспортом с объектов заказчи	96	96	3	epgrade:verified-benefit,signal:hasFact,signal:signed
УДТХ	УДТХ	18	44	Приобретение цветов	32	32	3	epgrade:discretionary,signal:hasFact,signal:signed
УДТХ	УДТХ	19	26	Поставка электрической энергии	415.829	415.829	3	epgrade:lawful-exclusive,signal:hasFact,signal:signed
УДТХ	УДТХ	20	50	Приобретение и подключение камер видеонаблюдения	43.586999999999996	43.587	4	epgrade:unfounded,signal:hasFact,signal:signed,signal:unmappedReasonEP
УДТХ	УДТХ	21	48	Услуги сотовой связи	278.82581	278.82581	3	epgrade:lawful-exclusive,signal:hasFact,signal:signed
УДТХ	УДТХ	22	5	Принятие мер по недопущению причинения вреда окружающей среде при размещении бесхозяйных о	3911.5699200000004	3911.5699200000004	2	signal:hasFact,signal:signed
УДТХ	УДТХ	23	62	Содержание мест (площадок) накопления твердых коммунальных отходов на территории Новолесно	1878.5448	1878.5448	2	signal:hasFact,signal:signed
УДТХ	УДТХ	24	25	Поставка тепловой энергии	1078.28541	1078.28541	4	epgrade:lawful-exclusive,signal:epRisk,signal:hasFact,signal:signed
УДТХ	УДТХ	25	7	Изготовление и установка информационных знаков (табличек) о недопущении загрязнения окружа	472.67856000000006	472.67856	3	signal:hasFact,signal:lowCompetition,signal:signed
УДТХ	УДТХ	26	8	Изготовление и размещение информационных материалов по вопросам повышения экологической ку	860.744	860.7440000000001	3	hygiene:G:edge_space,signal:hasFact,signal:signed
УДТХ	УДТХ	27	1	Выявление и ликвидация мест несанкционированного размещения безхозяйных отходов на террито	1962.2622600000002	1962.2622600000002	3	hygiene:G:invisible_char,signal:hasFact,signal:signed
УДТХ	УДТХ	28	58	поставка дорожных знаков	57.75	57.75	4	epgrade:unfounded,signal:hasFact,signal:signed,signal:unmappedReasonEP
УДТХ	УДТХ	29	57	Содержание автомобильных дорог общего пользования местного значения	599.96652	599.96652	4	epgrade:unfounded,signal:hasFact,signal:signed,signal:unmappedReasonEP
УДТХ	УДТХ	30	56	Содержание автомобильных дорог общего пользования местного значения	14106.99127	14106.99127	2	signal:hasFact,signal:signed
УДТХ	УДТХ	31	49	Затраты на тех. обслуживание вычислительной техники. Заправка картриджей	10	10	3	epgrade:verified-benefit,signal:hasFact,signal:signed
УДТХ	УДТХ	32	6	Приобретение, монтаж (демонтаж) и содержание фотоловушек на местах несанкционированных сва	49.5	49.5	4	epgrade:unfounded,signal:hasFact,signal:signed,signal:unmappedReasonEP
УДТХ	УДТХ	33	45	Утилизация списанных основных средств, уничтожение архива	29.67	29.67	3	epgrade:discretionary,signal:hasFact,signal:signed
УДТХ	УДТХ	34	33	Приобретение компьютерных комплектующих, запасных частей и расходных материалов	94.67500000000001	94.675	3	epgrade:discretionary,signal:hasFact,signal:signed
УДТХ	УДТХ	35	55	Приобретение компьютерных комплектующих, запасных частей и расходных материалов	65	65	3	epgrade:discretionary,signal:hasFact,signal:signed
УДТХ	УДТХ	36	67	диспансеризация	7.39	7.39	4	epgrade:unfounded,signal:hasFact,signal:signed,signal:unmappedReasonEP
УДТХ	УДТХ	37	12	Ремонт автомобильной дороги общего пользования местного значения "Садовое кольцо-подъезд к	3818.61349	3818.61349	3	signal:factDateBeforePlan,signal:hasFact,signal:signed
УДТХ	УДТХ	38	19	Затраты на проведение текущего ремонта помещений 	300.91393999999997	300.91394	5	hygiene:G:edge_space,hygiene:G:invisible_char,signal:factDateBeforePlan,signal:hasFact,signal:signed
УДТХ	УДТХ	39	31	Услуги по проведению диспансеризации 	16.926000000000002	16.926	6	epgrade:unfounded,hygiene:G:edge_space,hygiene:G:invisible_char,signal:hasFact,signal:signed,signal:unmappedReasonEP
УДТХ	УДТХ	40	32	Услуги по проведению диспансеризации 	74.439	74.439	6	epgrade:unfounded,hygiene:G:edge_space,hygiene:G:invisible_char,signal:hasFact,signal:signed,signal:unmappedReasonEP
УДТХ	УДТХ	41	75	Облако для хранения видео	4.99	4.99	3	epgrade:discretionary,signal:hasFact,signal:signed
УДТХ	УДТХ	42	76	Изготовление и установка дорожных знаков на автомобильной дороги общего пользования местно	169.47669	169.47669	3	epgrade:discretionary,signal:hasFact,signal:signed
УДТХ	УДТХ	43	3	Создание (реконструкция, ремонт) мест (площадок) накопления (раздельного накопления) тверд	3853	2966.939	4	rule:status_on_data_rows,signal:economyConflict,signal:hasFact,signal:signed
УДТХ	УДТХ	44	37	Заправка картриджей	47.75	47.75	3	epgrade:discretionary,signal:hasFact,signal:signed
УДТХ	УДТХ	45	51	Содержание мест (площадок) накопления твердых коммунальных отходов на территории ЕМР	136.3824	136.3824	3	epgrade:discretionary,signal:hasFact,signal:signed
УДТХ	УДТХ	46	52	Подбор, транспортировка и утилизация трупов животных, выявленных на межселенной территории	250	250	3	epgrade:discretionary,signal:hasFact,signal:signed
УДТХ	УДТХ	47	39	услуги нотариуса	7.5	7.5	4	epgrade:discretionary,sequence:duplicate,signal:hasFact,signal:signed
УДТХ	УДТХ	48	63	На оказание услуг по дератизации мест (площадок) накопления твердых коммунальных отходов н	2433.9214699999998	2433.92147	3	signal:factDateBeforePlan,signal:hasFact,signal:signed
УДТХ	УДТХ	49	13	Ремонт автомобильной дороги общего пользования местного значения  "Садовое кольцо-подъезд 	7745.86069	7745.86069	3	hygiene:G:invisible_char,signal:hasFact,signal:signed
УДТХ	УДТХ	50	79	Приобретение телефонов	8.59	8.59	3	epgrade:discretionary,signal:hasFact,signal:signed
УДТХ	УДТХ	51	65	Отлов животных без владельцев, в том числе их транспортировка и немедленная передача в при	1297.3471399999999	1297.34714	2	signal:hasFact,signal:signed
УДТХ	УДТХ	52	68	Содержание автомобильных дорог общего пользования местного значения (заливка трещин)	1749.0453400000001	1749.0453400000001	3	signal:factDateBeforePlan,signal:hasFact,signal:signed
УДТХ	УДТХ	53	74	Приобретение, монтаж (демонтаж) и содержание фотоловушек на местах несанкционированных сва	1193.59319	0	4	epgrade:unfounded,signal:epRisk,signal:overdue,signal:unmappedReasonEP
УДТХ	УДТХ	54	71	Приобретение средств защиты информации и систем управления ими	703.04895	703.04895	2	signal:hasFact,signal:signed
УДТХ	УДТХ	55	47	Приобретение канц. товаров,  офисной бумаги, хоз. товаров	225.84205999999998	179.843	6	epgrade:verified-benefit,hygiene:G:invisible_char,signal:epFactDeviation,signal:factWithoutDate,signal:hasFact,yearlong:stage
УДТХ	УДТХ	56	72	Установка средств защиты информации и систем управления ими	175.84789999999998	0	2	epgrade:lawful-exclusive,signal:planSoon
УДТХ	УДТХ	57	70	Ремонт автомобильной дороги общего пользования местного значения "Садовое кольцо-подъезд к	6547.166120000001	6547.16612	4	signal:factDateBeforePlan,signal:hasFact,signal:lowCompetition,signal:signed
УДТХ	УДТХ	58	80	Выявление и ликвидация мест несанкционированного размещения безхозяйных отходов на террито	3568.66884	0	3	comment:missing_procedure_ref,hygiene:G:invisible_char,signal:planSoon
УДТХ	УДТХ	59	81	Принятие мер по недопущению причинения вреда окружающей среде при размещении бесхозяйных о	2019.7614099999998	0	2	comment:missing_procedure_ref,signal:planSoon
УДТХ	УДТХ	60	53	Приобретение специализированной коммунальной техники, запасных частей и навесного оборудов	790.67199	790.67199	2	signal:hasFact,signal:signed
УДТХ	УДТХ	61	54	Почтовые услуги	152.9	19.32026	5	epgrade:lawful-exclusive,signal:epFactDeviation,signal:factWithoutDate,signal:hasFact,yearlong:stage
УДТХ	УДТХ	62	77	Приобретение МФУ, накопитель	37.799	37.799	3	epgrade:discretionary,signal:hasFact,signal:signed
УДТХ	УДТХ	63	78	Содержание автомобильных дорог общего пользования местного значения 	2078.38666	0	2	comment:missing_procedure_ref,hygiene:G:edge_space
УДТХ	УДТХ	64	38	Услуги почтовой связи	25	18.86074	5	epgrade:lawful-exclusive,signal:epFactDeviation,signal:factWithoutDate,signal:hasFact,yearlong:stage
УДТХ	УДТХ	65	34	Право использования и абонентское обслуживание Системы "Контур. Экстерн"	20.21	0	2	epgrade:unfounded,signal:unmappedReasonEP
УДТХ	УДТХ	66	30	Передача неисключительных (ограниченных) пользовательских прав на использование программы 	19.605	0	4	epgrade:unfounded,hygiene:G:edge_space,hygiene:G:invisible_char,signal:unmappedReasonEP
УДТХ	УДТХ	67	39	услуги нотариуса	5.9	5.9	4	epgrade:discretionary,sequence:duplicate,signal:hasFact,signal:signed
УДТХ	УДТХ	68	82	Приобретение специализированной коммунальной техники, запасных частей и навесного оборудов	995.375	728.9574	5	rule:status_on_data_rows,signal:factDateBeforePlan,signal:hasFact,signal:highEconomy,signal:signed
УДТХ	УДТХ	69	83	Приобретение специализированной коммунальной техники, запасных частей и навесного оборудов	2131.91575	0	2	comment:missing_procedure_ref,signal:planSoon
УДТХ	УДТХ	70	84	Приобретение специализированной коммунальной техники, запасных частей и навесного оборудов	22875.03099	0	2	comment:missing_procedure_ref,signal:planYearMissing
УДТХ	УДТХ	71			0	0	0	
УДТХ	УДТХ	72			0	0	0	
УДТХ	УДТХ	73			0	0	0	
УДТХ	УДТХ	74			0	0	0	
УДТХ	УДТХ	75			0	0	0	
УДТХ	УДТХ	76			0	0	0	
УДТХ	УДТХ	77			0	0	0	
УДТХ	УДТХ	78			0	0	0	
УДТХ	УДТХ	79			0	0	0	
УДТХ	УДТХ	80			0	0	0	
УДТХ	УДТХ	81			0	0	0	
УДТХ	УДТХ	82			0	0	0	
УДТХ	УДТХ	83			0	0	0	
УДТХ	УДТХ	84			0	0	0	
УДТХ	УДТХ	85			0	0	0	
УДТХ	УДТХ	86			0	0	0	
УДТХ	УДТХ	87			0	0	0	
УДТХ	УДТХ	88			0	0	0	
УДТХ	УДТХ	89			0	0	0	
УДТХ	УДТХ	90			0	0	0	
УДТХ	УДТХ	91			0	0	0	
УДТХ	УДТХ	92			0	0	0	
УДТХ	УДТХ	93			0	0	0	
УДТХ	УДТХ	94			0	0	0	
УДТХ	УДТХ	95			0	0	0	
УДТХ	УДТХ	96			0	0	0	
УДТХ	УДТХ	97			0	0	0	
УДТХ	УДТХ	98			0	0	0	
УДТХ	УДТХ	99			0	0	0	
УДТХ	УДТХ	100			0	0	0	
УДТХ	УДТХ	101			0	0	0	
УДТХ	УДТХ	102			0	0	0	
УДТХ	УДТХ	103			0	0	0	
УДТХ	УДТХ	104			0	0	0	
УДТХ	УДТХ	105			0	0	0	
УДТХ	УДТХ	106			0	0	0	
УДТХ	УДТХ	107			0	0	0	
УДТХ	УДТХ	108			0	0	0	
УДТХ	УДТХ	109			0	0	0	
УДТХ	УДТХ	110			0	0	0	
УДТХ	УДТХ	111			0	0	0	
УДТХ	УДТХ	112			0	0	0	
УДТХ	УДТХ	113			0	0	0	
УДТХ	УДТХ	114			0	0	0	
УДТХ	УДТХ	115			0	0	0	
УДТХ	УДТХ	116			0	0	0	
УДТХ	УДТХ	117			0	0	0	
УДТХ	УДТХ	118			0	0	0	
УДТХ	УДТХ	119			0	0	0	
УДТХ	УДТХ	120			0	0	0	
УДТХ	УДТХ	121			0	0	0	
УДТХ	УДТХ	122			0	0	0	
УДТХ	УДТХ	123			0	0	0	
УДТХ	УДТХ	124			0	0	0	
УДТХ	УДТХ	125			0	0	0	
УДТХ	УДТХ	126			0	0	0	
УДТХ	УДТХ	127			0	0	0	
УДТХ	УДТХ	128			0	0	0	
УДТХ	УДТХ	129			0	0	0	
УДТХ	УДТХ	130			0	0	0	
УДТХ	УДТХ	131			0	0	0	
УДТХ	УДТХ	132			0	0	0	
УДТХ	УДТХ	133			0	0	0	
УДТХ	УДТХ	134			0	0	0	
УДТХ	УДТХ	135			0	0	0	
УДТХ	УДТХ	136			0	0	0	
УДТХ	УДТХ	137			0	0	0	
УДТХ	УДТХ	138			0	0	0	
УДТХ	УДТХ	139			0	0	0	
УДТХ	УДТХ	140			0	0	0	
УДТХ	УДТХ	141			0	0	0	
УДТХ	УДТХ	142			0	0	0	
УДТХ	УДТХ	143			0	0	0	
УДТХ	УДТХ	144			0	0	0	
УДТХ	УДТХ	145			0	0	0	
УДТХ	УДТХ	146			0	0	0	
УДТХ	УДТХ	147			0	0	0	
УДТХ	УДТХ	148			0	0	0	
УДТХ	УДТХ	149			0	0	0	
УДТХ	УДТХ	150			0	0	0	
УДТХ	УДТХ	151			0	0	0	
УДТХ	УДТХ	152			0	0	0	
УДТХ	УДТХ	153			0	0	0	
УДТХ	УДТХ	154			0	0	0	
УДТХ	УДТХ	155			0	0	0	
УДТХ	УДТХ	156			0	0	0	
УДТХ	УДТХ	157			0	0	0	
УДТХ	УДТХ	158			0	0	0	
УДТХ	УДТХ	159			0	0	0	
УДТХ	УДТХ	160			0	0	0	
УДТХ	УДТХ	161			0	0	0	
УДТХ	УДТХ	162			0	0	0	
УДТХ	УДТХ	163			0	0	0	
УДТХ	УДТХ	164			0	0	0	
УДТХ	УДТХ	165			0	0	0	
УДТХ	УДТХ	166			0	0	0	
УДТХ	УДТХ	167			0	0	0	
УДТХ	УДТХ	168			0	0	0	
УДТХ	УДТХ	169			0	0	0	
УДТХ	УДТХ	170			0	0	0	
УДТХ	УДТХ	171			0	0	0	
УДТХ	УДТХ	172			0	0	0	
УДТХ	УДТХ	173			0	0	0	
УДТХ	УДТХ	174			0	0	0	
УДТХ	УДТХ	175			0	0	0	
УДТХ	УДТХ	176			0	0	0	
УДТХ	УДТХ	177			0	0	0	
УДТХ	УДТХ	178			0	0	0	
УДТХ	УДТХ	179			0	0	0	
УДТХ	УДТХ	180			0	0	0	
УДТХ	УДТХ	181			0	0	0	
УДТХ	УДТХ	182			0	0	0	
УДТХ	УДТХ	183			0	0	0	
УДТХ	УДТХ	184			0	0	0	
УДТХ	УДТХ	185			0	0	0	
УДТХ	УДТХ	186			0	0	0	
УДТХ	УДТХ	187			0	0	0	
УДТХ	УДТХ	188			0	0	0	
УДТХ	УДТХ	189			0	0	0	
УДТХ	УДТХ	190			0	0	0	
УДТХ	УДТХ	191			0	0	0	
УДТХ	УДТХ	192			0	0	0	
УДТХ	УДТХ	193			0	0	0	
УДТХ	УДТХ	194			0	0	0	
УДТХ	УДТХ	195			0	0	0	
УДТХ	УДТХ	196			0	0	0	
УДТХ	УДТХ	197			0	0	0	
УДТХ	УДТХ	198			0	0	0	
УДТХ	УДТХ	199			0	0	0	
УДТХ	УДТХ	200			0	0	0	
УДТХ	УДТХ	201			0	0	0	
УДТХ	УДТХ	202			0	0	0	
УДТХ	УДТХ	203			0	0	0	
УДТХ	УДТХ	204			0	0	0	
УДТХ	УДТХ	205			0	0	0	
УДТХ	УДТХ	206			0	0	0	
УДТХ	УДТХ	207			0	0	0	
УДТХ	УДТХ	208			0	0	0	
УДТХ	УДТХ	209			0	0	0	
УДТХ	УДТХ	210			0	0	0	
УДТХ	УДТХ	211			0	0	0	
УДТХ	УДТХ	212			0	0	0	
УДТХ	УДТХ	213			0	0	0	
УДТХ	УДТХ	214			0	0	0	
УДТХ	УДТХ	215			0	0	0	
УДТХ	УДТХ	216			0	0	0	
УДТХ	УДТХ	217			0	0	0	
УДТХ	УДТХ	218			0	0	0	
УДТХ	УДТХ	219			0	0	0	
УДТХ	УДТХ	220			0	0	0	
УДТХ	УДТХ	221			0	0	0	
УДТХ	УДТХ	222			0	0	0	
УДТХ	УДТХ	223			0	0	0	
УДТХ	УДТХ	224			0	0	0	
УДТХ	УДТХ	225			0	0	0	
УДТХ	УДТХ	226			0	0	0	
УДТХ	УДТХ	227			0	0	0	
УДТХ	УДТХ	228			0	0	0	
УДТХ	УДТХ	229			0	0	0	
УДТХ	УДТХ	230			0	0	0	
УДТХ	УДТХ	231			0	0	0	
УДТХ	УДТХ	232			0	0	0	
УДТХ	УДТХ	233			0	0	0	
УДТХ	УДТХ	234			0	0	0	
УДТХ	УДТХ	235			0	0	0	
УДТХ	УДТХ	236			0	0	0	
УДТХ	УДТХ	237			0	0	0	
УДТХ	УДТХ	238			0	0	0	
УДТХ	УДТХ	239			0	0	0	
УДТХ	УДТХ	240			0	0	0	
УДТХ	УДТХ	241			0	0	0	
УДТХ	УДТХ	242			0	0	0	
УДТХ	УДТХ	243			0	0	0	
УДТХ	УДТХ	244			0	0	0	
УДТХ	УДТХ	245			0	0	0	
УДТХ	УДТХ	246			0	0	0	
УДТХ	УДТХ	247			0	0	0	
УДТХ	УДТХ	248			0	0	0	
УДТХ	УДТХ	249			0	0	0	
УДТХ	УДТХ	250			0	0	0	
УДТХ	УДТХ	251			0	0	0	
УДТХ	УДТХ	252			0	0	0	
УДТХ	УДТХ	253			0	0	0	
УДТХ	УДТХ	254			0	0	0	
УДТХ	УДТХ	255			0	0	0	
УДТХ	УДТХ	256			0	0	0	
УДТХ	УДТХ	257			0	0	0	
УДТХ	УДТХ	258			0	0	0	
УДТХ	УДТХ	259			0	0	0	
УДТХ	УДТХ	260			0	0	0	
УДТХ	УДТХ	261			0	0	0	
УДТХ	УДТХ	262			0	0	0	
УДТХ	УДТХ	263			0	0	0	
УДТХ	УДТХ	264			0	0	0	
УДТХ	УДТХ	265			0	0	0	
УДТХ	УДТХ	266			0	0	0	
УДТХ	УДТХ	267			0	0	0	
УДТХ	УДТХ	268			0	0	0	
УДТХ	УДТХ	269			0	0	0	
УДТХ	УДТХ	270			0	0	0	
УДТХ	УДТХ	271			0	0	0	
УДТХ	УДТХ	272			0	0	0	
УДТХ	УДТХ	273			0	0	0	
УДТХ	УДТХ	274			0	0	0	
УДТХ	УДТХ	275			0	0	0	
УДТХ	УДТХ	276			0	0	0	
УДТХ	УДТХ	277			0	0	0	
УДТХ	УДТХ	278			0	0	0	
УДТХ	УДТХ	279			0	0	0	
УДТХ	УДТХ	280			0	0	0	
УДТХ	УДТХ	281			0	0	0	
УДТХ	УДТХ	282			0	0	0	
УДТХ	УДТХ	283			0	0	0	
УДТХ	УДТХ	284			0	0	0	
УДТХ	УДТХ	285			0	0	0	
УДТХ	УДТХ	286			0	0	0	
УДТХ	УДТХ	287			0	0	0	
УДТХ	УДТХ	288			0	0	0	
УДТХ	УДТХ	289			0	0	0	
УДТХ	УДТХ	290			0	0	0	
УДТХ	УДТХ	291			0	0	0	
УДТХ	УДТХ	292			0	0	0	
УДТХ	УДТХ	293			0	0	0	
УДТХ	УДТХ	294			0	0	0	
УДТХ	УДТХ	295			0	0	0	
УДТХ	УДТХ	296			0	0	0	
УДТХ	УДТХ	297			0	0	0	
УДТХ	УДТХ	298			0	0	0	
УДТХ	УДТХ	299			0	0	0	
УДТХ	УДТХ	300			0	0	0	
УДТХ	УДТХ	301			0	0	0	
УДТХ	УДТХ	302			0	0	0	
УДТХ	УДТХ	303			0	0	0	
УДТХ	УДТХ	304			0	0	0	
УДТХ	УДТХ	305			0	0	0	
УДТХ	УДТХ	306			0	0	0	
УДТХ	УДТХ	307			0	0	0	
УДТХ	УДТХ	308			0	0	0	
УДТХ	УДТХ	309			0	0	0	
УДТХ	УДТХ	310			0	0	0	
УДТХ	УДТХ	311			0	0	0	
УДТХ	УДТХ	312			0	0	0	
УДТХ	УДТХ	313			0	0	0	
УДТХ	УДТХ	314			0	0	0	
УДТХ	УДТХ	315			0	0	0	
УДТХ	УДТХ	316			0	0	0	
УДТХ	УДТХ	317			0	0	0	
УДТХ	УДТХ	318			0	0	0	
УДТХ	УДТХ	319			0	0	0	
УДТХ	УДТХ	320			0	0	0	
УДТХ	УДТХ	321			0	0	0	
УДТХ	УДТХ	322			0	0	0	
УДТХ	УДТХ	323			0	0	0	
УДТХ	УДТХ	324			0	0	0	
УДТХ	УДТХ	325			0	0	0	
УДТХ	УДТХ	326			0	0	0	
УДТХ	УДТХ	327			0	0	0	
УДТХ	УДТХ	328			0	0	0	
УДТХ	УДТХ	329			0	0	0	
УДТХ	УДТХ	330			0	0	0	
УДТХ	УДТХ	331			0	0	0	
УДТХ	УДТХ	332			0	0	0	
УДТХ	УДТХ	333			0	0	0	
УДТХ	УДТХ	334			0	0	0	
УДТХ	УДТХ	335			0	0	0	
УДТХ	УДТХ	336			0	0	0	
УДТХ	УДТХ	337			0	0	0	
УДТХ	УДТХ	338			0	0	0	
УДТХ	УДТХ	339			0	0	0	
УДТХ	УДТХ	340			0	0	0	
УДТХ	УДТХ	341			0	0	0	
УДТХ	УДТХ	342			0	0	0	
УДТХ	УДТХ	343			0	0	0	
УДТХ	УДТХ	344			0	0	0	
УДТХ	УДТХ	345			0	0	0	
УДТХ	УДТХ	346			0	0	0	
УДТХ	УДТХ	347			0	0	0	
УДТХ	УДТХ	348			0	0	0	
УДТХ	УДТХ	349			0	0	0	
УДТХ	УДТХ	350			0	0	0	
УДТХ	УДТХ	351			0	0	0	
УДТХ	УДТХ	352			0	0	0	
УДТХ	УДТХ	353			0	0	0	
УДТХ	УДТХ	354			0	0	0	
УДТХ	УДТХ	355			0	0	0	
УДТХ	УДТХ	356			0	0	0	
УДТХ	УДТХ	357			0	0	0	
УДТХ	УДТХ	358			0	0	0	
УДТХ	УДТХ	359			0	0	0	
УДТХ	УДТХ	360			0	0	0	
УДТХ	УДТХ	361			0	0	0	
УДТХ	УДТХ	362			0	0	0	
УДТХ	УДТХ	363			0	0	0	
УДТХ	УДТХ	364			0	0	0	
УДТХ	УДТХ	365			0	0	0	
УДТХ	УДТХ	366			0	0	0	
УДТХ	УДТХ	367			0	0	0	
УДТХ	УДТХ	368			0	0	0	
УДТХ	УДТХ	369			0	0	0	
УДТХ	УДТХ	370			0	0	0	
УДТХ	УДТХ	371			0	0	0	
УДТХ	УДТХ	372			0	0	0	
УДТХ	УДТХ	373			0	0	0	
УДТХ	УДТХ	374			0	0	0	
УДТХ	УДТХ	375			0	0	0	
УДТХ	УДТХ	376			0	0	0	
УДТХ	УДТХ	377			0	0	0	
УДТХ	УДТХ	378			0	0	0	
УДТХ	УДТХ	379			0	0	0	
УДТХ	УДТХ	380			0	0	0	
УДТХ	УДТХ	381			0	0	0	
УДТХ	УДТХ	382			0	0	0	
УДТХ	УДТХ	383			0	0	0	
УДТХ	УДТХ	384			0	0	0	
УДТХ	УДТХ	385			0	0	0	
УДТХ	УДТХ	386			0	0	0	
УДТХ	УДТХ	387			0	0	0	
УДТХ	УДТХ	388			0	0	0	
УДТХ	УДТХ	389			0	0	0	
УДТХ	УДТХ	390			0	0	0	
УДТХ	УДТХ	391			0	0	0	
УДТХ	УДТХ	392			0	0	0	
УДТХ	УДТХ	393			0	0	0	
УДТХ	УДТХ	394			0	0	0	
УДТХ	УДТХ	395			0	0	0	
УДТХ	УДТХ	396			0	0	0	
УДТХ	УДТХ	397			0	0	0	
УДТХ	УДТХ	398			0	0	0	
УДТХ	УДТХ	399			0	0	0	
УДТХ	УДТХ	400			0	0	0	
УДТХ	УДТХ	401			0	0	0	
УДТХ	УДТХ	402			0	0	0	
УДТХ	УДТХ	403			0	0	0	
УДТХ	УДТХ	404			0	0	0	
УДТХ	УДТХ	405			0	0	0	
УДТХ	УДТХ	406			0	0	0	
УДТХ	УДТХ	407			0	0	0	
УДТХ	УДТХ	408			0	0	0	
УДТХ	УДТХ	409			0	0	0	
УДТХ	УДТХ	410			0	0	0	
УДТХ	УДТХ	411			0	0	0	
УДТХ	УДТХ	412			0	0	0	
УДТХ	УДТХ	413			0	0	0	
УДТХ	УДТХ	414			0	0	0	
УДТХ	УДТХ	415			0	0	0	
УДТХ	УДТХ	416			0	0	0	
УДТХ	УДТХ	417			0	0	0	
УДТХ	УДТХ	418			0	0	0	
УДТХ	УДТХ	419			0	0	0	
УДТХ	УДТХ	420			0	0	0	
УДТХ	УДТХ	421			0	0	0	
УДТХ	УДТХ	422			0	0	0	
УДТХ	УДТХ	423			0	0	0	
УДТХ	УДТХ	424			0	0	0	
УДТХ	УДТХ	425			0	0	0	
УДТХ	УДТХ	426			0	0	0	
УДТХ	УДТХ	427			0	0	0	
УДТХ	УДТХ	428			0	0	0	
УДТХ	УДТХ	429			0	0	0	
УДТХ	УДТХ	430			0	0	0	
УДТХ	УДТХ	431			0	0	0	
УДТХ	УДТХ	432			0	0	0	
УДТХ	УДТХ	433			0	0	0	
УДТХ	УДТХ	434			0	0	0	
УДТХ	УДТХ	435			0	0	0	
УДТХ	УДТХ	436			0	0	0	
УДТХ	УДТХ	437			0	0	0	
УДТХ	УДТХ	438			0	0	0	
УДТХ	УДТХ	439			0	0	0	
УДТХ	УДТХ	440			0	0	0	
УДТХ	УДТХ	441			0	0	0	
УДТХ	УДТХ	442			0	0	0	
УДТХ	УДТХ	443			0	0	0	
УДТХ	УДТХ	444			0	0	0	
УДТХ	УДТХ	445			0	0	0	
УДТХ	УДТХ	446			0	0	0	
УДТХ	УДТХ	447			0	0	0	
УДТХ	УДТХ	448			0	0	0	
УДТХ	УДТХ	449			0	0	0	
УДТХ	УДТХ	450			0	0	0	
УДТХ	УДТХ	451			0	0	0	
УДТХ	УДТХ	452			0	0	0	
УДТХ	УДТХ	453			0	0	0	
УДТХ	УДТХ	454			0	0	0	
УДТХ	УДТХ	455			0	0	0	
УДТХ	УДТХ	456			0	0	0	
УДТХ	УДТХ	457			0	0	0	
УДТХ	УДТХ	458			0	0	0	
УДТХ	УДТХ	459			0	0	0	
УДТХ	УДТХ	460			0	0	0	
УДТХ	УДТХ	461			0	0	0	
УДТХ	УДТХ	462			0	0	0	
УДТХ	УДТХ	463			0	0	0	
УДТХ	УДТХ	464			0	0	0	
УДТХ	УДТХ	465			0	0	0	
УДТХ	УДТХ	466			0	0	0	
УДТХ	УДТХ	467			0	0	0	
УДТХ	УДТХ	468			0	0	0	
УДТХ	УДТХ	469			0	0	0	
УДТХ	УДТХ	470			0	0	0	
УДТХ	УДТХ	471			0	0	0	
УДТХ	УДТХ	472			0	0	0	
УДТХ	УДТХ	473			0	0	0	
УДТХ	УДТХ	474			0	0	0	
УДТХ	УДТХ	475			0	0	0	
УДТХ	УДТХ	476			0	0	0	
УДТХ	УДТХ	477			0	0	0	
УДТХ	УДТХ	478			0	0	0	
УДТХ	УДТХ	479			0	0	0	
УДТХ	УДТХ	480			0	0	0	
УДТХ	УДТХ	481			0	0	0	
УДТХ	УДТХ	482			0	0	0	
УДТХ	УДТХ	483			0	0	0	
УДТХ	УДТХ	484			0	0	0	
УДТХ	УДТХ	485			0	0	0	
УДТХ	УДТХ	486			0	0	0	
УДТХ	УДТХ	487			0	0	0	
УДТХ	УДТХ	488			0	0	0	
УДТХ	УДТХ	489			0	0	0	
УДТХ	УДТХ	490			0	0	0	
УДТХ	УДТХ	491			0	0	0	
УДТХ	УДТХ	492			0	0	0	
УДТХ	УДТХ	493			0	0	0	
УДТХ	УДТХ	494			0	0	0	
УДТХ	УДТХ	495			0	0	0	
УДТХ	УДТХ	496			0	0	0	
УДТХ	УДТХ	497			0	0	0	
УДТХ	УДТХ	498			0	0	0	
УДТХ	УДТХ	499			0	0	0	
УДТХ	УДТХ	500			0	0	0	
УДТХ	УДТХ	501			0	0	0	
УДТХ	УДТХ	502			0	0	0	
УДТХ	УДТХ	503			0	0	0	
УДТХ	УДТХ	504			0	0	0	
УДТХ	УДТХ	505			0	0	0	
УДТХ	УДТХ	506			0	0	0	
УДТХ	УДТХ	507			0	0	0	
УДТХ	УДТХ	508			0	0	0	
УДТХ	УДТХ	509			0	0	0	
УДТХ	УДТХ	510			0	0	0	
УДТХ	УДТХ	511			0	0	0	
УДТХ	УДТХ	512			0	0	0	
УДТХ	УДТХ	513			0	0	0	
УДТХ	УДТХ	514			0	0	0	
УДТХ	УДТХ	515			0	0	0	
УДТХ	УДТХ	516			0	0	0	
УДТХ	УДТХ	517			0	0	0	
УДТХ	УДТХ	518			0	0	0	
УДТХ	УДТХ	519			0	0	0	
УДТХ	УДТХ	520			0	0	0	
УДТХ	УДТХ	521			0	0	0	
УДТХ	УДТХ	522			0	0	0	
УДТХ	УДТХ	523			0	0	0	
УДТХ	УДТХ	524			0	0	0	
УДТХ	УДТХ	525			0	0	0	
УДТХ	УДТХ	526			0	0	0	
УДТХ	УДТХ	527			0	0	0	
УДТХ	УДТХ	528			0	0	0	
УДТХ	УДТХ	529			0	0	0	
УДТХ	УДТХ	530			0	0	0	
УДТХ	УДТХ	531			0	0	0	
УДТХ	УДТХ	532			0	0	0	
УДТХ	УДТХ	533			0	0	0	
УДТХ	УДТХ	534			0	0	0	
УДТХ	УДТХ	535			0	0	0	
УДТХ	УДТХ	536			0	0	0	
УДТХ	УДТХ	537			0	0	0	
УДТХ	УДТХ	538			0	0	0	
УДТХ	УДТХ	539			0	0	0	
УДТХ	УДТХ	540			0	0	0	
УДТХ	УДТХ	541			0	0	0	
УДТХ	УДТХ	542			0	0	0	
УДТХ	УДТХ	543			0	0	0	
УДТХ	УДТХ	544			0	0	0	
УДТХ	УДТХ	545			0	0	0	
УДТХ	УДТХ	546			0	0	0	
УДТХ	УДТХ	547			0	0	0	
УДТХ	УДТХ	548			0	0	0	
УДТХ	УДТХ	549			0	0	0	
УДТХ	УДТХ	550			0	0	0	
УДТХ	УДТХ	551			0	0	0	
УДТХ	УДТХ	552			0	0	0	
УДТХ	УДТХ	553			0	0	0	
УДТХ	УДТХ	554			0	0	0	
УДТХ	УДТХ	555			0	0	0	
УДТХ	УДТХ	556			0	0	0	
УДТХ	УДТХ	557			0	0	0	
УДТХ	УДТХ	558			0	0	0	
УДТХ	УДТХ	559			0	0	0	
УДТХ	УДТХ	560			0	0	0	
УДТХ	УДТХ	561			0	0	0	
УДТХ	УДТХ	562			0	0	0	
УДТХ	УДТХ	563			0	0	0	
УДТХ	УДТХ	564			0	0	0	
УДТХ	УДТХ	565			0	0	0	
УДТХ	УДТХ	566			0	0	0	
УДТХ	УДТХ	567			0	0	0	
УДТХ	УДТХ	568			0	0	0	
УДТХ	УДТХ	569			0	0	0	
УДТХ	УДТХ	570			0	0	0	
УДТХ	УДТХ	571			0	0	0	
УДТХ	УДТХ	572			0	0	0	
УДТХ	УДТХ	573			0	0	0	
УДТХ	УДТХ	574			0	0	0	
УДТХ	УДТХ	575			0	0	0	
УДТХ	УДТХ	576			0	0	0	
УДТХ	УДТХ	577			0	0	0	
УДТХ	УДТХ	578			0	0	0	
УДТХ	УДТХ	579			0	0	0	
УДТХ	УДТХ	580			0	0	0	
УДТХ	УДТХ	581			0	0	0	
УДТХ	УДТХ	582			0	0	0	
УДТХ	УДТХ	583			0	0	0	
УДТХ	УДТХ	584			0	0	0	
УДТХ	УДТХ	585			0	0	0	
УДТХ	УДТХ	586			0	0	0	
УДТХ	УДТХ	587			0	0	0	
УДТХ	УДТХ	588			0	0	0	
УДТХ	УДТХ	589			0	0	0	
УДТХ	УДТХ	590			0	0	0	
УДТХ	УДТХ	591			0	0	0	
УДТХ	УДТХ	592			0	0	0	
УДТХ	УДТХ	593			0	0	0	
УДТХ	УДТХ	594			0	0	0	
УДТХ	УДТХ	595			0	0	0	
УДТХ	УДТХ	596			0	0	0	
УДТХ	УДТХ	597			0	0	0	
УДТХ	УДТХ	598			0	0	0	
УДТХ	УДТХ	599			0	0	0	
УДТХ	УДТХ	600			0	0	0	
УДТХ	УДТХ	601			0	0	0	
УДТХ	УДТХ	602			0	0	0	
УДТХ	УДТХ	603			0	0	0	
УДТХ	УДТХ	604			0	0	0	
УДТХ	УДТХ	605			0	0	0	
УДТХ	УДТХ	606			0	0	0	
УДТХ	УДТХ	607			0	0	0	
УДТХ	УДТХ	608			0	0	0	
УДТХ	УДТХ	609			0	0	0	
УДТХ	УДТХ	610			0	0	0	
УДТХ	УДТХ	611			0	0	0	
УДТХ	УДТХ	612			0	0	0	
УДТХ	УДТХ	613			0	0	0	
УДТХ	УДТХ	614			0	0	0	
УДТХ	УДТХ	615			0	0	0	
УДТХ	УДТХ	616			0	0	0	
УДТХ	УДТХ	617			0	0	0	
УДТХ	УДТХ	618			0	0	0	
УДТХ	УДТХ	619			0	0	0	
УДТХ	УДТХ	620			0	0	0	
УДТХ	УДТХ	621			0	0	0	
УДТХ	УДТХ	622			0	0	0	
УДТХ	УДТХ	623			0	0	0	
УДТХ	УДТХ	624			0	0	0	
УДТХ	УДТХ	625			0	0	0	
УДТХ	УДТХ	626			0	0	0	
УДТХ	УДТХ	627			0	0	0	
УДТХ	УДТХ	628			0	0	0	
УДТХ	УДТХ	629			0	0	0	
УДТХ	УДТХ	630			0	0	0	
УДТХ	УДТХ	631			0	0	0	
УДТХ	УДТХ	632			0	0	0	
УДТХ	УДТХ	633			0	0	0	
УДТХ	УДТХ	634			0	0	0	
УДТХ	УДТХ	635			0	0	0	
УДТХ	УДТХ	636			0	0	0	
УДТХ	УДТХ	637			0	0	0	
УДТХ	УДТХ	638			0	0	0	
УДТХ	УДТХ	639			0	0	0	
УДТХ	УДТХ	640			0	0	0	
УДТХ	УДТХ	641			0	0	0	
УДТХ	УДТХ	642			0	0	0	
УДТХ	УДТХ	643			0	0	0	
УДТХ	УДТХ	644			0	0	0	
УДТХ	УДТХ	645			0	0	0	
УДТХ	УДТХ	646			0	0	0	
УДТХ	УДТХ	647			0	0	0	
УДТХ	УДТХ	648			0	0	0	
УДТХ	УДТХ	649			0	0	0	
УДТХ	УДТХ	650			0	0	0	
УДТХ	УДТХ	651			0	0	0	
УДТХ	УДТХ	652			0	0	0	
УДТХ	УДТХ	653			0	0	0	
УДТХ	УДТХ	654			0	0	0	
УДТХ	УДТХ	655			0	0	0	
УДТХ	УДТХ	656			0	0	0	
УДТХ	УДТХ	657			0	0	0	
УДТХ	УДТХ	658			0	0	0	
УДТХ	УДТХ	659			0	0	0	
УДТХ	УДТХ	660			0	0	0	
УДТХ	УДТХ	661			0	0	0	
УДТХ	УДТХ	662			0	0	0	
УДТХ	УДТХ	663			0	0	0	
УДТХ	УДТХ	664			0	0	0	
УДТХ	УДТХ	665			0	0	0	
УДТХ	УДТХ	666			0	0	0	
УДТХ	УДТХ	667			0	0	0	
УДТХ	УДТХ	668			0	0	0	
УДТХ	УДТХ	669			0	0	0	
УДТХ	УДТХ	670			0	0	0	
УДТХ	УДТХ	671			0	0	0	
УДТХ	УДТХ	672			0	0	0	
УДТХ	УДТХ	673			0	0	0	
УДТХ	УДТХ	674			0	0	0	
УДТХ	УДТХ	675			0	0	0	
УДТХ	УДТХ	676			0	0	0	
УДТХ	УДТХ	677			0	0	0	
УДТХ	УДТХ	678			0	0	0	
УДТХ	УДТХ	679			0	0	0	
УДТХ	УДТХ	680			0	0	0	
УДТХ	УДТХ	681			0	0	0	
УДТХ	УДТХ	682			0	0	0	
УДТХ	УДТХ	683			0	0	0	
УДТХ	УДТХ	684			0	0	0	
УДТХ	УДТХ	685			0	0	0	
УДТХ	УДТХ	686			0	0	0	
УДТХ	УДТХ	687			0	0	0	
УДТХ	УДТХ	688			0	0	0	
УДТХ	УДТХ	689			0	0	0	
УДТХ	УДТХ	690			0	0	0	
УДТХ	УДТХ	691			0	0	0	
УДТХ	УДТХ	692			0	0	0	
УДТХ	УДТХ	693			0	0	0	
УДТХ	УДТХ	694			0	0	0	
УДТХ	УДТХ	695			0	0	0	
УДТХ	УДТХ	696			0	0	0	
УДТХ	УДТХ	697			0	0	0	
УДТХ	УДТХ	698			0	0	0	
УДТХ	УДТХ	699			0	0	0	
УДТХ	УДТХ	700			0	0	0	
УДТХ	УДТХ	701			0	0	0	
УДТХ	УДТХ	702			0	0	0	
УДТХ	УДТХ	703			0	0	0	
УДТХ	УДТХ	704			0	0	0	
УДТХ	УДТХ	705			0	0	0	
УДТХ	УДТХ	706			0	0	0	
УДТХ	УДТХ	707			0	0	0	
УДТХ	УДТХ	708			0	0	0	
УДТХ	УДТХ	709			0	0	0	
УДТХ	УДТХ	710			0	0	0	
УДТХ	УДТХ	711			0	0	0	
УДТХ	УДТХ	712			0	0	0	
УДТХ	УДТХ	713			0	0	0	
УДТХ	УДТХ	714			0	0	0	
УДТХ	УДТХ	715			0	0	0	
УДТХ	УДТХ	716			0	0	0	
УДТХ	УДТХ	717			0	0	0	
УДТХ	УДТХ	718			0	0	0	
УДТХ	УДТХ	719			0	0	0	
УДТХ	УДТХ	720			0	0	0	
УДТХ	УДТХ	721			0	0	0	
УДТХ	УДТХ	722			0	0	0	
УДТХ	УДТХ	723			0	0	0	
УДТХ	УДТХ	724			0	0	0	
УДТХ	УДТХ	725			0	0	0	
УДТХ	УДТХ	726			0	0	0	
УДТХ	УДТХ	727			0	0	0	
УДТХ	УДТХ	728			0	0	0	
УДТХ	УДТХ	729			0	0	0	
УДТХ	УДТХ	730			0	0	0	
УДТХ	УДТХ	731			0	0	0	
УДТХ	УДТХ	732			0	0	0	
УДТХ	УДТХ	733			0	0	0	
УДТХ	УДТХ	734			0	0	0	
УДТХ	УДТХ	735			0	0	0	
УДТХ	УДТХ	736			0	0	0	
УДТХ	УДТХ	737			0	0	0	
УДТХ	УДТХ	738			0	0	0	
УДТХ	УДТХ	739			0	0	0	
УДТХ	УДТХ	740			0	0	0	
УДТХ	УДТХ	741			0	0	0	
УДТХ	УДТХ	742			0	0	0	
УДТХ	УДТХ	743			0	0	0	
УДТХ	УДТХ	744			0	0	0	
УДТХ	УДТХ	745			0	0	0	
УДТХ	УДТХ	746			0	0	0	
УДТХ	УДТХ	747			0	0	0	
УДТХ	УДТХ	748			0	0	0	
УДТХ	УДТХ	749			0	0	0	
УДТХ	УДТХ	750			0	0	0	
УДТХ	УДТХ	751			0	0	0	
УДТХ	УДТХ	752			0	0	0	
УДТХ	УДТХ	753			0	0	0	
УДТХ	УДТХ	754			0	0	0	
УДТХ	УДТХ	755			0	0	0	
УДТХ	УДТХ	756			0	0	0	
УДТХ	УДТХ	757			0	0	0	
УДТХ	УДТХ	758			0	0	0	
УДТХ	УДТХ	759			0	0	0	
УДТХ	УДТХ	760			0	0	0	
УДТХ	УДТХ	761			0	0	0	
УДТХ	УДТХ	762			0	0	0	
УДТХ	УДТХ	763			0	0	0	
УДТХ	УДТХ	764			0	0	0	
УДТХ	УДТХ	765			0	0	0	
УДТХ	УДТХ	766			0	0	0	
УДТХ	УДТХ	767			0	0	0	
УДТХ	УДТХ	768			0	0	0	
УДТХ	УДТХ	769			0	0	0	
УДТХ	УДТХ	770			0	0	0	
УДТХ	УДТХ	771			0	0	0	
УДТХ	УДТХ	772			0	0	0	
УДТХ	УДТХ	773			0	0	0	
УДТХ	УДТХ	774			0	0	0	
УДТХ	УДТХ	775			0	0	0	
УДТХ	УДТХ	776			0	0	0	
УДТХ	УДТХ	777			0	0	0	
УДТХ	УДТХ	778			0	0	0	
УДТХ	УДТХ	779			0	0	0	
УДТХ	УДТХ	780			0	0	0	
УДТХ	УДТХ	781			0	0	0	
УДТХ	УДТХ	782			0	0	0	
УДТХ	УДТХ	783			0	0	0	
УДТХ	УДТХ	784			0	0	0	
УДТХ	УДТХ	785			0	0	0	
УДТХ	УДТХ	786			0	0	0	
УДТХ	УДТХ	787			0	0	0	
УДТХ	УДТХ	788			0	0	0	
УДТХ	УДТХ	789			0	0	0	
УДТХ	УДТХ	790			0	0	0	
УДТХ	УДТХ	791			0	0	0	
УДТХ	УДТХ	792			0	0	0	
УДТХ	УДТХ	793			0	0	0	
УДТХ	УДТХ	794			0	0	0	
УДТХ	УДТХ	795			0	0	0	
УДТХ	УДТХ	796			0	0	0	
УДТХ	УДТХ	797			0	0	0	
УДТХ	УДТХ	798			0	0	0	
УДТХ	УДТХ	799			0	0	0	
УДТХ	УДТХ	800			0	0	0	
УДТХ	УДТХ	801			0	0	0	
УДТХ	УДТХ	802			0	0	0	
УДТХ	УДТХ	803			0	0	0	
УДТХ	УДТХ	804			0	0	0	
УДТХ	УДТХ	805			0	0	0	
УДТХ	УДТХ	806			0	0	0	
УДТХ	УДТХ	807			0	0	0	
УДТХ	УДТХ	808			0	0	0	
УДТХ	УДТХ	809			0	0	0	
УДТХ	УДТХ	810			0	0	0	
УДТХ	УДТХ	811			0	0	0	
УДТХ	УДТХ	812			0	0	0	
УДТХ	УДТХ	813			0	0	0	
УДТХ	УДТХ	814			0	0	0	
УДТХ	УДТХ	815			0	0	0	
УДТХ	УДТХ	816			0	0	0	
УДТХ	УДТХ	817			0	0	0	
УДТХ	УДТХ	818			0	0	0	
УДТХ	УДТХ	819			0	0	0	
УДТХ	УДТХ	820			0	0	0	
УДТХ	УДТХ	821			0	0	0	
УДТХ	УДТХ	822			0	0	0	
УДТХ	УДТХ	823			0	0	0	
УДТХ	УДТХ	824			0	0	0	
УДТХ	УДТХ	825			0	0	0	
УДТХ	УДТХ	826			0	0	0	
УДТХ	УДТХ	827			0	0	0	
УДТХ	УДТХ	828			0	0	0	
УДТХ	УДТХ	829			0	0	0	
УДТХ	УДТХ	830			0	0	0	
УДТХ	УДТХ	831			0	0	0	
УДТХ	УДТХ	832			0	0	0	
УДТХ	УДТХ	833			0	0	0	
УДТХ	УДТХ	834			0	0	0	
УДТХ	УДТХ	835			0	0	0	
УДТХ	УДТХ	836			0	0	0	
УДТХ	УДТХ	837			0	0	0	
УДТХ	УДТХ	838			0	0	0	
УДТХ	УДТХ	839			0	0	0	
УДТХ	УДТХ	840			0	0	0	
УДТХ	УДТХ	841			0	0	0	
УДТХ	УДТХ	842			0	0	0	
УДТХ	УДТХ	843			0	0	0	
УДТХ	УДТХ	844			0	0	0	
УДТХ	УДТХ	845			0	0	0	
УДТХ	УДТХ	846			0	0	0	
УДТХ	УДТХ	847			0	0	0	
УДТХ	УДТХ	848			0	0	0	
УДТХ	УДТХ	849			0	0	0	
УДТХ	УДТХ	850			0	0	0	
УДТХ	УДТХ	851			0	0	0	
УДТХ	УДТХ	852			0	0	0	
УДТХ	УДТХ	853			0	0	0	
УДТХ	УДТХ	854			0	0	0	
УДТХ	УДТХ	855			0	0	0	
УДТХ	УДТХ	856			0	0	0	
УДТХ	УДТХ	857			0	0	0	
УДТХ	УДТХ	858			0	0	0	
УДТХ	УДТХ	859			0	0	0	
УДТХ	УДТХ	860			0	0	0	
УДТХ	УДТХ	861			0	0	0	
УДТХ	УДТХ	862			0	0	0	
УДТХ	УДТХ	863			0	0	0	
УДТХ	УДТХ	864			0	0	0	
УДТХ	УДТХ	865			0	0	0	
УДТХ	УДТХ	866			0	0	0	
УДТХ	УДТХ	867			0	0	0	
УДТХ	УДТХ	868			0	0	0	
УДТХ	УДТХ	869			0	0	0	
УДТХ	УДТХ	870			0	0	0	
УДТХ	УДТХ	871			0	0	0	
УДТХ	УДТХ	872			0	0	0	
УДТХ	УДТХ	873			0	0	0	
УДТХ	УДТХ	874			0	0	0	
УДТХ	УДТХ	875			0	0	0	
УДТХ	УДТХ	876			0	0	0	
УДТХ	УДТХ	877			0	0	0	
УДТХ	УДТХ	878			0	0	0	
УДТХ	УДТХ	879			0	0	0	
УДТХ	УДТХ	880			0	0	0	
УДТХ	УДТХ	881			0	0	0	
УДТХ	УДТХ	882			0	0	0	
УДТХ	УДТХ	883			0	0	0	
УДТХ	УДТХ	884			0	0	0	
УДТХ	УДТХ	885			0	0	0	
УДТХ	УДТХ	886			0	0	0	
УДТХ	УДТХ	887			0	0	0	
УДТХ	УДТХ	888			0	0	0	
УДТХ	УДТХ	889			0	0	0	
УДТХ	УДТХ	890			0	0	0	
УДТХ	УДТХ	891			0	0	0	
УДТХ	УДТХ	892			0	0	0	
УДТХ	УДТХ	893			0	0	0	
УДТХ	УДТХ	894			0	0	0	
УДТХ	УДТХ	895			0	0	0	
УДТХ	УДТХ	896			0	0	0	
УДТХ	УДТХ	897			0	0	0	
УДТХ	УДТХ	898			0	0	0	
УДТХ	УДТХ	899			0	0	0	
УДТХ	УДТХ	900			0	0	0	
УДТХ	УДТХ	901			0	0	0	
УДТХ	УДТХ	902			0	0	0	
УДТХ	УДТХ	903			0	0	0	
УДТХ	УДТХ	904			0	0	0	
УДТХ	УДТХ	905			0	0	0	
УДТХ	УДТХ	906			0	0	0	
УДТХ	УДТХ	907			0	0	0	
УДТХ	УДТХ	908			0	0	0	
УДТХ	УДТХ	909			0	0	0	
УДТХ	УДТХ	910			0	0	0	
УДТХ	УДТХ	911			0	0	0	
УДТХ	УДТХ	912			0	0	0	
УДТХ	УДТХ	913			0	0	0	
УДТХ	УДТХ	914			0	0	0	
УДТХ	УДТХ	915			0	0	0	
УДТХ	УДТХ	916			0	0	0	
УДТХ	УДТХ	917			0	0	0	
УДТХ	УДТХ	918			0	0	0	
УДТХ	УДТХ	919			0	0	0	
УДТХ	УДТХ	920			0	0	0	
УДТХ	УДТХ	921			0	0	0	
УДТХ	УДТХ	922			0	0	0	
УДТХ	УДТХ	923			0	0	0	
УДТХ	УДТХ	924			0	0	0	
УДТХ	УДТХ	925			0	0	0	
УДТХ	УДТХ	926			0	0	0	
УДТХ	УДТХ	927			0	0	0	
УДТХ	УДТХ	928			0	0	0	
УДТХ	УДТХ	929			0	0	0	
УДТХ	УДТХ	930			0	0	0	
УДТХ	УДТХ	931			0	0	0	
УДТХ	УДТХ	932			0	0	0	
УДТХ	УДТХ	933			0	0	0	
УДТХ	УДТХ	934			0	0	0	
УДТХ	УДТХ	935			0	0	0	
УДТХ	УДТХ	936			0	0	0	
УДТХ	УДТХ	937			0	0	0	
УДТХ	УДТХ	938			0	0	0	
УДТХ	УДТХ	939			0	0	0	
УДТХ	УДТХ	940			0	0	0	
УДТХ	УДТХ	941			0	0	0	
УДТХ	УДТХ	942			0	0	0	
УДТХ	УДТХ	943			0	0	0	
УДТХ	УДТХ	944			0	0	0	
УДТХ	УДТХ	945			0	0	0	
УДТХ	УДТХ	946			0	0	0	
УДТХ	УДТХ	947			0	0	0	
УДТХ	УДТХ	948			0	0	0	
УДТХ	УДТХ	949			0	0	0	
УДТХ	УДТХ	950			0	0	0	
УДТХ	УДТХ	951			0	0	0	
УДТХ	УДТХ	952			0	0	0	
УДТХ	УДТХ	953			0	0	0	
УДТХ	УДТХ	954			0	0	0	
УДТХ	УДТХ	955			0	0	0	
УДТХ	УДТХ	956			0	0	0	
УДТХ	УДТХ	957			0	0	0	
УДТХ	УДТХ	958			0	0	0	
УДТХ	УДТХ	959			0	0	0	
УДТХ	УДТХ	960			0	0	0	
УДТХ	УДТХ	961			0	0	0	
УДТХ	УДТХ	962			0	0	0	
УДТХ	УДТХ	963			0	0	0	
УДТХ	УДТХ	964			0	0	0	
УДТХ	УДТХ	965			0	0	0	
УДТХ	УДТХ	966			0	0	0	
УДТХ	УДТХ	967			0	0	0	
УДТХ	УДТХ	968			0	0	0	
УДТХ	УДТХ	969			0	0	0	
УДТХ	УДТХ	970			0	0	0	
УДТХ	УДТХ	971			0	0	0	
УДТХ	УДТХ	972			0	0	0	
УДТХ	УДТХ	973			0	0	0	
УДТХ	УДТХ	974			0	0	0	
УДТХ	УДТХ	975			0	0	0	
УДТХ	УДТХ	976			0	0	0	
УДТХ	УДТХ	977			0	0	0	
УКСиМП	ВСЕ	4	3	Окорока (куриные)	1500	800	8	epgrade:discretionary,rule:row_numbering,rule:text_hygiene,signal:epFactDeviation,signal:epRisk,signal:factWithoutDate,signal:hasFact,yearlong:stage
УКСиМП	ВСЕ	5	2	Овощи	259.998	260	3	epgrade:discretionary,signal:hasFact,signal:signed
УКСиМП	ВСЕ	6	49	Поставка периодических изданий	375	367.59582	5	epgrade:discretionary,signal:epFactDeviation,signal:factWithoutDate,signal:hasFact,yearlong:stage
УКСиМП	ВСЕ	7	4	Комбикорм	860.45545	860.4554499999999	5	comment:stage_marker_when_signed,epgrade:discretionary,signal:epRisk,signal:hasFact,signal:signed
УКСиМП	ВСЕ	8	5	Оказание медицинских услуг по проведению предрейсовых медицинских осмотров водителей	30	30	3	epgrade:discretionary,signal:hasFact,signal:signed
УКСиМП	ВСЕ	9	6	оказание услуг связи (телефония)	7.5	7.5	3	epgrade:discretionary,signal:hasFact,signal:signed
УКСиМП	ВСЕ	10	7	Обслуживание технических средств системы видеонаблюдения (ТССВН)	24	24	3	epgrade:discretionary,signal:hasFact,signal:signed
УКСиМП	ВСЕ	11	8	Обслуживание технических средств охранной сигнализации (ТСОС)	24	24	3	epgrade:discretionary,signal:hasFact,signal:signed
УКСиМП	ВСЕ	12	9	обслуживание технических средств системы пожарной сигнализации и системы оповещения и упра	96	96	3	epgrade:discretionary,signal:hasFact,signal:signed
УКСиМП	ВСЕ	13	50	Поставка периодических изданий (досрочная подписка)	375	311.25099	5	epgrade:discretionary,signal:epFactDeviation,signal:factWithoutDate,signal:hasFact,yearlong:stage
УКСиМП	ВСЕ	14	51	Поставка периодических изданий	375	0	1	epgrade:discretionary
УКСиМП	ВСЕ	15	12	Обслуживание тревожной сигнализации (кнопка) Росгвардия	74.46	74.46	3	epgrade:discretionary,signal:hasFact,signal:signed
УКСиМП	ВСЕ	16	52	Поставка периодических изданий (досрочная подписка)	375	0	1	epgrade:discretionary
УКСиМП	ВСЕ	17	1	Фрукты	343.1965	170	5	epgrade:discretionary,signal:epFactDeviation,signal:factWithoutDate,signal:hasFact,yearlong:stage
УКСиМП	ВСЕ	18	15	Противопожарные мероприятия (заправка огнетушителей, испытания, огнезащитная обработка и.т	7.810000000000002	7.81	3	epgrade:discretionary,signal:hasFact,signal:signed
УКСиМП	ВСЕ	19	201	фонд капитального ремонта	250	144.29366	5	epgrade:lawful-exclusive,signal:epFactDeviation,signal:factWithoutDate,signal:hasFact,yearlong:stage
УКСиМП	ВСЕ	20	247	медицинский осмотр работников	207.88	0	1	epgrade:discretionary
УКСиМП	ВСЕ	21	18	ОСАГО	10	7.15536	6	comment:foreign_text_in_ag,epgrade:discretionary,signal:economyFlag,signal:epFactDeviation,signal:hasFact,signal:signed
УКСиМП	ВСЕ	22	19	корм животным (крупы и тд)	179.45	179.45	3	epgrade:discretionary,signal:hasFact,signal:signed
УКСиМП	ВСЕ	23	533	технический осмотр ТС	200	0	1	epgrade:discretionary
УКСиМП	ВСЕ	24	21	ГСМ	100	100	3	epgrade:discretionary,signal:hasFact,signal:signed
УКСиМП	ВСЕ	25	22	Обслуживание сайта	15	14.98	4	epgrade:discretionary,signal:economyFlag,signal:hasFact,signal:signed
УКСиМП	ВСЕ	26	23	Канцелярские товары, в том числе бумага	30	30	3	epgrade:discretionary,signal:hasFact,signal:signed
УКСиМП	ВСЕ	27	24	Фрукты, овощи	400	362	3	signal:factDateBeforePlan,signal:hasFact,signal:signed
УКСиМП	ВСЕ	28	25	яйцо куриное	134.277	134.277	3	epgrade:discretionary,signal:hasFact,signal:signed
УКСиМП	ВСЕ	29	26	дезинфекционные работы	10.269	10.269	3	epgrade:discretionary,signal:hasFact,signal:signed
УКСиМП	ВСЕ	30	27	сено	85	85	3	epgrade:discretionary,signal:hasFact,signal:signed
УКСиМП	ВСЕ	31	28	Диспетчеризация и техническое обслуживание приборов учета тепловой энергии	37.8	37.8	3	epgrade:discretionary,signal:hasFact,signal:signed
УКСиМП	ВСЕ	32	29	Спецтранс	151.77	151.77	3	epgrade:lawful-exclusive,signal:hasFact,signal:signed
УКСиМП	ВСЕ	33	30	телематические услуги связи (интернет)	50.148	50.148	3	epgrade:lawful-exclusive,signal:hasFact,signal:signed
УКСиМП	ВСЕ	34	31	Холодное водоснабжение и водоотведение	220.37	220.37	3	epgrade:lawful-exclusive,signal:hasFact,signal:signed
УКСиМП	ВСЕ	35	32	Энергосбережение	2013.73	2013.73	3	epgrade:lawful-exclusive,signal:hasFact,signal:signed
УКСиМП	ВСЕ	36	33	Теплоснабжение	4229.44	4229.44	3	epgrade:lawful-exclusive,signal:hasFact,signal:signed
УКСиМП	ВСЕ	37	666	Компенсация расходов работникам учреждений и спортсменам связанных с выездом за пределы Ка	200	0	2	epgrade:discretionary,hygiene:G:edge_space
УКСиМП	ВСЕ	38	35	Овощи	43.4035	43.4035	3	epgrade:discretionary,signal:hasFact,signal:signed
УКСиМП	ВСЕ	39	36	Приобретение радиосистемы	161.68	161.68	3	epgrade:discretionary,signal:hasFact,signal:signed
УКСиМП	ВСЕ	40	37	ЭА08-26 Работы по монтажу систем пожарной сигнализации в Библиотеке -филиале № 3 МБУК МЦБС	502.56734	160.21763	3	signal:hasFact,signal:highEconomy,signal:signed
УКСиМП	ВСЕ	41	38	ЭА09-26 Работы по монтажу систем пожарной сигнализации в Библиотеке-филиале №13 МБУК МЦБС 	355.63707	142.25477	3	signal:hasFact,signal:highEconomy,signal:signed
УКСиМП	ВСЕ	42	39	приобретение оборудования для мероприятия	100	100	3	epgrade:discretionary,signal:hasFact,signal:signed
УКСиМП	ВСЕ	43	40	Подготовка и проведение районных культурно-массовых мероприятий ("Библионочь") (СУБСИДИЯ Н	20	20	3	epgrade:discretionary,signal:hasFact,signal:signed
УКСиМП	ВСЕ	44	41	Обслуживание технических средств пожарной сигнализации	438	438	3	epgrade:discretionary,signal:hasFact,signal:signed
УКСиМП	ВСЕ	45	42	Услуги охраны (экстренный выезд вневедомственной охраны)	148.92	148.92	3	epgrade:discretionary,signal:hasFact,signal:signed
УКСиМП	ВСЕ	46	334	медицинские услуги по проведению  медицинских осмотров работников	145	41.95	6	epgrade:discretionary,hygiene:G:invisible_char,signal:epFactDeviation,signal:factWithoutDate,signal:hasFact,yearlong:stage
УКСиМП	ВСЕ	47	44	Услуги по техническому обслуживанию тревожной кнопки	61.56	61.56	3	epgrade:discretionary,signal:hasFact,signal:signed
УКСиМП	ВСЕ	48	45	Работы по опрессовке отопительной системы	78.97319999999999	78.97319999999999	3	epgrade:discretionary,signal:hasFact,signal:signed
УКСиМП	ВСЕ	49	136	Приобретение сценических костюмов	116.85	116.85	3	epgrade:discretionary,signal:hasFact,signal:signed
УКСиМП	ВСЕ	50	47	Огнезащитная обработка чердачных помещений	209.16	209.16	3	epgrade:discretionary,signal:hasFact,signal:signed
УКСиМП	ВСЕ	51	520	Курсы повышения квалификации	100	0	1	epgrade:discretionary
УКСиМП	ВСЕ	52	523	Противопожарные мероприятия (заправка огнетушителей, испытания, огнезащитная обработка и.т	100	10.485	5	epgrade:discretionary,signal:epFactDeviation,signal:factWithoutDate,signal:hasFact,yearlong:stage
УКСиМП	ВСЕ	53	56	Обслуживание сайта ИТС 1С	95.96	0	1	epgrade:discretionary
УКСиМП	ВСЕ	54	392	Рабочее место для новых сотрудников (Системный блок, монитор, МФУ)	94.18905	0	1	epgrade:discretionary
УКСиМП	ВСЕ	55	489	Противопожарные мероприятия. электроиспытания и электроизмерения  в электроустановках	93	0	3	epgrade:discretionary,hygiene:G:invisible_char,signal:planSoon
УКСиМП	ВСЕ	56	34	сено	91.19	0	1	epgrade:discretionary
УКСиМП	ВСЕ	57	54	Неисключительная лицензия ЭС АМН Гарант сервис	108.924	108.924	3	epgrade:discretionary,signal:hasFact,signal:signed
УКСиМП	ВСЕ	58	571	Услуги медицинского осмотра	85	0	1	epgrade:discretionary
УКСиМП	ВСЕ	59	409	Обслуживание сайта КАМИН зарплата	74	0	1	epgrade:discretionary
УКСиМП	ВСЕ	60	57	Обслуживание сайта ИТС 1С (часы)	48	48	3	epgrade:discretionary,signal:hasFact,signal:signed
УКСиМП	ВСЕ	61	103	Приобретение краеведческой литературы	70	0	1	epgrade:discretionary
УКСиМП	ВСЕ	62	59	Обслуживание сайта ВИСНИН кадры	10.56	10.56	3	epgrade:discretionary,signal:hasFact,signal:signed
УКСиМП	ВСЕ	63	60	Неисключительная лицензия Антивирусная программа	55.25	55.25	3	epgrade:discretionary,signal:hasFact,signal:signed
УКСиМП	ВСЕ	64	61	Информационное сопровождение сайта	13.5	13.5	3	epgrade:discretionary,signal:hasFact,signal:signed
УКСиМП	ВСЕ	65	244	Технический осмотр ТС, ремонт ТС	70	8.58	5	epgrade:discretionary,signal:epFactDeviation,signal:factWithoutDate,signal:hasFact,yearlong:stage
УКСиМП	ВСЕ	66	63	Поставка бензина для ТС	150	150	3	epgrade:discretionary,signal:hasFact,signal:signed
УКСиМП	ВСЕ	67	64	Канцелярские товары	77.074	77.074	3	epgrade:discretionary,signal:hasFact,signal:signed
УКСиМП	ВСЕ	68	65	Хозяйственные товары 	99.984	99.984	4	epgrade:discretionary,hygiene:G:edge_space,signal:hasFact,signal:signed
УКСиМП	ВСЕ	69	66	поставка книг, брошюр для МБУК МЦБС	2500	2357.49982	4	comment:stage_marker_when_signed,signal:factDateBeforePlan,signal:hasFact,signal:signed
УКСиМП	ВСЕ	70	67	Услуги по передаче электрической энергии ( все библиотеки -филиалы системы)	3014.84	3014.84	3	epgrade:lawful-exclusive,signal:hasFact,signal:signed
УКСиМП	ВСЕ	71	68	Услуги теплоснабжения и горячего водоснабжения (ЦБ- Рябикова, 40, ДБ-В.Кручины, 9а, Б-ф 4-	6060.59	6060.59	3	epgrade:lawful-exclusive,signal:hasFact,signal:signed
УКСиМП	ВСЕ	72	69	Услуги теплоснабжения и горячего водоснабжения (Б-ф 9 п. Нагорный, Б-ф 10 п. Новый)	711.03	711.03	3	epgrade:lawful-exclusive,signal:hasFact,signal:signed
УКСиМП	ВСЕ	73	70	Услуги теплоснабжения и горячего водоснабжения ( Б-ф 5 с.Николаевка, Б-ф 6 с.Сосновка)	715.01	715.01	3	epgrade:lawful-exclusive,signal:hasFact,signal:signed
УКСиМП	ВСЕ	74	71	Услуги теплоснабжения и горячего водоснабжения ( Б-ф 2 п. Вулканный)	391.45	391.45	3	epgrade:lawful-exclusive,signal:hasFact,signal:signed
УКСиМП	ВСЕ	75	72	Услуги теплоснабжения и горячего водоснабжения (Б-ф 11 п. Пионерский)	252.48	252.48	3	epgrade:lawful-exclusive,signal:hasFact,signal:signed
УКСиМП	ВСЕ	76	73	Услуги теплоснабжения и горячего водоснабжения (Б-ф 7 п. Термальный)	218.09	218.09	3	epgrade:lawful-exclusive,signal:hasFact,signal:signed
УКСиМП	ВСЕ	77	74	Услуги теплоснабжения и горячего водоснабжения (Б-ф 8 п. Паратунка)	306.49	306.49	3	epgrade:lawful-exclusive,signal:hasFact,signal:signed
УКСиМП	ВСЕ	78	75	возмещение затрат на теплоэнергию (Б-ф 14 п. Зеленый)	221.56	221.56	3	epgrade:discretionary,signal:hasFact,signal:signed
УКСиМП	ВСЕ	79	76	возмещение затрат на теплоэнергию(Б-ф 12 с. Коряки)	286.6	286.6	3	epgrade:discretionary,signal:hasFact,signal:signed
УКСиМП	ВСЕ	80	77	возмещение затрат на теплоэнергию (Б-ф 17 п.Сокоч)	596.84	596.84	3	epgrade:discretionary,signal:hasFact,signal:signed
УКСиМП	ВСЕ	81	78	Услуги холодного водоснабжения и водоотведения	26.06	26.06	3	epgrade:lawful-exclusive,signal:hasFact,signal:signed
УКСиМП	ВСЕ	82	79	Услуги холодного водоснабжения и водоотведения(Б-ф 8 п. Паратунка)	6.4	6.4	3	epgrade:lawful-exclusive,signal:hasFact,signal:signed
УКСиМП	ВСЕ	83	80	Услуги холодного водоснабжения и водоотведения(Б-ф 16 п. Березняки)	1.87	1.87	3	epgrade:lawful-exclusive,signal:hasFact,signal:signed
УКСиМП	ВСЕ	84	81	Услуги по обращению с ТКО	45.54	45.54	3	epgrade:lawful-exclusive,signal:hasFact,signal:signed
УКСиМП	ВСЕ	85	82	Услуги связи	373.47	373.47	3	epgrade:lawful-exclusive,signal:hasFact,signal:signed
УКСиМП	ВСЕ	86	83	Услуги телекоммуникационные (Интернет) (Центральная библ. - НОВА)	162.54	162.54	3	epgrade:discretionary,signal:hasFact,signal:signed
УКСиМП	ВСЕ	87	405	Система "Гарант"	70	0	1	epgrade:discretionary
УКСиМП	ВСЕ	88	125	Обслуживание сайта АИС (размещение плана мероприятий по месяцам) 	65	0	4	epgrade:discretionary,hygiene:G:edge_space,hygiene:G:invisible_char,signal:planSoon
УКСиМП	ВСЕ	89	62	Услуги по утилизации ОС	64.25	0	1	epgrade:discretionary
УКСиМП	ВСЕ	90	84	Услуги телекоммуникационные (Интернет) (Детская библ-НОВА)	60.48	0	1	epgrade:discretionary
УКСиМП	ВСЕ	91	246	Курсы повышения квалификации	56.36432	0	1	epgrade:discretionary
УКСиМП	ВСЕ	92	86	Услуги телекоммуникационные (Интернет)( МТС-Б-ф 7,Б-ф 8, Б-ф 10, Б-ф 11, Б-ф 13)	54	0	2	epgrade:discretionary,hygiene:G:missing_space_after_punct
УКСиМП	ВСЕ	93	428	Лицевые карточки	52.5	0	1	epgrade:discretionary
УКСиМП	ВСЕ	94	16	Технический осмотр ТС	50	0	1	epgrade:discretionary
УКСиМП	ВСЕ	95	92	Услуги телекоммуникационные (Интернет _ Wi-Fi) (Центральная библиотека НОВА)	141.75	141.75	3	epgrade:discretionary,signal:hasFact,signal:signed
УКСиМП	ВСЕ	96	93	Замена масла, обслуж автомобиля	20	22.02	5	epgrade:discretionary,signal:epFactDeviation,signal:factExceedsPlan,signal:hasFact,signal:signed
УКСиМП	ВСЕ	97	94	Содержание МКД, Центральная библиотека	543.32	543.32	3	epgrade:discretionary,signal:hasFact,signal:signed
УКСиМП	ВСЕ	98	268	Противопожарные мероприятия (заправка огнетушителей, испытания, огнезащитная обработка и.т	50	34.25	5	epgrade:discretionary,signal:epFactDeviation,signal:factWithoutDate,signal:hasFact,yearlong:stage
УКСиМП	ВСЕ	99	96	Взнос за кап.кемонт МКД	45.51	45.51	3	epgrade:discretionary,signal:hasFact,signal:signed
УКСиМП	ВСЕ	100	97	продление домена эл.почта Elizovolib	1.71	1.71	3	epgrade:discretionary,signal:hasFact,signal:signed
УКСиМП	ВСЕ	101	91	Услуги телекоммуникационные (Интернет) (Б-ф 2 НОВА)	47.88	0	1	epgrade:discretionary
УКСиМП	ВСЕ	102	546	взносы за кап.ремонт	47.87172	23.93586	5	epgrade:lawful-exclusive,signal:epFactDeviation,signal:factWithoutDate,signal:hasFact,yearlong:stage
УКСиМП	ВСЕ	103	100	приобретение USB токен 7 шт	12.59	12.59	3	epgrade:discretionary,signal:hasFact,signal:signed
УКСиМП	ВСЕ	104	101	Выполнение работ по устройству вентилируемого фасада здания Библиотеки -филиала № 3 Муници	2431.4714	2431.4714	4	hygiene:G:missing_space_after_punct,signal:factDateBeforePlan,signal:hasFact,signal:signed
УКСиМП	ВСЕ	105	88	Услуги телекоммуникационные (Интернет) (Б-ф 3 НОВА)	47.67	0	1	epgrade:discretionary
УКСиМП	ВСЕ	106	407	Курсы повышения квалификации 	45	12	7	epgrade:discretionary,hygiene:G:edge_space,hygiene:G:invisible_char,signal:epFactDeviation,signal:factWithoutDate,signal:hasFact,yearlong:stage
УКСиМП	ВСЕ	107	415	Обслуживание ТС: ремонт, шиномонтаж, мойка	44.286	33.351	5	epgrade:discretionary,signal:epFactDeviation,signal:factWithoutDate,signal:hasFact,yearlong:stage
УКСиМП	ВСЕ	108	43	Услуги по техническому обслуживанию теплосчетчиков	40.5	21	5	epgrade:discretionary,signal:epFactDeviation,signal:factWithoutDate,signal:hasFact,yearlong:stage
УКСиМП	ВСЕ	109	106	Поставка оргтехники и комплектующих для нужд Муниципального бюджетного учреждения культуры	486.85	486.85	3	epgrade:discretionary,signal:hasFact,signal:signed
УКСиМП	ВСЕ	110	107	Поставка стеллажей металлических для нужд Муниципального бюджетного учреждения культуры «М	468.62	468.62	3	epgrade:discretionary,signal:hasFact,signal:signed
УКСиМП	ВСЕ	111	108	Поставка стульев для нужд Муниципального бюджетного учреждения культуры  «Межпоселенческая	136.93	136.93	3	epgrade:discretionary,signal:hasFact,signal:signed
УКСиМП	ВСЕ	112	109	Ремонт автомобиля	22.02	22.02	3	epgrade:discretionary,signal:hasFact,signal:signed
УКСиМП	ВСЕ	113	110	Оплата проезда Народного Камчатского казачьего вокального ансамбля "Возрождение" на Всерос	300	0	1	epgrade:discretionary
УКСиМП	ВСЕ	114	111	Фестиваль народного творчества»Салют Победы» - Расходы согласно смете запланированы на, из	100	100	5	epgrade:discretionary,hygiene:G:missing_space_after_punct,hygiene:G:space_before_punct,signal:hasFact,signal:signed
УКСиМП	ВСЕ	115	112	Монтаж системы оповещения Антитеррор в помещении МБУК «Клуб по работе с ветеранами»	195.54594	150.57036	2	signal:hasFact,signal:signed
УКСиМП	ВСЕ	116	113	обслуживание технических средств системы пожарной сигнализации и системы оповещения и упра	48	48	3	epgrade:discretionary,signal:hasFact,signal:signed
УКСиМП	ВСЕ	117	114	Содержание и текущий ремонт (УК)	163.70464	163.70464	3	epgrade:discretionary,signal:hasFact,signal:signed
УКСиМП	ВСЕ	118	115	Обслуживание технических средств системы видеонаблюдения (ТССВН)	24	24	3	epgrade:discretionary,signal:hasFact,signal:signed
УКСиМП	ВСЕ	119	116	Обслуживание тревожной сигнализации (кнопка) Росгвардия	74.46	74.46	3	epgrade:discretionary,signal:hasFact,signal:signed
УКСиМП	ВСЕ	120	117	Обслуживание технических средств охранной сигнализации (ТСОС)	24	24	3	epgrade:discretionary,signal:hasFact,signal:signed
УКСиМП	ВСЕ	121	118	Обслуживание систем обеспечения пожарной безопасности	30	30	3	epgrade:discretionary,signal:hasFact,signal:signed
УКСиМП	ВСЕ	122	119	Заправка и восстановление картриджей	32	32	3	epgrade:discretionary,signal:hasFact,signal:signed
УКСиМП	ВСЕ	123	120	Обслуживание и ремонт внутренних осветительных и силовых сетей	36	36	3	epgrade:discretionary,signal:hasFact,signal:signed
УКСиМП	ВСЕ	124	121	Противопожарные мероприятия (заправка огнетушителей, испытания, огнезащитная обработка и.т	2.5	2.5	3	epgrade:discretionary,signal:hasFact,signal:signed
УКСиМП	ВСЕ	125	122	Обслуживание системы "Гарант"	59	59	3	epgrade:discretionary,signal:hasFact,signal:signed
УКСиМП	ВСЕ	126	123	Обслуживае сайта и ключа	13.5	13.5	3	epgrade:discretionary,signal:hasFact,signal:signed
УКСиМП	ВСЕ	127	124	Система госзаказ	60.9	60.9	3	epgrade:discretionary,signal:hasFact,signal:signed
УКСиМП	ВСЕ	128	14	Опресовка системы	40	0	2	epgrade:discretionary,signal:planSoon
УКСиМП	ВСЕ	129	126	Оказание услуг связи (симкарты)	6	6	3	epgrade:discretionary,signal:hasFact,signal:signed
УКСиМП	ВСЕ	130	127	Канцелярские товары	25	25	3	epgrade:discretionary,signal:hasFact,signal:signed
УКСиМП	ВСЕ	131	128	Хозяйственные товары	32.41	32.41	3	epgrade:discretionary,signal:hasFact,signal:signed
УКСиМП	ВСЕ	132	129	Теплоснабжение	694.86	694.86	3	epgrade:lawful-exclusive,signal:hasFact,signal:signed
УКСиМП	ВСЕ	133	130	Энергоснабжение	108.16	108.16	3	epgrade:lawful-exclusive,signal:hasFact,signal:signed
УКСиМП	ВСЕ	134	131	Холодное водоснабжение и водоотведение	29.11	29.11	3	epgrade:lawful-exclusive,signal:hasFact,signal:signed
УКСиМП	ВСЕ	135	132	Ростелеком (телефон и интернет)	108	108	3	epgrade:lawful-exclusive,signal:hasFact,signal:signed
УКСиМП	ВСЕ	136	133	Спецтранс (мусор)	72.21	72.21	3	epgrade:lawful-exclusive,signal:hasFact,signal:signed
УКСиМП	ВСЕ	137	134	Контракт на поставку товара (гарнитура)	115	115	3	epgrade:discretionary,signal:hasFact,signal:signed
УКСиМП	ВСЕ	138	135	Договор на услуги по продвижению в сети Интернет информации связанной с подготовкой и разм	600	600	3	epgrade:discretionary,signal:hasFact,signal:signed
УКСиМП	ВСЕ	139	298	Проведение медицинских осмотров сотрудников	40	0	1	epgrade:discretionary
УКСиМП	ВСЕ	140	137	Костюмы для хора	150	0	1	epgrade:discretionary
УКСиМП	ВСЕ	141	138	Участия во всероссийских и международных  конкурсах. - Расходы запланированы на приобретен	158.63	158.63	5	epgrade:discretionary,hygiene:G:invisible_char,hygiene:G:missing_space_after_punct,signal:hasFact,signal:signed
УКСиМП	ВСЕ	142	139	Компенсация расходов работнику учреждения за найм жилья	120	0	1	epgrade:discretionary
УКСиМП	ВСЕ	143	140	ЭА175-26 Ремонт участка ограждения территории	1291.22092	1163.9	3	signal:factDateBeforePlan,signal:hasFact,signal:signed
УКСиМП	ВСЕ	144	141	Районный конкурс учащихся муниципальных бюджетных учреждений дополнительного образования Е	50	50	4	epgrade:discretionary,hygiene:G:invisible_char,signal:hasFact,signal:signed
УКСиМП	ВСЕ	145	142	обслуживание технических средств системы пожарной сигнализации и системы оповещения и упра	84	84	3	epgrade:discretionary,signal:hasFact,signal:signed
УКСиМП	ВСЕ	146	143	централизованная охрана обьекта	148.92	148.92	3	epgrade:discretionary,signal:hasFact,signal:signed
УКСиМП	ВСЕ	147	144	проведение дезинфекционных мероприятий	55	55	3	epgrade:discretionary,signal:hasFact,signal:signed
УКСиМП	ВСЕ	148	145	Обслуживание технических средств охранной сигнализации (ТСОС)	84	84	3	epgrade:discretionary,signal:hasFact,signal:signed
УКСиМП	ВСЕ	149	146	Обслуживание технических средств  системы видеонаблюдения (ТССВН)	36	36	4	epgrade:discretionary,hygiene:G:double_space,signal:hasFact,signal:signed
УКСиМП	ВСЕ	150	147	оказание услуг  по диспетчерезации  и техническому  обслуживанию приборов учета тепловой э	40.5	40.5	4	epgrade:discretionary,hygiene:G:invisible_char,signal:hasFact,signal:signed
УКСиМП	ВСЕ	151	148	обслуживание системы обеспечения  функционирования  и поддержки  работоспособности  сетей 	30	30	4	epgrade:discretionary,hygiene:G:invisible_char,signal:hasFact,signal:signed
УКСиМП	ВСЕ	152	149	тех обслуживание противопожарных дверей	4	4	3	epgrade:discretionary,signal:hasFact,signal:signed
УКСиМП	ВСЕ	153	150	оказание услуг хостинга  и продление регистрации доменных имен(сайт)	7.129	7.129	4	epgrade:discretionary,hygiene:G:invisible_char,signal:hasFact,signal:signed
УКСиМП	ВСЕ	154	151	медицинские услуги по проведению  медицинских осмотров работников	158.86	158.86	4	epgrade:discretionary,hygiene:G:invisible_char,signal:hasFact,signal:signed
УКСиМП	ВСЕ	155	531	Опрессовка системы, подготовка к отопительному сезону	40	40	3	epgrade:discretionary,signal:hasFact,signal:signed
УКСиМП	ВСЕ	156	153	гидравлические испытания наружных и внутр тепловых сетей	30	25	4	epgrade:discretionary,signal:epFactDeviation,signal:hasFact,signal:signed
УКСиМП	ВСЕ	157	154	поверка приборов учета	40	28	4	epgrade:discretionary,signal:epFactDeviation,signal:hasFact,signal:signed
УКСиМП	ВСЕ	158	55	Неисключительная лицензия ЭС Литресс	37.75	0	1	epgrade:discretionary
УКСиМП	ВСЕ	159	156	оказание услуг в области пожарной безопасности (пожарная кнопка)	30	30	3	epgrade:discretionary,signal:hasFact,signal:signed
УКСиМП	ВСЕ	160	105	Приобретение ламп	36.01698	0	1	epgrade:discretionary
УКСиМП	ВСЕ	161	158	Социальная поддержка лиц, обучающихся по программам среднего профессионального и высшего о	89	38.4	7	epgrade:discretionary,hygiene:G:edge_space,hygiene:G:invisible_char,signal:epFactDeviation,signal:factWithoutDate,signal:hasFact,yearlong:stage
УКСиМП	ВСЕ	162	159	Компенсация расходов работникам  учреждений и спортсменам связанных с выездом за пределы К	200	200	4	epgrade:discretionary,hygiene:G:invisible_char,signal:hasFact,signal:signed
УКСиМП	ВСЕ	163	160	Оплата проезда и проживания спортсменов на соревнования за пределы КК	250	250	3	epgrade:discretionary,signal:hasFact,signal:signed
УКСиМП	ВСЕ	164	161	Первенство Елизовского муниципального района по баскетболу «Новогодний блицтурнир 3х3»- Ра	5	0	2	epgrade:discretionary,hygiene:G:missing_space_after_punct
УКСиМП	ВСЕ	165	162	оказание услуг по диспетчеризации и техническому обслуживанию приборов учета тепловой энер	115	114.87	4	epgrade:discretionary,signal:economyFlag,signal:hasFact,signal:signed
УКСиМП	ВСЕ	166	163	Обслуживание технических средств системы видеонаблюдения	72	72	3	epgrade:discretionary,signal:hasFact,signal:signed
УКСиМП	ВСЕ	167	164	обслуживание технических средств пожарной сигнализации и системы оповещения и управления э	108	108	3	epgrade:discretionary,signal:hasFact,signal:signed
УКСиМП	ВСЕ	168	165	техническое обслуживание технических средств охранной сигнализации	108	108	3	epgrade:discretionary,signal:hasFact,signal:signed
УКСиМП	ВСЕ	169	166	выполнение  комплекса услуг по ремонту автобуса 	105.651	105.65100000000001	5	epgrade:discretionary,hygiene:G:edge_space,hygiene:G:invisible_char,signal:hasFact,signal:signed
УКСиМП	ВСЕ	170	167	оказание услуг по расчистке территории объектов МБУ ДО СШ «Лидер»	457.167	457.167	3	epgrade:discretionary,signal:hasFact,signal:signed
УКСиМП	ВСЕ	171	168	оказание услуг (обязательное страхованию гражданской ответственности Страхователя при эксп	12.16899	12.16899	3	epgrade:discretionary,signal:hasFact,signal:signed
УКСиМП	ВСЕ	172	169	Заправка и восстановление картриджей	3.5	3.5	3	epgrade:discretionary,signal:hasFact,signal:signed
УКСиМП	ВСЕ	173	170	выполнение работ (проведение противопожарных  работ)	50	49.879999999999995	5	epgrade:discretionary,hygiene:G:invisible_char,signal:economyFlag,signal:hasFact,signal:signed
УКСиМП	ВСЕ	174	171	поставка товара (приобретение медалей)	123.99101	99	4	epgrade:discretionary,signal:epFactDeviation,signal:hasFact,signal:signed
УКСиМП	ВСЕ	175	172	выполнение электромонтажных  работ 	111.23001	111.23001000000001	5	epgrade:discretionary,hygiene:G:edge_space,hygiene:G:invisible_char,signal:hasFact,signal:signed
УКСиМП	ВСЕ	176	173	выполнение работ  (гидравлическая промывкаи опрессовка наружных тепловых сетей и системы о	25	25	5	epgrade:discretionary,hygiene:G:edge_space,hygiene:G:invisible_char,signal:hasFact,signal:signed
УКСиМП	ВСЕ	177	174	выполнение платных дезинфекционных работ	92.03	91.98	4	epgrade:discretionary,signal:economyFlag,signal:hasFact,signal:signed
УКСиМП	ВСЕ	178	175	проведение периодических медицинских осмотров, предрейсовый осмотр водителей	175.82	175.82	3	epgrade:discretionary,signal:hasFact,signal:signed
УКСиМП	ВСЕ	179	176	оказание услуг по централизованной охране объектов	297.84	297.84	3	epgrade:discretionary,signal:hasFact,signal:signed
УКСиМП	ВСЕ	180	177	поставка нефтепродуктов (ГСМ)	110	110	3	epgrade:discretionary,signal:hasFact,signal:signed
УКСиМП	ВСЕ	181	178	Курсы повышения квалификации	47.85	47.85	3	epgrade:discretionary,signal:hasFact,signal:signed
УКСиМП	ВСЕ	182	336	Противопожарные мероприятия (заправка огнетушителей, проверка пожарного крана, электроиспы	36	0	2	epgrade:discretionary,signal:planSoon
УКСиМП	ВСЕ	183	180	Установка и обслуживание системы ГАИС "ЭРА-ГЛОНАСС"	2.68256	2.62056	5	epgrade:discretionary,signal:economyFlag,signal:epFactDeviation,signal:hasFact,signal:signed
УКСиМП	ВСЕ	184	181	          Хозяйственные товары	60.59	60.59	5	epgrade:discretionary,hygiene:G:edge_space,hygiene:G:invisible_char,signal:hasFact,signal:signed
УКСиМП	ВСЕ	185	182	Услуги по размещению в информационно-коммуникационной сети Интернет (ростелеком)	75.86514	74.91288	5	epgrade:discretionary,signal:economyFlag,signal:epFactDeviation,signal:hasFact,signal:signed
УКСиМП	ВСЕ	186	183	оказание услуг связи (телефония)	18.80604	18.80604	3	epgrade:discretionary,signal:hasFact,signal:signed
УКСиМП	ВСЕ	187	184	оказание услуг по техниескому диагностированию и обслуживанию медецинских изделий (ТО МИ)	10.08	10.08	3	epgrade:discretionary,signal:hasFact,signal:signed
УКСиМП	ВСЕ	188	185	оказание услуг мойки автомобилей	10	10	3	epgrade:discretionary,signal:hasFact,signal:signed
УКСиМП	ВСЕ	189	186	оказание услуг и выполнение работ по содержанию и ремонту общего имущества жилого дома	257.08494	257.08494	3	epgrade:lawful-exclusive,signal:hasFact,signal:signed
УКСиМП	ВСЕ	190	187	установка створки их профиля ПВХ	10.5	10.5	3	epgrade:discretionary,signal:hasFact,signal:signed
УКСиМП	ВСЕ	191	188	поставка товара (печать для фельдшера, таблички в с/зал "Строитель")	5.4	5.4	3	epgrade:discretionary,signal:hasFact,signal:signed
УКСиМП	ВСЕ	192	189	Приобретение принтера	12.5	12.5	3	epgrade:discretionary,signal:hasFact,signal:signed
УКСиМП	ВСЕ	193	190	Очистка кровли с/зала "Строитель" от снега и наледи	100	100	3	epgrade:discretionary,signal:hasFact,signal:signed
УКСиМП	ВСЕ	194	191	оказания услуг по приему снега,  вывозимого с территории Елизовского городского поселения 	178.5	178.5	3	epgrade:discretionary,signal:hasFact,signal:signed
УКСиМП	ВСЕ	195	192	выполнение работ (ремонт рольставень	17.3	17.3	3	epgrade:discretionary,signal:hasFact,signal:signed
УКСиМП	ВСЕ	196	193	карта водителя	6	6	3	epgrade:discretionary,signal:hasFact,signal:signed
УКСиМП	ВСЕ	197	194	возмездное оказание услуг (водоканал)	34.85	34.85	3	epgrade:lawful-exclusive,signal:hasFact,signal:signed
УКСиМП	ВСЕ	198	195	оказание услуг по обращению с твердыми коммунальными отходами	8.26	8.26	3	epgrade:lawful-exclusive,signal:hasFact,signal:signed
УКСиМП	ВСЕ	199	196	холодное водоснабжение и водоотведение	98.92	98.92	3	epgrade:lawful-exclusive,signal:hasFact,signal:signed
УКСиМП	ВСЕ	200	197	Электроэнергия	1395.54	1395.54	3	epgrade:lawful-exclusive,signal:hasFact,signal:signed
УКСиМП	ВСЕ	201	198	Теплоэнергия	3997.06	3997.06	3	epgrade:lawful-exclusive,signal:hasFact,signal:signed
УКСиМП	ВСЕ	202	199	Приобретение строительных материалов	11.6	11.6	3	epgrade:discretionary,signal:hasFact,signal:signed
УКСиМП	ВСЕ	203	200	услуги проведения профессиональной гигиенической подготовки и аттестации должностных лиц и	31.29115	31.29115	4	epgrade:discretionary,hygiene:G:edge_space,signal:hasFact,signal:signed
УКСиМП	ВСЕ	204	46	Противопожарные мероприятия (заправка огнетушителей, испытания, огнезащитная обработка и.т	35	0	1	epgrade:discretionary
УКСиМП	ВСЕ	205	202	Изготовление проектной документации (антитеррор, хоккейный стадион "Звезда)	40	40	3	epgrade:discretionary,signal:hasFact,signal:signed
УКСиМП	ВСЕ	206	203	Поверка счётчика УУТЭ	50	50	3	epgrade:discretionary,signal:hasFact,signal:signed
УКСиМП	ВСЕ	207	204	Проведение медицинских осмотров сотрудников	80	69.04	5	epgrade:discretionary,signal:economyFlag,signal:epFactDeviation,signal:hasFact,signal:signed
УКСиМП	ВСЕ	208	205	Оказание услуг по обеспечению функционирования и поддержки работоспособности сетей передач	30	30	3	epgrade:discretionary,signal:hasFact,signal:signed
УКСиМП	ВСЕ	209	206	Услуги санитарно-гигиенические 	30	25.8701	7	epgrade:discretionary,hygiene:G:edge_space,hygiene:G:invisible_char,signal:economyFlag,signal:epFactDeviation,signal:hasFact,signal:signed
УКСиМП	ВСЕ	210	207	Обслуживание технических средств системы видеонаблюдения и антитеррор	33	33	3	epgrade:discretionary,signal:hasFact,signal:signed
УКСиМП	ВСЕ	211	208	Обслуживание технических средств пожарной сигнализации	39	39	3	epgrade:discretionary,signal:hasFact,signal:signed
УКСиМП	ВСЕ	212	209	Услуги по обслуживанию сайта	10	10	3	epgrade:discretionary,signal:hasFact,signal:signed
УКСиМП	ВСЕ	213	210	Настройка музыкальных инструментов	35	0	1	epgrade:discretionary
УКСиМП	ВСЕ	214	570	 настройка музыкальных инструментов	35	0	3	epgrade:discretionary,hygiene:G:edge_space,hygiene:G:invisible_char
УКСиМП	ВСЕ	215	87	Услуги телекоммуникационные (Интернет) (МТС Б-ф 16, Б-ф 5, Б-ф 15, Б-ф 16 + соц.сети )	32.28	20.28	5	epgrade:discretionary,signal:epFactDeviation,signal:factWithoutDate,signal:hasFact,yearlong:stage
УКСиМП	ВСЕ	216	385	медицинский осмотр	11.812	0	1	epgrade:discretionary
УКСиМП	ВСЕ	217	17	Утилизация отходов	30	0	1	epgrade:discretionary
УКСиМП	ВСЕ	218	53	Образовательные услуги (курсы по повышению квалификации)	30	0	1	epgrade:discretionary
УКСиМП	ВСЕ	219	216	Услуги по размещению в информационно-коммуникационной сети Интернет (ростелеком)	71.98	71.98	3	epgrade:discretionary,signal:hasFact,signal:signed
УКСиМП	ВСЕ	220	217	Канцелярские товары	5	5	3	epgrade:discretionary,signal:hasFact,signal:signed
УКСиМП	ВСЕ	221	214	Курсы повышения квалификации	30	7.35	5	epgrade:discretionary,signal:epFactDeviation,signal:factWithoutDate,signal:hasFact,yearlong:stage
УКСиМП	ВСЕ	222	219	Хозяйственные товары	13.8	13.8	3	epgrade:discretionary,signal:hasFact,signal:signed
УКСиМП	ВСЕ	223	220	оказание услуг связи (телефония)	17.5	17.5	3	epgrade:discretionary,signal:hasFact,signal:signed
УКСиМП	ВСЕ	224	221	Приобретение наградной атрибутики	1188.207	1188.21	4	epgrade:discretionary,signal:epRisk,signal:hasFact,signal:signed
УКСиМП	ВСЕ	225	222	Организация и проведение "Елизовского спринта" - Призовые выплаты учатстникам	1232.2	1232.2	4	epgrade:discretionary,signal:epRisk,signal:hasFact,signal:signed
УКСиМП	ВСЕ	226	223	Организация участия сборной команды ЕМР в краевых сельских спортивных играх - приобретение	70	0	1	epgrade:discretionary
УКСиМП	ВСЕ	227	224	Наградная атрибутика с официальной символикой ВФСК ГТО	150	150	3	epgrade:discretionary,signal:hasFact,signal:signed
УКСиМП	ВСЕ	228	225	Компенсация расходов работникам  учреждений и спортсменам связанных с выездом за пределы К	100	100	4	epgrade:discretionary,hygiene:G:invisible_char,signal:hasFact,signal:signed
УКСиМП	ВСЕ	229	226	4.1.1.2.3. Ремонт с/з "Смена" г. Елизово, ул.Уральская, д.17	3755.84436	2796.29329	4	signal:factDateBeforePlan,signal:hasFact,signal:highEconomy,signal:signed
УКСиМП	ВСЕ	230	227	содержание УК и тек ремонт МКД	65	63.429	4	epgrade:discretionary,signal:epFactDeviation,signal:hasFact,signal:signed
УКСиМП	ВСЕ	231	228	4.1.1.2.2. Ремонт отмостки и устройство крыльца запасного входа здания с/з п. Раздольный, 	690.90326	590.72222	3	signal:factDateBeforePlan,signal:hasFact,signal:signed
УКСиМП	ВСЕ	232	229	4.1.1.2.1. Ремонт отмостки здания с/з п. Зеленый, ул. Атласова 12/4	731.20672	643.46176	3	signal:factDateBeforePlan,signal:hasFact,signal:signed
УКСиМП	ВСЕ	233	230	День физкультурника- Расходы запланированы согласно календарному плану и смет расходов,свя	65	65	4	epgrade:discretionary,hygiene:G:missing_space_after_punct,signal:hasFact,signal:signed
УКСиМП	ВСЕ	234	231	Компенсация расходов работникам  учреждений физической культуры и спорта, связанных с комм	480	180	7	epgrade:discretionary,hygiene:G:edge_space,hygiene:G:invisible_char,signal:epFactDeviation,signal:factWithoutDate,signal:hasFact,yearlong:stage
УКСиМП	ВСЕ	235	232	Абон. плата и на повременную оплату местных, междугородних телефонных соединений (Ростелек	129.94	129.94	3	epgrade:discretionary,signal:hasFact,signal:signed
УКСиМП	ВСЕ	236	233	Затраты на Интернет (НОВА)	147.42	147.42	3	epgrade:discretionary,signal:hasFact,signal:signed
УКСиМП	ВСЕ	237	234	оказание услуг по техническому обслуживанию и ремонту оргтехники  	30	30	5	epgrade:discretionary,hygiene:G:edge_space,hygiene:G:invisible_char,signal:hasFact,signal:signed
УКСиМП	ВСЕ	238	235	 оказание услуг  по техническому обслуживанию противопожарных дверей	4	4	5	epgrade:discretionary,hygiene:G:edge_space,hygiene:G:invisible_char,signal:hasFact,signal:signed
УКСиМП	ВСЕ	239	236	оказание услуг по обеспечению передачи данных пожарной сигнализации  на диспетчерский пуль	120	120	4	epgrade:discretionary,hygiene:G:invisible_char,signal:hasFact,signal:signed
УКСиМП	ВСЕ	240	237	оказание медицинских услуг по проведению пред рейсовых медицинских осмотров водителей 	111.12	111.12	4	epgrade:discretionary,hygiene:G:edge_space,signal:hasFact,signal:signed
УКСиМП	ВСЕ	241	238	оказание услуг по централизованной охране объектов 	148.92	148.92	5	epgrade:discretionary,hygiene:G:edge_space,hygiene:G:invisible_char,signal:hasFact,signal:signed
УКСиМП	ВСЕ	242	239	оказание услуг по обслуживанию технических средств системы видеонаблюдения	72	72	3	epgrade:discretionary,signal:hasFact,signal:signed
УКСиМП	ВСЕ	243	240	оказание услуг на обслуживание технических средств пожарной сигнализации	252	252	3	epgrade:discretionary,signal:hasFact,signal:signed
УКСиМП	ВСЕ	244	241	оказание услуг на техническое обслуживание технических средств охранной сигнализации	96	96	3	epgrade:discretionary,signal:hasFact,signal:signed
УКСиМП	ВСЕ	245	554	Опрессовка системы, подготовка к отопит. Сезону	30	0	2	epgrade:discretionary,signal:overdue
УКСиМП	ВСЕ	246	669	"Развитие физ.культуры и спорта в ЕМР."(приобретение баскет. формы)	30	0	2	epgrade:discretionary,signal:planSoon
УКСиМП	ВСЕ	247	89	Услуги телекоммуникационные (Интернет) (Б-ф 4 НОВА)	27.72	0	1	epgrade:discretionary
УКСиМП	ВСЕ	248	245	Оказание работ по опрессовке тепловых сетей на объектах (спортивные залы)	55	55	3	epgrade:discretionary,signal:hasFact,signal:signed
УКСиМП	ВСЕ	249	90	Услуги телекоммуникационные (Интернет)( Б-ф 12 НОВА)	27.72	0	1	epgrade:discretionary
УКСиМП	ВСЕ	250	85	Услуги телекоммуникационные (Интернет) (МТС- Б-ф 6, Б-ф 9, Б-ф 14)	26.35	0	1	epgrade:discretionary
УКСиМП	ВСЕ	251	248	Поставка ГСМ	370	370	3	epgrade:discretionary,signal:hasFact,signal:signed
УКСиМП	ВСЕ	252	249	Канцелярские товары (за вычетом бумаги) 	20.9	20.9	5	epgrade:discretionary,hygiene:G:edge_space,hygiene:G:invisible_char,signal:hasFact,signal:signed
УКСиМП	ВСЕ	253	250	4.1.1.2.4. Ремонт крыльца здания с/з п. Зеленый, ул. Атласова 12/4	356.35229	356.35229	4	comment:stage_marker_when_signed,epgrade:discretionary,signal:hasFact,signal:signed
УКСиМП	ВСЕ	254	251	Белизна 1л. 1/12 /Гарант	0.53	0.53	3	epgrade:discretionary,signal:hasFact,signal:signed
УКСиМП	ВСЕ	255	252	Крем-мыло 500мл с дозатором Luscan Алоэ вера антибакт. 1/20	13	13	3	epgrade:discretionary,signal:hasFact,signal:signed
УКСиМП	ВСЕ	256	253	Мешок для мусора 20л. (50шт) рул. ПНД (10мкм) 1/50 /Мешкофф	1.4	1.4	3	epgrade:discretionary,signal:hasFact,signal:signed
УКСиМП	ВСЕ	257	254	Мешок для мусора 30л. (30шт) рул. ПВД (30мкм) Элитные 1/25 /Мешкофф	4.27	4.27	3	epgrade:discretionary,signal:hasFact,signal:signed
УКСиМП	ВСЕ	258	255	Мешок для мусора 60л. (20шт) рул. ПВД (30мкм) Элитные 1/20 /Мешкофф	2.5	2.5	3	epgrade:discretionary,signal:hasFact,signal:signed
УКСиМП	ВСЕ	259	256	Перчатки латексные неопудр. повыш.прочности S&C High Risk L (25пар) 1/10	2.84	2.84	3	epgrade:discretionary,signal:hasFact,signal:signed
УКСиМП	ВСЕ	260	257	Перчатки латексные неопудр. повыш.прочности S&C High Risk M (25пар) 1/10	1.42	1.42	3	epgrade:discretionary,signal:hasFact,signal:signed
УКСиМП	ВСЕ	261	258	Перчатки латексные с х/б напылением повыш.проч. AVIORA S 1/120	0.88	0.88	3	epgrade:discretionary,signal:hasFact,signal:signed
УКСиМП	ВСЕ	262	259	Перчатки х/б с ПВХ Точка 10 класс 5 ниток (52г 133текс) 1/300 /Комус	1.08	1.08	3	epgrade:discretionary,signal:hasFact,signal:signed
УКСиМП	ВСЕ	263	260	Полотенца бум.(4рул) 3сл. (12,5м) LUSCAN Expert 1/2 листа с тисн. 1/7/168	17.82	17.82	3	epgrade:discretionary,signal:hasFact,signal:signed
УКСиМП	ВСЕ	264	261	Салфетка для мытья полов	3.25	3.25	3	epgrade:discretionary,signal:hasFact,signal:signed
УКСиМП	ВСЕ	265	262	Порошок чистящий 400гр.	0.63	0.63	3	epgrade:discretionary,signal:hasFact,signal:signed
УКСиМП	ВСЕ	266	263	Средство для мытья стекол.  Грасс 0,6	0.87	0.87	4	epgrade:discretionary,hygiene:G:invisible_char,signal:hasFact,signal:signed
УКСиМП	ВСЕ	267	264	Средство санитарно-гигиеническое DOS GEL 1л Сила цитрусов 1/8 /Grass	6.34	6.34	3	epgrade:discretionary,signal:hasFact,signal:signed
УКСиМП	ВСЕ	268	265	Стиральный порошок автомат Чайка 400г Яркий цвет и зимняя свежесть 1/18	3.17	3.17	3	epgrade:discretionary,signal:hasFact,signal:signed
УКСиМП	ВСЕ	269	266	Туалетная бумага  1/48	25	25	4	epgrade:discretionary,hygiene:G:invisible_char,signal:hasFact,signal:signed
УКСиМП	ВСЕ	270	267	Обслуживание приборов учёта тепловой энергии	115	115	3	epgrade:discretionary,signal:hasFact,signal:signed
УКСиМП	ВСЕ	271	286	Противопожарные мероприятия (заправка огнетушителей, испытания, огнезащитная обработка и.т	26.12412	5.95	5	epgrade:discretionary,signal:epFactDeviation,signal:factWithoutDate,signal:hasFact,yearlong:stage
УКСиМП	ВСЕ	272	269	Разработка и наполнение официального сайта ЦФКС в подсистеме "ГОСВЕБ"	30	30	3	epgrade:discretionary,signal:hasFact,signal:signed
УКСиМП	ВСЕ	273	270	Услуги по передаче электрической энергии	5355.3	5355.3	3	epgrade:lawful-exclusive,signal:hasFact,signal:signed
УКСиМП	ВСЕ	274	271	Услуги по передаче тепловой энергии	3774.8151	3774.8151	3	epgrade:lawful-exclusive,signal:hasFact,signal:signed
УКСиМП	ВСЕ	275	272	Услуги по передаче тепловой энергии	1304.80606	1304.80606	3	epgrade:lawful-exclusive,signal:hasFact,signal:signed
УКСиМП	ВСЕ	276	273	Услуги по передаче тепловой энергии	1587.22223	1587.22223	3	epgrade:lawful-exclusive,signal:hasFact,signal:signed
УКСиМП	ВСЕ	277	274	услуги по поставке ХВС, водоотведения	395.774	395.774	3	epgrade:lawful-exclusive,signal:hasFact,signal:signed
УКСиМП	ВСЕ	278	275	услуги по поставке ХВС, водоотведения	70.3529	70.3529	3	epgrade:lawful-exclusive,signal:hasFact,signal:signed
УКСиМП	ВСЕ	279	276	услуги по поставке ХВС, водоотведения	77.959	77.959	3	epgrade:lawful-exclusive,signal:hasFact,signal:signed
УКСиМП	ВСЕ	280	671	услуги по расчистке снега фронтальным погрузчиком	200	0	2	epgrade:discretionary,signal:derivedFormulaBroken
УКСиМП	ВСЕ	281	672	Награждение участников команд "Кубок ЕМР по волейболу "Играем за СВОих-100000, Кубок ЕМР п	24.5	24.5	3	epgrade:discretionary,signal:hasFact,signal:signed
УКСиМП	ВСЕ	282	673	Развитие физ.культуры и спорта в ЕМР."(приобретение баскет. формы)	275	275	3	epgrade:discretionary,signal:hasFact,signal:signed
УКСиМП	ВСЕ	283	674	Канцелярские товары Канцелярские товары (бумага для принтера А4) 80г/м2 146% 500л 1/5	30	0	3	epgrade:discretionary,signal:derivedFormulaBroken,signal:planSoon
УКСиМП	ВСЕ	284	277	6.1.1.1. Капитальный ремонт крыльца здания Муниципального бюджетного учреждения дополнител	1905.05014	1150	3	signal:hasFact,signal:highEconomy,signal:signed
УКСиМП	ВСЕ	285	278	Обслуживание технических средств системы видеонаблюдения и антитеррор	36	36	3	epgrade:discretionary,signal:hasFact,signal:signed
УКСиМП	ВСЕ	286	279	Обслуживание технических средств тревожной сигнализации	24	24	3	epgrade:discretionary,signal:hasFact,signal:signed
УКСиМП	ВСЕ	287	280	Обслуживание технических средств пожарной сигнализации	42	42	3	epgrade:discretionary,signal:hasFact,signal:signed
УКСиМП	ВСЕ	288	281	Экстренный выезд наряда вневедомственной охраны по сигналу о срабатывании средств	74.46	74.46	3	epgrade:discretionary,signal:hasFact,signal:signed
УКСиМП	ВСЕ	289	282	Оказание услуг по обеспечению функционирования и поддержки работоспособности сетей передач	30	30	3	epgrade:discretionary,signal:hasFact,signal:signed
УКСиМП	ВСЕ	290	283	Проведение медицинских осмотров сотрудников	57.17	57.17	3	epgrade:discretionary,signal:hasFact,signal:signed
УКСиМП	ВСЕ	291	573	Спецоценка условий труда	25.200000000000003	0	1	epgrade:discretionary
УКСиМП	ВСЕ	292	285	Обслуживание сайта	29.9	29.9	3	epgrade:discretionary,signal:hasFact,signal:signed
УКСиМП	ВСЕ	293	10	Услуги дератизации	25	0	1	epgrade:discretionary
УКСиМП	ВСЕ	294	287	Печатная продукция  (свидетельства об окончании школы, грамоты)	31.363999999999997	31.364	4	epgrade:discretionary,hygiene:G:double_space,signal:hasFact,signal:signed
УКСиМП	ВСЕ	295	288	Оказание услуг по обеспечению функционирования и поддержки работоспособности сетей передач	30	30	3	epgrade:discretionary,signal:hasFact,signal:signed
УКСиМП	ВСЕ	296	289	Обслуживание технических средств системы видеонаблюдения	12	12	3	epgrade:discretionary,signal:hasFact,signal:signed
УКСиМП	ВСЕ	297	290	Обслуживание технических средств системы контроля доступом на объект (СКУД)	12	12	3	epgrade:discretionary,signal:hasFact,signal:signed
УКСиМП	ВСЕ	298	291	Обслуживание технических средств системы  оповещения "Антитеррор"	12	12	4	epgrade:discretionary,hygiene:G:invisible_char,signal:hasFact,signal:signed
УКСиМП	ВСЕ	299	292	Оказание услуг по техническому обслуживанию систем обеспечения пожарной безопасности	13.2	13.2	3	epgrade:discretionary,signal:hasFact,signal:signed
УКСиМП	ВСЕ	300	293	вода питьевая бутилированная без газа	4.74	4.74	3	epgrade:discretionary,signal:hasFact,signal:signed
УКСиМП	ВСЕ	301	294	выполнение дератизационных и дезинфекционных работ	9.16	9.16	3	epgrade:discretionary,signal:hasFact,signal:signed
УКСиМП	ВСЕ	302	295	Оказание услуг по проверке качества огнезащитной обработки панелей МДФ	4	4	3	epgrade:discretionary,signal:hasFact,signal:signed
УКСиМП	ВСЕ	303	11	Оказание услуг по расчистке снега	25	0	1	epgrade:discretionary
УКСиМП	ВСЕ	304	152	Противопожарные мероприятия (заправка огнетушителей, испытания, огнезащитная обработка и.т	25	21.707	5	epgrade:discretionary,signal:epFactDeviation,signal:factWithoutDate,signal:hasFact,yearlong:stage
УКСиМП	ВСЕ	305	213	Противопожарные мероприятия (заправка огнетушителей, испытания, огнезащитная обработка и.т	25	0.52	5	epgrade:discretionary,signal:epFactDeviation,signal:factWithoutDate,signal:hasFact,yearlong:stage
УКСиМП	ВСЕ	306	299	Ремонт принтера	4.5	4.5	3	epgrade:discretionary,signal:hasFact,signal:signed
УКСиМП	ВСЕ	307	284	Проведение профессиональной гигиенической подготовки и аттестации должностных лиц и работн	25	0	1	epgrade:discretionary
УКСиМП	ВСЕ	308	301	Столешницы для ученических парт	13.12	13.12	3	epgrade:discretionary,signal:hasFact,signal:signed
УКСиМП	ВСЕ	309	302	Участия во всероссийских ,международных  конкурсах. - Расходы запланированы на приобретени	313.2	313.2	6	epgrade:discretionary,hygiene:G:invisible_char,hygiene:G:missing_space_after_punct,hygiene:G:space_before_punct,signal:hasFact,signal:signed
УКСиМП	ВСЕ	310	303	Услуги по расчистке снега	90	90	3	epgrade:discretionary,signal:hasFact,signal:signed
УКСиМП	ВСЕ	311	304	Обслуживание технических средств системы видеонаблюдения и антитеррор	42	42	3	epgrade:discretionary,signal:hasFact,signal:signed
УКСиМП	ВСЕ	312	305	Обслуживание противопожарных дверей	4	4	3	epgrade:discretionary,signal:hasFact,signal:signed
УКСиМП	ВСЕ	313	306	Обслуживание технических средств пожарной сигнализации	54	54	3	epgrade:discretionary,signal:hasFact,signal:signed
УКСиМП	ВСЕ	314	307	выполнение дератизационных и дезинфекционных работ	30.24	30.24	3	epgrade:discretionary,signal:hasFact,signal:signed
УКСиМП	ВСЕ	315	308	вода питьевая бутилированная без газа	14.73	14.73	3	epgrade:discretionary,signal:hasFact,signal:signed
УКСиМП	ВСЕ	316	309	Техническое обслуживание приборов тепловой энергии	48	48	3	epgrade:discretionary,signal:hasFact,signal:signed
УКСиМП	ВСЕ	317	310	Оказание услуг по обеспечению функционирования и поддержки работоспособности сетей передач	30	30	3	epgrade:discretionary,signal:hasFact,signal:signed
УКСиМП	ВСЕ	318	311	Проведение медицинских осмотров сотрудников	79.51	79.51	3	epgrade:discretionary,signal:hasFact,signal:signed
УКСиМП	ВСЕ	319	312	Информационное сопровождение сайта	21.25	21.25	3	epgrade:discretionary,signal:hasFact,signal:signed
УКСиМП	ВСЕ	320	313	Опрессовка системы отопления	25	0	2	epgrade:discretionary,signal:planSoon
УКСиМП	ВСЕ	321	314	Обслуживание огнетушителей	3.22	3.22	3	epgrade:discretionary,signal:hasFact,signal:signed
УКСиМП	ВСЕ	322	315	Социальная поддержка лиц, обучающихся по программам среднего профессионального и высшего о	146.6	96	7	epgrade:discretionary,hygiene:G:edge_space,hygiene:G:invisible_char,signal:epFactDeviation,signal:factWithoutDate,signal:hasFact,yearlong:stage
УКСиМП	ВСЕ	323	316	Компенсация расходов работникам  учреждений и спортсменам связанных с выездом за пределы К	200	130.878	6	epgrade:discretionary,hygiene:G:invisible_char,signal:epFactDeviation,signal:factWithoutDate,signal:hasFact,yearlong:stage
УКСиМП	ВСЕ	324	317	Приобретение спортивного инвентаря	689.4100000000001	689.4100000000001	4	epgrade:discretionary,signal:epRisk,signal:hasFact,signal:signed
УКСиМП	ВСЕ	325	318	Оплата спортивно-тренировочных мероприятий по кикбоксингу	50	50.00000000000001	3	epgrade:discretionary,signal:hasFact,signal:signed
УКСиМП	ВСЕ	326	319	найм жилья	240	0	2	epgrade:discretionary,signal:planYearMissing
УКСиМП	ВСЕ	327	320	Обслуживание охранной сигнализации	36	36	3	epgrade:discretionary,signal:hasFact,signal:signed
УКСиМП	ВСЕ	328	321	Обслуживание системы оповещения и управления эвакуацией	36	36	3	epgrade:discretionary,signal:hasFact,signal:signed
УКСиМП	ВСЕ	329	322	Обслуживание системы видеонаблюдения	31.5	31.5	3	epgrade:discretionary,signal:hasFact,signal:signed
УКСиМП	ВСЕ	330	323	Обслуживание прибора учета тепловой энергии	72	72	3	epgrade:discretionary,signal:hasFact,signal:signed
УКСиМП	ВСЕ	331	324	Обслуживание охранной и тревожной сигнализации	12	12	3	epgrade:discretionary,signal:hasFact,signal:signed
УКСиМП	ВСЕ	332	325	Обслуживание системы оповещения и управления эвакуацией	12	12	3	epgrade:discretionary,signal:hasFact,signal:signed
УКСиМП	ВСЕ	333	326	Обслуживание системы видеонаблюдения	10.5	10.5	3	epgrade:discretionary,signal:hasFact,signal:signed
УКСиМП	ВСЕ	334	327	Оказание услуг экстренного выезда наряда по сигналу срабатывания средств тревожной сигнали	148.92	148.92	3	epgrade:discretionary,signal:hasFact,signal:signed
УКСиМП	ВСЕ	335	328	Обслуживание прибора учета тепловой энергии	24	24	3	epgrade:discretionary,signal:hasFact,signal:signed
УКСиМП	ВСЕ	336	329	аренда нежилого помещения	693	693	4	epgrade:discretionary,signal:epRisk,signal:hasFact,signal:signed
УКСиМП	ВСЕ	337	510	Расчистка снега	25	0	1	epgrade:discretionary
УКСиМП	ВСЕ	338	331	Расчистка снега	200	200	3	epgrade:discretionary,signal:hasFact,signal:signed
УКСиМП	ВСЕ	339	332	услуги связи	12	12	3	epgrade:discretionary,signal:hasFact,signal:signed
УКСиМП	ВСЕ	340	333	Интернет	112.14	112.14	3	epgrade:discretionary,signal:hasFact,signal:signed
УКСиМП	ВСЕ	341	388	Хозяйственные товары	22.15	0	1	epgrade:discretionary
УКСиМП	ВСЕ	342	335	Опрессовка	50	50	3	epgrade:discretionary,signal:hasFact,signal:signed
УКСиМП	ВСЕ	343	297	 настройка музыкальных инструментов	21.755	0	3	epgrade:discretionary,hygiene:G:edge_space,hygiene:G:invisible_char
УКСиМП	ВСЕ	344	448	Фонд капитального ремонта	21.48544	12.43834	5	epgrade:discretionary,signal:epFactDeviation,signal:factWithoutDate,signal:hasFact,yearlong:stage
УКСиМП	ВСЕ	345	242	обязательное страхование автогражданской ответственности ТС (ОСАГО)	20	11.67484	5	epgrade:discretionary,signal:epFactDeviation,signal:factWithoutDate,signal:hasFact,yearlong:stage
УКСиМП	ВСЕ	346	339	Обслуживание сайта, антивирус	19.9	19.9	3	epgrade:discretionary,signal:hasFact,signal:signed
УКСиМП	ВСЕ	347	340	Канцелярские товары	8.88	8.88	3	epgrade:discretionary,signal:hasFact,signal:signed
УКСиМП	ВСЕ	348	341	Лицензирование медицинского кабинета (необходим ремонт для приведения в соответствие, заяв	78.38	0	2	epgrade:discretionary,signal:planYearMissing
УКСиМП	ВСЕ	349	342	Хозяйственные товары (туалетна бумага, бахила, омешки для мусора, освежитель воздуха, чист	12.72	12.72	3	epgrade:discretionary,signal:hasFact,signal:signed
УКСиМП	ВСЕ	350	343	Чествование юбиляров - сертификаты по 1 500,00 рублей  	30	30	6	comment:foreign_text_in_ag,epgrade:discretionary,hygiene:G:edge_space,hygiene:G:invisible_char,signal:hasFact,signal:signed
УКСиМП	ВСЕ	351	344	Услуги по проведению мероприятий (Федерация)	561.3	361.3	5	epgrade:discretionary,signal:epFactDeviation,signal:factWithoutDate,signal:hasFact,yearlong:stage
УКСиМП	ВСЕ	352	345	Ежегодная премия одарённым детям и талантливой молодёжи Елизовского муниципального района.	10	0	2	comment:foreign_text_in_ag,epgrade:discretionary
УКСиМП	ВСЕ	353	346	 Ежегодная премия одаренным детям,талантливой молодежи	20	0	4	epgrade:discretionary,hygiene:G:edge_space,hygiene:G:invisible_char,hygiene:G:missing_space_after_punct
УКСиМП	ВСЕ	354	347	Чествование трудовых и творческих коллективов,работников с профессиональными праздниками,ю	101.1	101.1	5	epgrade:discretionary,hygiene:G:invisible_char,hygiene:G:missing_space_after_punct,signal:hasFact,signal:signed
УКСиМП	ВСЕ	355	348	Приобретение сертификатов	12	12	3	epgrade:discretionary,signal:hasFact,signal:signed
УКСиМП	ВСЕ	356	349	Проведение торжественныз митингов,акций - цветы	6.9	6.9	4	epgrade:discretionary,hygiene:G:missing_space_after_punct,signal:hasFact,signal:signed
УКСиМП	ВСЕ	357	350	Проведение торжественных митингов,акций - цветы	40	40	5	epgrade:unfounded,hygiene:G:missing_space_after_punct,signal:hasFact,signal:signed,signal:unmappedReasonEP
УКСиМП	ВСЕ	358	351	Проведение торжественныз митингов,акций - цветы	10	10	4	epgrade:discretionary,hygiene:G:missing_space_after_punct,signal:hasFact,signal:signed
УКСиМП	ВСЕ	359	352	 премия одаренным детям,талантливой молодежи -Денежная премия,сертификаты	10	0	4	epgrade:discretionary,hygiene:G:edge_space,hygiene:G:invisible_char,hygiene:G:missing_space_after_punct
УКСиМП	ВСЕ	360	353	Монитор	35.099999999999994	35.1	4	epgrade:unfounded,signal:epJustificationMissing,signal:hasFact,signal:signed
УКСиМП	ВСЕ	361	354	ИБП	4.5699999999999985	4.57	4	epgrade:unfounded,signal:epJustificationMissing,signal:hasFact,signal:signed
УКСиМП	ВСЕ	362	355	Принтер для цветной печати	53.9	53.9	4	epgrade:unfounded,signal:epJustificationMissing,signal:hasFact,signal:signed
УКСиМП	ВСЕ	363	356	Системный блок	65.76	65.76	3	epgrade:discretionary,signal:hasFact,signal:signed
УКСиМП	ВСЕ	364	357	Ремонт Принтера	3.947	3.95	3	epgrade:discretionary,signal:hasFact,signal:signed
УКСиМП	ВСЕ	365	358	МФУ, клавитура, монитор	70.747	70.747	3	epgrade:discretionary,signal:hasFact,signal:signed
УКСиМП	ВСЕ	366	524	обслуживание сайта	20	0	1	epgrade:discretionary
УКСиМП	ВСЕ	367	360	Диспансеризация муниципальных служащих	73.03	73.03	3	epgrade:discretionary,signal:hasFact,signal:signed
УКСиМП	ВСЕ	368	361	Проезд в командировку	81.194	81.194	3	epgrade:discretionary,signal:hasFact,signal:signed
УКСиМП	ВСЕ	369	362	Подписка электронный журнал "Культура"	61	61	3	epgrade:discretionary,signal:hasFact,signal:signed
УКСиМП	ВСЕ	370	363	Курсы повышения квалификации	12	12	3	epgrade:discretionary,signal:hasFact,signal:signed
УКСиМП	ВСЕ	371	364	Канцелярские товары (ручки, карандаши, скоросшиватели, скобы, папки)	25.279999999999994	25.281	3	epgrade:discretionary,signal:hasFact,signal:signed
УКСиМП	ВСЕ	372	365	техническому обслуживанию систем по обеспечению функционирования и поддержки работоспособн	22.5	22.5	5	epgrade:discretionary,hygiene:G:edge_space,hygiene:G:invisible_char,signal:hasFact,signal:signed
УКСиМП	ВСЕ	373	366	Обслуживание охранной сигнализации	31.5	31.5	3	epgrade:discretionary,signal:hasFact,signal:signed
УКСиМП	ВСЕ	374	367	Обслуживание пожарной сигнализации	31.5	31.5	3	epgrade:discretionary,signal:hasFact,signal:signed
УКСиМП	ВСЕ	375	368	Техническое обслуживание системы видеонаблюдения	27	27	3	epgrade:discretionary,signal:hasFact,signal:signed
УКСиМП	ВСЕ	376	369	Пожарная сигнализация (сеть передачи данных)	9	9	3	epgrade:discretionary,signal:hasFact,signal:signed
УКСиМП	ВСЕ	377	370	вода бутилированная	20.3	20.3	3	epgrade:discretionary,signal:hasFact,signal:signed
УКСиМП	ВСЕ	378	371	Водоотведение, стоки	5.17	4.032	4	epgrade:lawful-exclusive,signal:epFactDeviation,signal:hasFact,signal:signed
УКСиМП	ВСЕ	379	372	Обслуживание охранной сигнализации	10.5	10.5	3	epgrade:discretionary,signal:hasFact,signal:signed
УКСиМП	ВСЕ	380	373	Обслуживание пожарной сигнализации	10.5	10.5	3	epgrade:discretionary,signal:hasFact,signal:signed
УКСиМП	ВСЕ	381	374	Техническое обслуживание системы видеонаблюдения	9	9	3	epgrade:discretionary,signal:hasFact,signal:signed
УКСиМП	ВСЕ	382	375	Канцелярские товары	12.82	12.82	3	epgrade:discretionary,signal:hasFact,signal:signed
УКСиМП	ВСЕ	383	376	Проведение специальной оценки условий труда	16.887	16.887	3	epgrade:discretionary,signal:hasFact,signal:signed
УКСиМП	ВСЕ	384	377	Офисные кресла	10.5	10.5	3	epgrade:discretionary,signal:hasFact,signal:signed
УКСиМП	ВСЕ	385	378	Оргтехника	46.25	46.25	3	epgrade:discretionary,signal:hasFact,signal:signed
УКСиМП	ВСЕ	386	379	Медицинский осмотр	57.14	57.14	3	epgrade:discretionary,signal:hasFact,signal:signed
УКСиМП	ВСЕ	387	535	обязательное страхование автогражданской ответственности ТС (ОСАГО)	20	11.20319	5	epgrade:discretionary,signal:epFactDeviation,signal:factWithoutDate,signal:hasFact,yearlong:stage
УКСиМП	ВСЕ	388	381	обслуживание сайта школы, справочные системы	114.99913999999998	115	3	epgrade:discretionary,signal:hasFact,signal:signed
УКСиМП	ВСЕ	389	330	информационное обслуживание сайта	18	0	1	epgrade:discretionary
УКСиМП	ВСЕ	390	615	Противопожарные мероприятия. электроиспытания и электроизмерения  в электроустановках	17.6	17.6	4	epgrade:discretionary,hygiene:G:invisible_char,signal:hasFact,signal:signed
УКСиМП	ВСЕ	391	384	Противопожарные мероприятия (проверка пожарного крана, электроиспытания, заправка огнетуши	23.25	23.25	3	epgrade:discretionary,signal:hasFact,signal:signed
УКСиМП	ВСЕ	392	300	Курсы повышения квалификации	16.42266	0	1	epgrade:discretionary
УКСиМП	ВСЕ	393	386	услуги нотариуса	5.9	5.9	3	epgrade:discretionary,signal:hasFact,signal:signed
УКСиМП	ВСЕ	394	387	Хозяйственные товары	44.952	44.952	3	epgrade:discretionary,signal:hasFact,signal:signed
УКСиМП	ВСЕ	395	102	Библиотечная ассоциация , годовой взнос	16	0	2	epgrade:discretionary,hygiene:G:space_before_punct
УКСиМП	ВСЕ	396	507	Заправка и восстановление картриджей	16	0	1	epgrade:discretionary
УКСиМП	ВСЕ	397	390	Обслуживание технических средств пожарной сигнализации	9	9	4	epgrade:unfounded,signal:epJustificationMissing,signal:hasFact,signal:signed
УКСиМП	ВСЕ	398	391	Заправка и восстановление картриджей	75	75	3	signal:factDateBeforePlan,signal:hasFact,signal:signed
УКСиМП	ВСЕ	399	98	ЭДО Контур	15	0	1	epgrade:discretionary
УКСиМП	ВСЕ	400	393	Монитор	35.1	35.1	3	comment:missing_procedure_ref,signal:hasFact,signal:signed
УКСиМП	ВСЕ	401	394	Системный блок	58.47	58.47	3	comment:missing_procedure_ref,signal:hasFact,signal:signed
УКСиМП	ВСЕ	402	395	Аккумуляторы для ИБП	28	28	3	epgrade:discretionary,signal:hasFact,signal:signed
УКСиМП	ВСЕ	403	396	Заправка и восстановление картриджей	13.45	13.45	3	epgrade:discretionary,signal:hasFact,signal:signed
УКСиМП	ВСЕ	404	179	Канцелярские товары	15	0	1	epgrade:discretionary
УКСиМП	ВСЕ	405	398	Услуги по передаче электрической энергии	435.74	435.74	3	epgrade:discretionary,signal:hasFact,signal:signed
УКСиМП	ВСЕ	406	399	Теплоснабжение	1034.71	1034.71	4	epgrade:discretionary,signal:epRisk,signal:hasFact,signal:signed
УКСиМП	ВСЕ	407	400	ТКО	77.42	77.42	3	epgrade:discretionary,signal:hasFact,signal:signed
УКСиМП	ВСЕ	408	401	Водоотведение, стоки	26.77	26.77	3	epgrade:discretionary,signal:hasFact,signal:signed
УКСиМП	ВСЕ	409	402	Услуги связи	155	155	3	epgrade:discretionary,signal:hasFact,signal:signed
УКСиМП	ВСЕ	410	403	обслуживание 1:С	261.6	261.6	4	epgrade:discretionary,hygiene:G:missing_space_after_punct,signal:hasFact,signal:signed
УКСиМП	ВСЕ	411	404	Материалы 1:С	49.99	49.99	4	epgrade:discretionary,hygiene:G:missing_space_after_punct,signal:hasFact,signal:signed
УКСиМП	ВСЕ	412	243	Оказание услуг по дезинфикционным мероприятиям	15	0	1	epgrade:discretionary
УКСиМП	ВСЕ	413	338	дератизация	15	0	1	epgrade:discretionary
УКСиМП	ВСЕ	414	406	База данных «Кадровое дело»	15	0	1	epgrade:discretionary
УКСиМП	ВСЕ	415	408	Право использования программы "Контур.Диадок"	2.95	2.95	3	epgrade:discretionary,signal:hasFact,signal:signed
УКСиМП	ВСЕ	416	509	Услуги по технической поддержке информационных технологий	15	0	2	epgrade:discretionary,signal:planSoon
УКСиМП	ВСЕ	417	410	право использования программы "Контур.Экстерн"	65.7	65.7	3	epgrade:discretionary,signal:hasFact,signal:signed
УКСиМП	ВСЕ	418	411	Лицензии Российского ПО	28.9	28.9	3	epgrade:discretionary,signal:hasFact,signal:signed
УКСиМП	ВСЕ	419	412	Обслуживание технических средств пожарной сигнализации	27	27	3	epgrade:discretionary,signal:hasFact,signal:signed
УКСиМП	ВСЕ	420	99	Заправка и восстановление картриджей	14.97	0	1	epgrade:discretionary
УКСиМП	ВСЕ	421	414	 Обслуживание оконных блоков	66.9	66.9	5	epgrade:discretionary,hygiene:G:edge_space,hygiene:G:invisible_char,signal:hasFact,signal:signed
УКСиМП	ВСЕ	422	626	профессиональная гигиеническая подготовка и аттестация сотрудников (санминимум)	14.489999999999998	0	1	epgrade:discretionary
УКСиМП	ВСЕ	423	416	Предрейсовый осмотр водителей	42	42	3	epgrade:discretionary,signal:hasFact,signal:signed
УКСиМП	ВСЕ	424	417	Услуги по общей уборке зданий ГПХ на время отпуска основного работника	156.98545	156.98545	3	epgrade:discretionary,signal:hasFact,signal:signed
УКСиМП	ВСЕ	425	58	Обслуживание сайта КАМИН зарплата	14	0	1	epgrade:discretionary
УКСиМП	ВСЕ	426	419	ГСМ	120	120	3	epgrade:discretionary,signal:hasFact,signal:signed
УКСиМП	ВСЕ	427	420	ГСМ масло	15.908	15.908	3	epgrade:discretionary,signal:hasFact,signal:signed
УКСиМП	ВСЕ	428	421	Запасные части на автомобиль (очень сложно определить какие именно)	35.422	35.422	3	epgrade:discretionary,signal:hasFact,signal:signed
УКСиМП	ВСЕ	429	567	Услуги дератизации, дезинсекции	13.5	2.26344	5	epgrade:discretionary,signal:epFactDeviation,signal:factWithoutDate,signal:hasFact,yearlong:stage
УКСиМП	ВСЕ	430	423	Канцелярские товары (ручки, карандаши, папки, скоросшиватели, 	39.54567	39.554469999999995	5	epgrade:discretionary,hygiene:G:edge_space,hygiene:G:invisible_char,signal:hasFact,signal:signed
УКСиМП	ВСЕ	431	424	 ЭА213-26 Поставка бумаги для офисной техники	141.63333	127.4709	4	hygiene:G:edge_space,signal:factDateBeforePlan,signal:hasFact,signal:signed
УКСиМП	ВСЕ	432	425	стул офисный	9.999	9.999	3	epgrade:discretionary,signal:hasFact,signal:signed
УКСиМП	ВСЕ	433	493	канцелярские товары. приобретение флеш-накопителей Скажи наркотикам нет	13	0	1	epgrade:discretionary
УКСиМП	ВСЕ	434	48	Услуги по обязательному страхованию гражданской ответственности ТС (ОСАГО)	12.6	0	1	epgrade:discretionary
УКСиМП	ВСЕ	435	624	заправка и восстановление картриджей	12.371	0	1	epgrade:discretionary
УКСиМП	ВСЕ	436	429	Средства контроля доступа	107.75977	107.75977	3	signal:factDateBeforePlan,signal:hasFact,signal:signed
УКСиМП	ВСЕ	437	430	Оплата проезда заслуженного казачьего ансамбля "Русь" на международный фестиваль-конкурс	300	0	2	epgrade:discretionary,signal:planSoon
УКСиМП	ВСЕ	438	431	1.1.1.3. Поддержка национальных и казачьих ансамблей,работающих на базе учреждений культур	973.956	918.5	9	epgrade:discretionary,hygiene:G:edge_space,hygiene:G:invisible_char,hygiene:G:missing_space_after_punct,signal:epFactDeviation,signal:epRisk,signal:factWithoutDate,signal:hasFact,yearlong:stage
УКСиМП	ВСЕ	439	432	ЭА262-26 Выполнение работ по установке системы оповещения при угрозе совершения или соверш	530.24957	530.25	3	signal:factDateBeforePlan,signal:hasFact,signal:signed
УКСиМП	ВСЕ	440	433	Проведение тематических мероприятий,  согласно смет расходов (9 мероприятий) - Расходы зап	412.76	301.75	7	epgrade:discretionary,hygiene:G:invisible_char,hygiene:G:missing_space_after_punct,signal:epFactDeviation,signal:factWithoutDate,signal:hasFact,yearlong:stage
УКСиМП	ВСЕ	441	434	3.1.2.1. Организация и проведение спортивно-массовых мероприятий на территории Елизовского	55	55	5	epgrade:discretionary,hygiene:G:invisible_char,hygiene:G:missing_space_after_punct,signal:hasFact,signal:signed
УКСиМП	ВСЕ	442	435	3.1.3.1. Организация и проведение мероприятий разных форм, способствующих гражданскому ста	20	20	5	epgrade:discretionary,hygiene:G:invisible_char,hygiene:G:space_before_punct,signal:hasFact,signal:signed
УКСиМП	ВСЕ	443	436	3.3.1.1.2. Районный конкурс «Служить России!»;  3.3.1.1.3. Акция «Быть здоровым – это модн	35	20	6	epgrade:discretionary,hygiene:G:missing_space_after_punct,signal:epFactDeviation,signal:factWithoutDate,signal:hasFact,yearlong:stage
УКСиМП	ВСЕ	444	437	Услуги охраны (пультовой)	148.92	148.92	3	epgrade:discretionary,signal:hasFact,signal:signed
УКСиМП	ВСЕ	445	438	Обслуживание видеонаблюдения, ОС и ОПС	168	168	3	epgrade:discretionary,signal:hasFact,signal:signed
УКСиМП	ВСЕ	446	439	Уборка прилегающей территории (расчистка снега, приемка снега, перевозка снега)	551.25	551.25	3	epgrade:discretionary,signal:hasFact,signal:signed
УКСиМП	ВСЕ	447	440	Обслуживание автомобиля, медосмотры водителей	35.923100000000005	35.9231	3	epgrade:discretionary,signal:hasFact,signal:signed
УКСиМП	ВСЕ	448	441	Услуги по передаче электрической энергии	2357.18456	2757.18456	5	epgrade:lawful-exclusive,signal:epFactDeviation,signal:factExceedsPlan,signal:hasFact,signal:signed
УКСиМП	ВСЕ	449	442	Энергия тепловая, отпущенная котельными	198.36	198.36	3	epgrade:lawful-exclusive,signal:hasFact,signal:signed
УКСиМП	ВСЕ	450	443	ХВС и Водоотведение	29.01	29.01	3	epgrade:lawful-exclusive,signal:hasFact,signal:signed
УКСиМП	ВСЕ	451	444	Вывоз ТКО	63.625890000000005	63.62589	3	epgrade:lawful-exclusive,signal:hasFact,signal:signed
УКСиМП	ВСЕ	452	445	приобретение оборудования для концертного зала	423.99	423.99	3	epgrade:discretionary,signal:hasFact,signal:signed
УКСиМП	ВСЕ	453	446	Содержание и текущий ремонт УК	60	60.220079999999996	3	epgrade:discretionary,signal:hasFact,signal:signed
УКСиМП	ВСЕ	454	447	Услуги связи, интернет, обслуживание сайта	172.12538	172.12538	3	epgrade:discretionary,signal:hasFact,signal:signed
УКСиМП	ВСЕ	455	422	Запасные части на автомобиль (очень сложно определить какие именно)	12.25	0	1	epgrade:discretionary
УКСиМП	ВСЕ	456	449	Приобретение мебели для хранения сценического реквизита	105.42	105.42	3	epgrade:discretionary,signal:hasFact,signal:signed
УКСиМП	ВСЕ	457	450	Оплата проезда студии современного и эстрадного танца "Забава" на конкурс	150	150	3	epgrade:discretionary,signal:hasFact,signal:signed
УКСиМП	ВСЕ	458	451	Участия во всероссийских и международных  конкурсах. - Расходы запланированы на приобретен	106.03	106.03	5	epgrade:discretionary,hygiene:G:invisible_char,hygiene:G:missing_space_after_punct,signal:hasFact,signal:signed
УКСиМП	ВСЕ	459	452	Мероприятие «День работкиков культуры России»	40	40	3	epgrade:discretionary,signal:hasFact,signal:signed
УКСиМП	ВСЕ	460	453	Мероприятие «День космонавтики" - Расходы согласно смете запланированы на приобретение тем	20	20	3	epgrade:discretionary,signal:hasFact,signal:signed
УКСиМП	ВСЕ	461	454	Приобретение компьютерной техники, музыкальной аппаратуры	458.06999999999994	458.06999999999994	4	epgrade:unfounded,signal:epJustificationMissing,signal:hasFact,signal:signed
УКСиМП	ВСЕ	462	455	Проведение тематических мероприятий,  согласно смет расходов( 2 мероприятия) (День Российс	220	100	6	epgrade:discretionary,hygiene:G:invisible_char,signal:epFactDeviation,signal:factWithoutDate,signal:hasFact,yearlong:stage
УКСиМП	ВСЕ	463	456	Обслуживание Пожарной сигнализации	120	120	3	epgrade:discretionary,signal:hasFact,signal:signed
УКСиМП	ВСЕ	464	457	Расчистка снега	50	50	3	epgrade:discretionary,signal:hasFact,signal:signed
УКСиМП	ВСЕ	465	458	Обслуживание приборов учёта тепловой энергии	63	36	4	epgrade:discretionary,signal:epFactDeviation,signal:hasFact,signal:signed
УКСиМП	ВСЕ	466	459	Заправка и восстановление картриджей	16	16	3	epgrade:discretionary,signal:hasFact,signal:signed
УКСиМП	ВСЕ	467	460	 обслуживание пожарной кнопка	21.240000000000002	21.24	5	epgrade:discretionary,hygiene:G:edge_space,hygiene:G:invisible_char,signal:hasFact,signal:signed
УКСиМП	ВСЕ	468	461	Опрессовка системы отопления	40	31.5	4	epgrade:discretionary,signal:epFactDeviation,signal:hasFact,signal:signed
УКСиМП	ВСЕ	469	462	Опрессовка системы отопления	29	29	3	epgrade:discretionary,signal:hasFact,signal:signed
УКСиМП	ВСЕ	470	20	Лекарственные препараты	12	0	1	epgrade:discretionary
УКСиМП	ВСЕ	471	464	 Услуги по обслуживанию сайта 	6.1739999999999995	6.174	5	epgrade:discretionary,hygiene:G:edge_space,hygiene:G:invisible_char,signal:hasFact,signal:signed
УКСиМП	ВСЕ	472	418	обязательное страхование автогражданской ответственности ТС (ОСАГО)	12	0	1	epgrade:discretionary
УКСиМП	ВСЕ	473	466	Канцелярские товары (Бумага  А4, цветная для принтера) 10 пачек	12.49766	12.49766	4	epgrade:discretionary,hygiene:G:invisible_char,signal:hasFact,signal:signed
УКСиМП	ВСЕ	474	467	Хозяйственные товары (Туалетная бумага для деспенсора) 24 рулона	3.40234	3.4023	3	epgrade:discretionary,signal:hasFact,signal:signed
УКСиМП	ВСЕ	475	468	Хозяйственные товары бумажные полотенца для деспенсора - 1 упаковка/21 штука	3.469	3.469	3	epgrade:discretionary,signal:hasFact,signal:signed
УКСиМП	ВСЕ	476	469	Хозяйственные товары  (Универсальное  моющее стредство для уборки, канистра 5л.)	5	5	4	epgrade:discretionary,hygiene:G:invisible_char,signal:hasFact,signal:signed
УКСиМП	ВСЕ	477	470	Хозяйственные товары (Светильник потолочный светодиодный+ USB-токин средство защиты информ	13	13	3	epgrade:discretionary,signal:hasFact,signal:signed
УКСиМП	ВСЕ	478	471	Водоснабжение/водоотведение	53.757	53.757	3	epgrade:lawful-exclusive,signal:hasFact,signal:signed
УКСиМП	ВСЕ	479	472	Электоэнергия	388.849	388.849	3	epgrade:lawful-exclusive,signal:hasFact,signal:signed
УКСиМП	ВСЕ	480	473	Теплоснбжение	3120.49175	3120.49175	3	epgrade:lawful-exclusive,signal:hasFact,signal:signed
УКСиМП	ВСЕ	481	474	ТКО	68.69	68.69	3	epgrade:lawful-exclusive,signal:hasFact,signal:signed
УКСиМП	ВСЕ	482	475	Связь/интернет	55	55	3	epgrade:lawful-exclusive,signal:hasFact,signal:signed
УКСиМП	ВСЕ	483	476	Приобретение аппаратуры, сценических костюмов, спортивного реквизита для студии танца "Заб	500.012	412.40000000000003	5	epgrade:discretionary,signal:epFactDeviation,signal:factWithoutDate,signal:hasFact,yearlong:stage
УКСиМП	ВСЕ	484	477	Оплата проезда студии современного и эстрадного танца "Забава" на конкурс	172.201	172.201	3	epgrade:discretionary,signal:hasFact,signal:signed
УКСиМП	ВСЕ	485	478	Оплата услуг за участие ДНТ "Ровесник" в конкурсе -фестивале города Сочи	150	0	1	epgrade:discretionary
УКСиМП	ВСЕ	486	479	Мероприятие «Елизовский спринт-2026»	3400	3400	4	epgrade:discretionary,signal:epRisk,signal:hasFact,signal:signed
УКСиМП	ВСЕ	487	480	Цикл праздничных мероприятий,посвященных 81годовщине Победы в ВОВ - Расходы согласно смете	826.2875799999999	826.2875799999999	5	epgrade:discretionary,hygiene:G:missing_space_after_punct,signal:epRisk,signal:hasFact,signal:signed
УКСиМП	ВСЕ	488	481	Мероприятие «Мы-славяне» - Расходы согласно смете запланированы на сохранение единого тема	201.85	201.85	3	epgrade:discretionary,signal:hasFact,signal:signed
УКСиМП	ВСЕ	489	482	Компенсация расходов работникам учреждения за найм жилья	720	360	6	epgrade:discretionary,signal:epFactDeviation,signal:epRisk,signal:factWithoutDate,signal:hasFact,yearlong:stage
УКСиМП	ВСЕ	490	483	Проведение мероприятия «Молодежный косплей фестиваль»	15	0	1	epgrade:discretionary
УКСиМП	ВСЕ	491	484	 Фестиваль детских творческих коллективов «Салютует Детство» - Расходы запланированы согла	15	15	6	epgrade:discretionary,hygiene:G:edge_space,hygiene:G:invisible_char,hygiene:G:missing_space_after_punct,signal:hasFact,signal:signed
УКСиМП	ВСЕ	492	485	Обслуживание технических средств охранной  сигнализации	91.8	91.8	4	epgrade:discretionary,hygiene:G:invisible_char,signal:hasFact,signal:signed
УКСиМП	ВСЕ	493	486	Обслуживание технических средств пожарной сигнализации	106.2	106.2	3	epgrade:discretionary,signal:hasFact,signal:signed
УКСиМП	ВСЕ	494	487	оказание услуг хостинга  и продление регистрации доменных имен(сайт)	11.2	11.2	4	epgrade:discretionary,hygiene:G:invisible_char,signal:hasFact,signal:signed
УКСиМП	ВСЕ	495	488	оказание услуг в области пожарной безопасности	6.31	6.31	3	epgrade:discretionary,signal:hasFact,signal:signed
УКСиМП	ВСЕ	496	104	Дератизация (Б-ф 4, Б-ф 9)	10	0	1	epgrade:discretionary
УКСиМП	ВСЕ	497	218	строительные материалы	10	0	1	epgrade:discretionary
УКСиМП	ВСЕ	498	491	гидравлические испытания наружных и внутр тепловых сетей	40	40	3	epgrade:discretionary,signal:hasFact,signal:signed
УКСиМП	ВСЕ	499	337	медикаменты	10	0	1	epgrade:discretionary
УКСиМП	ВСЕ	500	397	Ремонт принтеров, МФУ	10	5	5	epgrade:discretionary,signal:epFactDeviation,signal:factWithoutDate,signal:hasFact,yearlong:stage
УКСиМП	ВСЕ	501	494	Укрепление материально-технической базы  На поставку терминала продажи билетов (киоск само	529.9999999999999	340	4	epgrade:discretionary,signal:epFactDeviation,signal:hasFact,signal:signed
УКСиМП	ВСЕ	502	495	Укрепление материально-технической базы обеспыливатель	234.98999999999998	100.35000000000001	4	epgrade:discretionary,signal:epFactDeviation,signal:hasFact,signal:signed
УКСиМП	ВСЕ	503	496	Укрепление материально-технической базы Люксметр	34.66	34.66	3	epgrade:discretionary,signal:hasFact,signal:signed
УКСиМП	ВСЕ	504	497	1.1.1.4.5. Мероприятие «Ночь музеев» - Расходы согласно смете запланированы на приобретени	20	20	3	epgrade:discretionary,signal:hasFact,signal:signed
УКСиМП	ВСЕ	505	498	Укрепление материально-технической базы ЭА71-26 На поставку подъемника лестничного гусенич	303	246.945	3	signal:factDateBeforePlan,signal:hasFact,signal:signed
УКСиМП	ВСЕ	506	499	Укрепление материально-технической базы билетомат	339.99999999999994	339.99999999999994	3	epgrade:discretionary,signal:hasFact,signal:signed
УКСиМП	ВСЕ	507	500	2.2.1.2. Муниципальное бюджетное учреждение культуры Межпоселенческий культурно-досуговый 	99	99	3	epgrade:discretionary,signal:hasFact,signal:signed
УКСиМП	ВСЕ	508	501	Работы по монтажу систем напорных водопроводов для пожаротушения (включая пожарные гидрант	10.07	10.07	3	epgrade:discretionary,signal:hasFact,signal:signed
УКСиМП	ВСЕ	509	502	Услуги по обеспечению пожарной безопасности	42	42	3	epgrade:discretionary,signal:hasFact,signal:signed
УКСиМП	ВСЕ	510	503	Услуги по ремонту и техническому обслуживанию электродвигателей, генераторов, трансформато	30	30	3	epgrade:discretionary,signal:hasFact,signal:signed
УКСиМП	ВСЕ	511	504	Обслуживае сайта и ключа	66.79	60.5	5	epgrade:discretionary,signal:economyFlag,signal:epFactDeviation,signal:hasFact,signal:signed
УКСиМП	ВСЕ	512	505	Приборы и аппаратура для систем автоматического пожаротушения и пожарной сигнализации	20	10.05	5	epgrade:discretionary,signal:economyFlag,signal:epFactDeviation,signal:hasFact,signal:signed
УКСиМП	ВСЕ	513	506	Услуги частных охранных организаций.	309.93	306	5	epgrade:discretionary,signal:economyFlag,signal:epFactDeviation,signal:hasFact,signal:signed
УКСиМП	ВСЕ	514	359	Лицензии Российского ПО	9.969999999999994	0	1	epgrade:discretionary
УКСиМП	ВСЕ	515	508	Услуги по предоставлению лицензий на право использовать компьютерное программное обеспечен	55	55	3	epgrade:discretionary,signal:hasFact,signal:signed
УКСиМП	ВСЕ	516	427	хозяйственные товары. средства для уборки (мытья сантехники, полов)	8.75	0	1	epgrade:discretionary
УКСиМП	ВСЕ	517	463	Противопожарные мероприятия (заправка огнетушителей, испытания, огнезащитная обработка и.т	8.186	0	1	epgrade:discretionary
УКСиМП	ВСЕ	518	511	Услуги систем обеспечения безопасности	24	24	3	epgrade:discretionary,signal:hasFact,signal:signed
УКСиМП	ВСЕ	519	512	гидропневматическое промывка и опрессовка наружных тепловых сетей и системы отопления на о	40	40	5	epgrade:discretionary,hygiene:G:edge_space,hygiene:G:invisible_char,signal:hasFact,signal:signed
УКСиМП	ВСЕ	520	513	Приобретение патронов для мероприятия	30	30	3	epgrade:discretionary,signal:hasFact,signal:signed
УКСиМП	ВСЕ	521	514	Организация и проведение "Елизовского спринта" - ремонт кровли домиков	413.13	413.13	3	epgrade:discretionary,signal:hasFact,signal:signed
УКСиМП	ВСЕ	522	515	Организация и проведение "Елизовского спринта" - Приобретение номеров для участниклв	54.63	54.63	3	epgrade:discretionary,signal:hasFact,signal:signed
УКСиМП	ВСЕ	523	516	Компенсация расходов работникам  учреждений и спортсменам связанных с выездом за пределы К	300	0	2	epgrade:discretionary,hygiene:G:invisible_char
УКСиМП	ВСЕ	524	517	Приобретение спортивного инвентаря	1200	1200	4	epgrade:discretionary,signal:epRisk,signal:hasFact,signal:signed
УКСиМП	ВСЕ	525	518	Оплата спортивно-тренировочных сборов (проезд, питание, проживание)	450	0	1	epgrade:discretionary
УКСиМП	ВСЕ	526	519	Услуги по расчистке снега	413.999998	413.99998	3	epgrade:discretionary,signal:hasFact,signal:signed
УКСиМП	ВСЕ	527	576	хозяйственные товары. Моющие, чистящие и дезинфицирующие средства 	8.17848	0	2	epgrade:discretionary,hygiene:G:edge_space
УКСиМП	ВСЕ	528	521	ГСМ бензин, масла	300	300	3	epgrade:discretionary,signal:hasFact,signal:signed
УКСиМП	ВСЕ	529	522	ГСМ керосин	400	400	3	epgrade:discretionary,signal:hasFact,signal:signed
УКСиМП	ВСЕ	530	490	Противопожарные мероприятия. оказание услуг в области пожарной безопасности	7.56	0	1	epgrade:discretionary
УКСиМП	ВСЕ	531	465	Курсы повышения квалификации	7.469	7	5	epgrade:discretionary,signal:epFactDeviation,signal:factWithoutDate,signal:hasFact,yearlong:stage
УКСиМП	ВСЕ	532	525	Заправка и восстановление картриджей	16	16	3	epgrade:discretionary,signal:hasFact,signal:signed
УКСиМП	ВСЕ	533	526	Обслуживание пожарной сигнализации	114	114	3	epgrade:discretionary,signal:hasFact,signal:signed
УКСиМП	ВСЕ	534	527	обслуживание системы видеонаблюдения	48	48	3	epgrade:discretionary,signal:hasFact,signal:signed
УКСиМП	ВСЕ	535	528	Обслуживание приборов учета тепловой энергии	35	35	3	epgrade:discretionary,signal:hasFact,signal:signed
УКСиМП	ВСЕ	536	529	Обслуживание охранной сигнализации	100	100	3	epgrade:discretionary,signal:hasFact,signal:signed
УКСиМП	ВСЕ	537	530	Обслуживание пожарной кнопки	30	30	3	epgrade:discretionary,signal:hasFact,signal:signed
УКСиМП	ВСЕ	538	426	Рутокены	5.79	0	1	epgrade:discretionary
УКСиМП	ВСЕ	539	532	Услуги охраны	297.84	297.84	3	epgrade:discretionary,signal:hasFact,signal:signed
УКСиМП	ВСЕ	540	413	Противопожарные мероприятия (заправка огнетушителей, испытания, огнезащитная обработка и.т	5.5	0	2	epgrade:discretionary,signal:planSoon
УКСиМП	ВСЕ	541	534	медицинские услуги по проведению  медицинских осмотров работников	170.69	170.69	4	epgrade:discretionary,hygiene:G:invisible_char,signal:hasFact,signal:signed
УКСиМП	ВСЕ	542	296	Противопожарные мероприятия	5.14127	0.78	5	epgrade:discretionary,signal:epFactDeviation,signal:factWithoutDate,signal:hasFact,yearlong:stage
УКСиМП	ВСЕ	543	536	строительные материалы	93.31	93.31	3	epgrade:discretionary,signal:hasFact,signal:signed
УКСиМП	ВСЕ	544	537	Приобретение спортивного инвентаря (патроны)	1200	1200	3	signal:factDateBeforePlan,signal:hasFact,signal:signed
УКСиМП	ВСЕ	545	538	Хозяйственные товары	20	20	3	epgrade:discretionary,signal:hasFact,signal:signed
УКСиМП	ВСЕ	546	539	Хоолодное водоснабжение и водоотведение	27.95	27.95	3	epgrade:lawful-exclusive,signal:hasFact,signal:signed
УКСиМП	ВСЕ	547	540	Энергоснабжение	1625.79425	1625.79425	3	epgrade:lawful-exclusive,signal:hasFact,signal:signed
УКСиМП	ВСЕ	548	541	Теплоснабжение	2211.16712	2211.16712	3	epgrade:lawful-exclusive,signal:hasFact,signal:signed
УКСиМП	ВСЕ	549	542	ТКО	8.83	8.83	3	epgrade:lawful-exclusive,signal:hasFact,signal:signed
УКСиМП	ВСЕ	550	543	негативное воздествие	11.9	11.9	3	epgrade:lawful-exclusive,signal:hasFact,signal:signed
УКСиМП	ВСЕ	551	544	услуги связи	32.69608	32.69608	3	epgrade:lawful-exclusive,signal:hasFact,signal:signed
УКСиМП	ВСЕ	552	545	услуги интернета	116.91504	116.91504	3	epgrade:lawful-exclusive,signal:hasFact,signal:signed
УКСиМП	ВСЕ	553	383	Дезинсекция	5.1	0	1	epgrade:discretionary
УКСиМП	ВСЕ	554	547	Социальная поддержка лиц, обучающихся по программам среднего профессионального и высшего о	89	12.8	7	epgrade:discretionary,hygiene:G:edge_space,hygiene:G:invisible_char,signal:epFactDeviation,signal:factWithoutDate,signal:hasFact,yearlong:stage
УКСиМП	ВСЕ	555	548	Грамоты, шильдики (спортивный вечер)	12.64	12.64	3	epgrade:discretionary,signal:hasFact,signal:signed
УКСиМП	ВСЕ	556	549	Компенсация расходов работникам  учреждений и спортсменам связанных с выездом за пределы К	100	58.107	6	epgrade:discretionary,hygiene:G:invisible_char,signal:epFactDeviation,signal:factWithoutDate,signal:hasFact,yearlong:stage
УКСиМП	ВСЕ	557	550	Сертификаты (Спортивный вечер)	35	35	3	epgrade:discretionary,signal:hasFact,signal:signed
УКСиМП	ВСЕ	558	551	Содержание и ремонт имущества	142.13988	142.13988	3	epgrade:lawful-exclusive,signal:hasFact,signal:signed
УКСиМП	ВСЕ	559	552	Обслуживание технических средств пожарной сигнализации (текущая деятельность)	30	30	3	epgrade:discretionary,signal:hasFact,signal:signed
УКСиМП	ВСЕ	560	553	Обслуживание Пожарной сигнализации	15.6	15.6	3	epgrade:discretionary,signal:hasFact,signal:signed
УКСиМП	ВСЕ	561	215	Услуга дератизации, дезинсекции	5	0	1	epgrade:discretionary
УКСиМП	ВСЕ	562	555	Обслуживание приборов учёта тепловой энергии	60	60	3	epgrade:discretionary,signal:hasFact,signal:signed
УКСиМП	ВСЕ	563	556	Противопожарные мероприятия (заправка огнетушителей, испытания, огнезащитная обработка и.т	20	20	3	epgrade:discretionary,signal:hasFact,signal:signed
УКСиМП	ВСЕ	564	557	Заправка и восстановление картриджей	3.5	3.5	3	epgrade:discretionary,signal:hasFact,signal:signed
УКСиМП	ВСЕ	565	558	противопожарные мероприятия	71.63	71.628	3	epgrade:discretionary,signal:hasFact,signal:signed
УКСиМП	ВСЕ	566	559	теплоснабжение	661.65	661.65	3	epgrade:lawful-exclusive,signal:hasFact,signal:signed
УКСиМП	ВСЕ	567	560	электроснабжение	129.12	129.12	3	epgrade:lawful-exclusive,signal:hasFact,signal:signed
УКСиМП	ВСЕ	568	561	холодное водоснабжение	7.18	7.18	3	epgrade:lawful-exclusive,signal:hasFact,signal:signed
УКСиМП	ВСЕ	569	562	водоотведение	2.99	2.99	3	epgrade:lawful-exclusive,signal:hasFact,signal:signed
УКСиМП	ВСЕ	570	563	обращение с ТКО	32.14	32.14	3	epgrade:lawful-exclusive,signal:hasFact,signal:signed
УКСиМП	ВСЕ	571	564	1.4.1.1. Капитальный ремонт и реконструкия детских школ искусств (СУБСИДИЯ НА ИНЫЕ ЦЕЛИ)	12761.86103	12761.86103	3	signal:factDateBeforePlan,signal:hasFact,signal:signed
УКСиМП	ВСЕ	572	565	Обслуживание сетей, кнопка "Пожар"	30	30	3	epgrade:discretionary,signal:hasFact,signal:signed
УКСиМП	ВСЕ	573		изготовление ПСД, во исполнении Представления	15.39	0	2	epgrade:discretionary,sequence:countable_without_seq
УКСиМП	ВСЕ	574	566	Обслуживание системы пожарной сигнализации	48	48	3	epgrade:discretionary,signal:hasFact,signal:signed
УКСиМП	ВСЕ	575	13	Заправка и восстановление картриджей	3.5	0	1	epgrade:discretionary
УКСиМП	ВСЕ	576	568	Обслуживание системы видеонаблюдения	36	36	3	epgrade:discretionary,signal:hasFact,signal:signed
УКСиМП	ВСЕ	577	569	Противопожарные мероприятия. заправка огнетушителей, испытания, огнезащитная обработка	9.61	9.61	3	epgrade:discretionary,signal:hasFact,signal:signed
УКСиМП	ВСЕ	578	155	Заправка и восстановление картриджей	3.5	1.75	5	epgrade:discretionary,signal:epFactDeviation,signal:factWithoutDate,signal:hasFact,yearlong:stage
УКСиМП	ВСЕ	579	212	Заправка и восстановление картриджей	3.5	0	1	epgrade:discretionary
УКСиМП	ВСЕ	580	572	 Услуги по обслуживанию сайта 	19.8	19.8	5	epgrade:discretionary,hygiene:G:edge_space,hygiene:G:invisible_char,signal:hasFact,signal:signed
УКСиМП	ВСЕ	581	380	заправка и восстановление картриджей	3.5	0	1	epgrade:discretionary
УКСиМП	ВСЕ	582	574	Канцелярские товары	7.74	7.74	3	epgrade:discretionary,signal:hasFact,signal:signed
УКСиМП	ВСЕ	583	575	Журнал индивидуальных учебных занятий ДШИ	16.59	16.59	3	epgrade:discretionary,signal:hasFact,signal:signed
УКСиМП	ВСЕ	584	389	строительные материалы эмаль для радиаторов, паста коллер, шпакрил,валики, кисти, краска м	3.2010000000000005	1.747	6	epgrade:discretionary,hygiene:G:missing_space_after_punct,signal:epFactDeviation,signal:factWithoutDate,signal:hasFact,yearlong:stage
УКСиМП	ВСЕ	585	577	Укрепление материально-технической базы климат контроль	99.5	74.45	4	epgrade:discretionary,signal:epFactDeviation,signal:hasFact,signal:signed
УКСиМП	ВСЕ	586	578	Укрепление материально-технической базы МФУ цветная печать А3	153	149.6	4	epgrade:discretionary,signal:epFactDeviation,signal:hasFact,signal:signed
УКСиМП	ВСЕ	587	579	Укрепление материально-технической базы таблички Брайля с описанием предмета в экспозиции	99.97999999999999	99.97999999999999	3	epgrade:discretionary,signal:hasFact,signal:signed
УКСиМП	ВСЕ	588	580	Укрепление материально-технической базы стенды для выставок	97.8	97.8	3	epgrade:discretionary,signal:hasFact,signal:signed
УКСиМП	ВСЕ	589	581	теплоснабжение и горячее водоснабжения при открытой и закрытой системах теплоснабжения	1259.211	1259.211	3	epgrade:lawful-exclusive,signal:hasFact,signal:signed
УКСиМП	ВСЕ	590	582	энергоснабжение	244	244	3	epgrade:lawful-exclusive,signal:hasFact,signal:signed
УКСиМП	ВСЕ	591	583	холодное водоснабжения и водоотведения	54.54	54.54	3	epgrade:lawful-exclusive,signal:hasFact,signal:signed
УКСиМП	ВСЕ	592	584	обращение с твердыми коммунальными отходами	38.27	38.27	3	epgrade:lawful-exclusive,signal:hasFact,signal:signed
УКСиМП	ВСЕ	593	585	М 3D-принтер	224.8	224.8	3	epgrade:discretionary,signal:hasFact,signal:signed
УКСиМП	ВСЕ	594	586	Компьютер	173.57	173.57	3	epgrade:discretionary,signal:hasFact,signal:signed
УКСиМП	ВСЕ	595	587	ЭА169-26 Поставка бумаги для офисной техники	346.5	346.5	3	signal:factDateBeforePlan,signal:hasFact,signal:signed
УКСиМП	ВСЕ	596	588	теплоснабжение	2285.841	2285.841	3	epgrade:lawful-exclusive,signal:hasFact,signal:signed
УКСиМП	ВСЕ	597	589	водоснабжение	8.72	8.72	3	epgrade:lawful-exclusive,signal:hasFact,signal:signed
УКСиМП	ВСЕ	598	590	водоотведение	19.48	19.48	3	epgrade:lawful-exclusive,signal:hasFact,signal:signed
УКСиМП	ВСЕ	599	591	электричество	334.88	334.88	3	epgrade:lawful-exclusive,signal:hasFact,signal:signed
УКСиМП	ВСЕ	600	592	неготивное воздействие	11.75	11.75	3	epgrade:lawful-exclusive,signal:hasFact,signal:signed
УКСиМП	ВСЕ	601	593	ТКО	35.8	35.8	3	epgrade:lawful-exclusive,signal:hasFact,signal:signed
УКСиМП	ВСЕ	602	594	услуги связи	55.44	55.44	3	epgrade:lawful-exclusive,signal:hasFact,signal:signed
УКСиМП	ВСЕ	603	595	Услуги по передаче тепловой энергии	335.32336	335.32336	3	epgrade:lawful-exclusive,signal:hasFact,signal:signed
УКСиМП	ВСЕ	604	596	Услуга по передаче электроэнергии	46.13928	46.13928	3	epgrade:lawful-exclusive,signal:hasFact,signal:signed
УКСиМП	ВСЕ	605	597	Услуги по холодному водоснабжению, водоотведению сточных вод	39.80339	39.80339	3	epgrade:lawful-exclusive,signal:hasFact,signal:signed
УКСиМП	ВСЕ	606	598	Услуг по обращению с твердыми коммунальными отходами	29.3052	29.3052	3	epgrade:lawful-exclusive,signal:hasFact,signal:signed
УКСиМП	ВСЕ	607	599	оказание услуг связи (телефония)	18.84391	18.84391	3	epgrade:discretionary,signal:hasFact,signal:signed
УКСиМП	ВСЕ	608	600	Услуги по размещению в информационно-коммуникационной сети Интернет (Нова)	55.44	55.44	3	epgrade:discretionary,signal:hasFact,signal:signed
УКСиМП	ВСЕ	609	601	Оказание услуг по обращению с ТКО	35.33	33.04962	4	epgrade:lawful-exclusive,signal:epFactDeviation,signal:hasFact,signal:signed
УКСиМП	ВСЕ	610	602	Энергоснабжение	167.74	167.74	3	epgrade:lawful-exclusive,signal:hasFact,signal:signed
УКСиМП	ВСЕ	611	603	Теплоснабжение	853.7	853.7	3	epgrade:lawful-exclusive,signal:hasFact,signal:signed
УКСиМП	ВСЕ	612	604	Вода, водоотведение и негативное воздействие	37.63	37.63	3	epgrade:lawful-exclusive,signal:hasFact,signal:signed
УКСиМП	ВСЕ	613	605	Оказание услуг и выполнение работ по содержанию и текущему ремонту общего имущества жилого	166.48	166.48	3	epgrade:lawful-exclusive,signal:hasFact,signal:signed
УКСиМП	ВСЕ	614	606	Ватман	13.5	13.5	3	epgrade:discretionary,signal:hasFact,signal:signed
УКСиМП	ВСЕ	615	607	Компенсация коммунальных расходов на теплоснабжение помещения МБУ ДО КДМШ	502.234	487.17299	4	epgrade:lawful-exclusive,signal:epFactDeviation,signal:hasFact,signal:signed
УКСиМП	ВСЕ	616	608	Оказание услуг по обращению с твердыми коммунальными услугами	16.19208	7.19476	4	epgrade:lawful-exclusive,signal:epFactDeviation,signal:hasFact,signal:signed
УКСиМП	ВСЕ	617	609	Энергоснабжение	39.50197	19.50197	4	epgrade:lawful-exclusive,signal:epFactDeviation,signal:hasFact,signal:signed
УКСиМП	ВСЕ	618	610	Холодное водоснабжение и водоотведение	35.18888	33.87017	4	epgrade:lawful-exclusive,signal:epFactDeviation,signal:hasFact,signal:signed
УКСиМП	ВСЕ	619	611	обслуживание сайта	75	75	3	epgrade:discretionary,signal:hasFact,signal:signed
УКСиМП	ВСЕ	620	612	Услуги связи+интернет	75.32374	75.32374	3	epgrade:discretionary,signal:hasFact,signal:signed
УКСиМП	ВСЕ	621	613	Химчистка коврового покрытия	8.745	8.745	3	epgrade:discretionary,signal:hasFact,signal:signed
УКСиМП	ВСЕ	622	614	флеш-накопитель	1.799	1.799	3	epgrade:discretionary,signal:hasFact,signal:signed
УКСиМП	ВСЕ	623	95	Технический осмотр ТС	2	0	1	epgrade:discretionary
УКСиМП	ВСЕ	624	616	флеш-накопитель	5.997	5.997	3	epgrade:discretionary,signal:hasFact,signal:signed
УКСиМП	ВСЕ	625	617	Хозяйственные товары	22.219	22.219	3	epgrade:discretionary,signal:hasFact,signal:signed
УКСиМП	ВСЕ	626	618	Оказание услуг по обращению с твердыми коммунальными отходами	22.08006	20.5768	4	epgrade:lawful-exclusive,signal:epFactDeviation,signal:hasFact,signal:signed
УКСиМП	ВСЕ	627	619	Холодное водоснабжение и водоотведение	19.05507	19.05507	3	epgrade:lawful-exclusive,signal:hasFact,signal:signed
УКСиМП	ВСЕ	628	620	Энергоснабжение	127.00605	127.00605	3	epgrade:lawful-exclusive,signal:hasFact,signal:signed
УКСиМП	ВСЕ	629	621	поставка тепловой энергии	948.35796	752.69245	4	epgrade:lawful-exclusive,signal:epFactDeviation,signal:hasFact,signal:signed
УКСиМП	ВСЕ	630	622	Услуги связи+интернет	105.39351	105.39351	3	epgrade:discretionary,signal:hasFact,signal:signed
УКСиМП	ВСЕ	631	623	Услуги по расчистке снега и наледи с крыши	63	63	3	epgrade:discretionary,signal:hasFact,signal:signed
УКСиМП	ВСЕ	632	211	Медикаменты	2	0	1	epgrade:discretionary
УКСиМП	ВСЕ	633	625	Канцелярские товары	11.0736	11.0736	3	epgrade:discretionary,signal:hasFact,signal:signed
УКСиМП	ВСЕ	634	382	Медикаменты	2	0	1	epgrade:discretionary
УКСиМП	ВСЕ	635	627	разработка ПСД на устройство системы передачи извещения о пожаре (СПИ)	12	12	3	epgrade:discretionary,signal:hasFact,signal:signed
УКСиМП	ВСЕ	636	628	Перенос и обслуживание сайта на технологической платформе Госвеб	45	45	3	epgrade:discretionary,signal:hasFact,signal:signed
УКСиМП	ВСЕ	637	629	Хозяйственные товары (туалетна бумага, бахила, омешки для мусора, освежитель воздуха, чист	21.055	21.06	3	epgrade:discretionary,signal:hasFact,signal:signed
УКСиМП	ВСЕ	638	630	теплоснабжение	3940.21673	4090.22	5	epgrade:lawful-exclusive,signal:epFactDeviation,signal:factExceedsPlan,signal:hasFact,signal:signed
УКСиМП	ВСЕ	639	631	электроэнергия	1393.92168	1393.92168	3	epgrade:lawful-exclusive,signal:hasFact,signal:signed
УКСиМП	ВСЕ	640	632	вода, стоки	91.2	91.2	3	epgrade:lawful-exclusive,signal:hasFact,signal:signed
УКСиМП	ВСЕ	641	633	ТКО	38.27	26.84	4	epgrade:lawful-exclusive,signal:epFactDeviation,signal:hasFact,signal:signed
УКСиМП	ВСЕ	642	634	тепло	1448.9	1448.9	3	epgrade:lawful-exclusive,signal:hasFact,signal:signed
УКСиМП	ВСЕ	643	635	электроэнергия	82.49	82.49	3	epgrade:lawful-exclusive,signal:hasFact,signal:signed
УКСиМП	ВСЕ	644	636	ТКО	18.58	17.21	4	epgrade:lawful-exclusive,signal:epFactDeviation,signal:hasFact,signal:signed
УКСиМП	ВСЕ	645	637	мебель	40.52	40.52	3	epgrade:discretionary,signal:hasFact,signal:signed
УКСиМП	ВСЕ	646	638	Свидетельство об окончании школы	16.32	16.32	3	epgrade:discretionary,signal:hasFact,signal:signed
УКСиМП	ВСЕ	647	639	замена зеркала в классе хореографии	17	17	3	epgrade:discretionary,signal:hasFact,signal:signed
УКСиМП	ВСЕ	648	640	услуги связи	36	36	3	epgrade:lawful-exclusive,signal:hasFact,signal:signed
УКСиМП	ВСЕ	649	641	услуги интернет	40.55	40.55	3	epgrade:discretionary,signal:hasFact,signal:signed
УКСиМП	ВСЕ	650	642	Работы по содержанию имущества жилого дома	129.11	129.11	3	epgrade:lawful-exclusive,signal:hasFact,signal:signed
УКСиМП	ВСЕ	651	643	Обслуживание теплосчетчика	27	27	3	epgrade:discretionary,signal:hasFact,signal:signed
УКСиМП	ВСЕ	652	644	Обслуживание теплосчетчика	13.5	13.5	3	epgrade:discretionary,signal:hasFact,signal:signed
УКСиМП	ВСЕ	653	645	почтовые услуги	1.56432	1.56432	3	epgrade:discretionary,signal:hasFact,signal:signed
УКСиМП	ВСЕ	654	646	журналы	30	30	3	epgrade:discretionary,signal:hasFact,signal:signed
УКСиМП	ВСЕ	655	647	стенды	27.47	27.47	3	epgrade:discretionary,signal:hasFact,signal:signed
УКСиМП	ВСЕ	656	648	Жалюзи	22.865	22.865	3	epgrade:discretionary,signal:hasFact,signal:signed
УКСиМП	ВСЕ	657	649	оказание услуг по расчистке, погрузки и перевозки снега с территории	193.5	193.5	3	epgrade:discretionary,signal:hasFact,signal:signed
УКСиМП	ВСЕ	658	650	прием (складирование) снега на стационарной площадке	126	126	3	epgrade:discretionary,signal:hasFact,signal:signed
УКСиМП	ВСЕ	659	651	Энергоснабжение	513.46	513.46	3	epgrade:lawful-exclusive,signal:hasFact,signal:signed
УКСиМП	ВСЕ	660	652	Теплоснабжение	1899.225	1899.225	3	epgrade:lawful-exclusive,signal:hasFact,signal:signed
УКСиМП	ВСЕ	661	653	поставка ХВС и стоки	60.38	60.38	3	epgrade:lawful-exclusive,signal:hasFact,signal:signed
УКСиМП	ВСЕ	662	654	оказание услуг по обслуживанию технических средств охраны	75	75	3	epgrade:discretionary,signal:hasFact,signal:signed
УКСиМП	ВСЕ	663	655	оказание услуг по централизованной охране объектов	74.46	74.46	3	epgrade:discretionary,signal:hasFact,signal:signed
УКСиМП	ВСЕ	664	656	поставка Интернета	63	63	3	epgrade:discretionary,signal:hasFact,signal:signed
УКСиМП	ВСЕ	665	657	услуги телефонной связи	35	35	3	epgrade:discretionary,signal:hasFact,signal:signed
УКСиМП	ВСЕ	666	658	оказание услуг по обращению с ТКО	35.02	35.02	3	epgrade:lawful-exclusive,signal:hasFact,signal:signed
УКСиМП	ВСЕ	667	659	оказание услуг по техническому обслуживанию приборов учета тепловой энергии	37.8	37.8	3	epgrade:lawful-exclusive,signal:hasFact,signal:signed
УКСиМП	ВСЕ	668	660	оказание услуг по расчистке снега на прилегающей территории	51	51	3	epgrade:discretionary,signal:hasFact,signal:signed
УКСиМП	ВСЕ	669	661	Водоснабжение/водоотведение	16.327280000000002	16.327280000000002	3	epgrade:lawful-exclusive,signal:hasFact,signal:signed
УКСиМП	ВСЕ	670	662	Электроэнергия	54.94387	54.94387	3	epgrade:lawful-exclusive,signal:hasFact,signal:signed
УКСиМП	ВСЕ	671	663	ТКО	24.5295	24.5295	3	epgrade:lawful-exclusive,signal:hasFact,signal:signed
УКСиМП	ВСЕ	672	664	Тепло	1645.66428	1645.66428	3	epgrade:lawful-exclusive,signal:hasFact,signal:signed
УКСиМП	ВСЕ	673	665	Телефонная связь и интернет	97.15152	97.15152	3	epgrade:discretionary,signal:hasFact,signal:signed
УКСиМП	ВСЕ	674	492	канцелярские товары. приобретение фотобумаги форматом А3 и А4 Скажи наркотикам нет	2	0	1	epgrade:discretionary
УКСиМП	ВСЕ	675	667	услуги по расчистке снега фронтальным погрузчиком	24.5	24.5	3	epgrade:discretionary,signal:hasFact,signal:signed
УКСиМП	ВСЕ	676	668	Награждение участников команд "Кубок ЕМР по волейболу "Играем за СВОих-100000, Кубок ЕМР п	275	275	3	epgrade:discretionary,signal:hasFact,signal:signed
УКСиМП	ВСЕ	677	157	Хозяйственные товары	1.6	0	1	epgrade:discretionary
УКСиМП	ВСЕ	678	670	ЭАС258-26 На оказание услуг по модернизации системы защиты в части приведения в соответств	756.75754	756.75754	3	signal:factDateBeforePlan,signal:hasFact,signal:signed
УО	ВСЕ	4	1	Текущий ремонт (ограждение)	3844.10664	2883.08	4	rule:text_hygiene,signal:economyFlag,signal:hasFact,signal:signed
УО	ВСЕ	5	2	Текущий ремонт (помещения) - ремонт групповых	3671.72182	2402.67614	4	signal:economyFlag,signal:hasFact,signal:highEconomy,signal:signed
УО	ВСЕ	6	3	Охрана лиценз.	3950	2971.3	5	epgrade:verified-benefit,signal:epFactDeviation,signal:epRisk,signal:hasFact,signal:signed
УО	ВСЕ	7	4	Охрана лиценз.	15799.9968	15799.9968	4	signal:economyConflict,signal:economyFlag,signal:hasFact,signal:signed
УО	ВСЕ	8	5	Охрана лиценз.	15799.9968	15799.9968	4	signal:economyConflict,signal:economyFlag,signal:hasFact,signal:signed
УО	ВСЕ	9	6	Охрана (установка доп. камер видеонаблюдения)	594.67	453.535	6	epgrade:unfounded,rule:status_on_data_rows,signal:epFactDeviation,signal:epJustificationMissing,signal:hasFact,signal:signed
УО	ВСЕ	10	7	Монтаж домофона	356	320.4	3	signal:economyFlag,signal:hasFact,signal:signed
УО	ВСЕ	11	8	Установка новой АПС	3995.6	3855.754	3	signal:economyFlag,signal:hasFact,signal:signed
УО	ВСЕ	12	9	Устройство детской площадки с резиновым покрытием	4124.14941	4103.52816	4	signal:economyFlag,signal:hasFact,signal:lowCompetition,signal:signed
УО	ВСЕ	13	10	Устройство теневого навеса	1374.53749	1257.7	3	signal:economyFlag,signal:hasFact,signal:signed
УО	ВСЕ	14	11	Ремонт теневых навесов	3264.6768	2383.21374	4	signal:economyFlag,signal:hasFact,signal:highEconomy,signal:signed
УО	ВСЕ	15	12	Устройство теневых навесов	790.31534	790.31534	2	signal:hasFact,signal:signed
УО	ВСЕ	16	13	Разработка ПСД на капитальный ремонт фасада, кровли, помещений, инж сетей	6007.234	2312.71009	4	signal:economyFlag,signal:hasFact,signal:highEconomy,signal:signed
УО	ВСЕ	17	14	Разработка ПСД на капитальный ремонт фасада, кровли, помещений, инженерных  сетей 	4200	1145.48906	6	hygiene:G:edge_space,hygiene:G:invisible_char,signal:economyFlag,signal:hasFact,signal:highEconomy,signal:signed
УО	ВСЕ	18	15	Приобретение новогодних подарков	997.5	0	1	comment:missing_procedure_ref
УО	ВСЕ	19	16	Оснащения нового корпуса, кух , навигация, хоз группа	546.35	546.35	4	epgrade:verified-benefit,hygiene:G:space_before_punct,signal:hasFact,signal:signed
УО	ВСЕ	20	17	Оснащения нового корпуса, кух , навигация, хоз группа	409.02	409.02	4	epgrade:verified-benefit,hygiene:G:space_before_punct,signal:hasFact,signal:signed
УО	ВСЕ	21	18	Оснащения нового корпуса, кух , навигация, хоз группа	469.5	469.5	5	epgrade:unfounded,hygiene:G:space_before_punct,signal:epJustificationMissing,signal:hasFact,signal:signed
УО	ВСЕ	22	19	Оснащения нового корпуса, кух , навигация, хоз группа	52.72	52.72	4	epgrade:verified-benefit,hygiene:G:space_before_punct,signal:hasFact,signal:signed
УО	ВСЕ	23	20	Оснащения нового корпуса, кух , навигация, хоз группа	441	441	7	epgrade:unfounded,hygiene:G:space_before_punct,signal:economyConflict,signal:economyFlag,signal:hasFact,signal:methodReasonMismatch,signal:signed
УО	ВСЕ	24	21	Оснащения нового корпуса, кух , навигация, хоз группа	643.2	643.2	8	epgrade:unfounded,hygiene:G:space_before_punct,signal:economyConflict,signal:economyFlag,signal:epRisk,signal:hasFact,signal:methodReasonMismatch,signal:signed
УО	ВСЕ	25	22	Капитальный  ремонт кровли младшей школы  	15907.32	15827.7834	6	hygiene:G:edge_space,hygiene:G:invisible_char,rule:status_on_data_rows,signal:hasFact,signal:lowCompetition,signal:signed
УО	ВСЕ	26	23	Ремонт кровли	19803.81459	14833.06	4	rule:status_on_data_rows,signal:hasFact,signal:highEconomy,signal:signed
УО	ВСЕ	27	24	Поставка решеток на радиаторы	177.10991	171.2	3	rule:status_on_data_rows,signal:hasFact,signal:signed
УО	ВСЕ	28	25	Капитальный ремонт учебных классов	40482.95592	40482.96	2	signal:hasFact,signal:signed
УО	ВСЕ	29	26	Капитальный ремонт кабинетов	14962.519960000001	9850.3748	3	signal:hasFact,signal:highEconomy,signal:signed
УО	ВСЕ	30	27	Капитальный ремонт полов и лестниц	19362.460000000003	12612.750800000002	3	signal:hasFact,signal:highEconomy,signal:signed
УО	ВСЕ	31	28	Капитальный ремонт пищеблока	46672.719999999994	46672.719999999994	2	signal:hasFact,signal:signed
УО	ВСЕ	32	29	Поставка мебели	7585.659340000001	5750.321379999999	3	comment:stage_marker_when_signed,signal:hasFact,signal:signed
УО	ВСЕ	33	30	Капитальный ремонт помещений спортзала, мастерской, мед.блока	11807.69411	7700.000000000001	4	signal:economyFlag,signal:hasFact,signal:highEconomy,signal:signed
УО	ВСЕ	34	31	капитальный ремонт вентиляции	3859.7514	3859.7514	2	signal:hasFact,signal:signed
УО	ВСЕ	35	32	СКУД видеодомофон	401.93238	401.93238	3	signal:factDateBeforePlan,signal:hasFact,signal:signed
УО	ВСЕ	36	34	ПСД на капитальный ремонт кровли, фасада, отмостки ремонт внутренних инженерных сетей 	2320	951.2	6	hygiene:G:edge_space,hygiene:G:invisible_char,signal:economyFlag,signal:hasFact,signal:highEconomy,signal:signed
УО	ВСЕ	37	35	ПСД на капитальный ремонт здания	3100	1369	4	signal:economyFlag,signal:hasFact,signal:highEconomy,signal:signed
УО	ВСЕ	38	36	Строительный контроль	600	600	3	epgrade:verified-benefit,signal:hasFact,signal:signed
УО	ВСЕ	39	37	Строительный контроль	300	210	5	epgrade:verified-benefit,signal:economyFlag,signal:epFactDeviation,signal:hasFact,signal:signed
УО	ВСЕ	40	38	 Замена кроватей для воспитанников	350	350	5	epgrade:verified-benefit,hygiene:G:edge_space,hygiene:G:invisible_char,signal:hasFact,signal:signed
УО	ВСЕ	41	39	Устройство теплого пола в ясельной группе	800	800	2	signal:hasFact,signal:signed
УО	ВСЕ	42	40	 Приобретение компьютерной техники	130	130	5	epgrade:verified-benefit,hygiene:G:edge_space,hygiene:G:invisible_char,signal:hasFact,signal:signed
УО	ВСЕ	43	41	Приобретение малых архитектурных форм для прогулочных участков	350	350	3	epgrade:verified-benefit,signal:hasFact,signal:signed
УО	ВСЕ	44	42	Пошив формы для учащихся кадетского класса	80	80	3	epgrade:verified-benefit,signal:hasFact,signal:signed
УО	ВСЕ	45	43	Приобретение оборудования для развития школьного медиацентра 	350	350	5	epgrade:verified-benefit,hygiene:G:edge_space,hygiene:G:invisible_char,signal:hasFact,signal:signed
УО	ВСЕ	46	44	Поставка фруктов свежих в МБДОУ ЕМР на 2026 год.	8251.37	7508.74	4	comment:foreign_text_in_ag,signal:economyFlag,signal:hasFact,signal:signed
УО	ВСЕ	47	45	Поставка фруктов свежих в МБОУ ЕМР - 1 ветка	11673.859999999999	10214.630000000001	4	comment:foreign_text_in_ag,signal:economyFlag,signal:hasFact,signal:signed
УО	ВСЕ	48	46	Поставка фруктов свежих в МБОУ ЕМР на 2026 год 2-ветка. 	13873.35	12000.45	6	comment:foreign_text_in_ag,hygiene:G:edge_space,hygiene:G:invisible_char,signal:economyFlag,signal:hasFact,signal:signed
УО	ВСЕ	49	47	Поставка Филе рыбы мороженой, продуктов  рыбных, переработанных в МБДОУ АЕМР	14691.11	9255.4	6	comment:foreign_text_in_ag,hygiene:G:invisible_char,signal:economyFlag,signal:hasFact,signal:highEconomy,signal:signed
УО	ВСЕ	50	48	Поставка Филе рыбы мороженой, продуктов  рыбных, переработанных в МБДОУ 	15794.67	9871.67	7	comment:foreign_text_in_ag,hygiene:G:edge_space,hygiene:G:invisible_char,signal:economyFlag,signal:hasFact,signal:highEconomy,signal:signed
УО	ВСЕ	51	49	Поставка мяса говядины, свинины (замороженной) для детского питания в муниципальные бюджет	16295.34	16295.34	5	comment:foreign_text_in_ag,hygiene:G:edge_space,hygiene:G:invisible_char,signal:hasFact,signal:signed
УО	ВСЕ	52	50	Поставка мяса говядины, свинины (замороженной) для детского питания в муниципальные бюджет	14092.099999999999	13880.72	7	comment:foreign_text_in_ag,hygiene:G:edge_space,hygiene:G:invisible_char,signal:economyFlag,signal:hasFact,signal:lowCompetition,signal:signed
УО	ВСЕ	53	51	Поставка мяса говядины, свинины (замороженной) для детского питания в муниципальные бюджет	11382.192	11382.192	3	comment:foreign_text_in_ag,signal:hasFact,signal:signed
УО	ВСЕ	54	52	Поставка мяса говядины (замороженной) для детского питания в муниципальные бюджетные дошко	11208.75	11152.71	7	comment:foreign_text_in_ag,hygiene:G:edge_space,hygiene:G:invisible_char,signal:economyFlag,signal:hasFact,signal:lowCompetition,signal:signed
УО	ВСЕ	55	53	Поставка мяса говядины (замороженной) для детского питания в муниципальные бюджетные дошко	11432.8	11432.8	5	comment:foreign_text_in_ag,hygiene:G:edge_space,hygiene:G:invisible_char,signal:hasFact,signal:signed
УО	ВСЕ	56	54	Поставка овощей переработанных, консервированных в муниципальные бюджетные дошкольные обра	19653.98	18376.18	5	hygiene:G:edge_space,hygiene:G:invisible_char,signal:economyFlag,signal:hasFact,signal:signed
УО	ВСЕ	57	55	Поставка молока питьевого в муниципальные бюджетные	5803.804	4033.6437800000003	5	comment:foreign_text_in_ag,signal:economyFlag,signal:hasFact,signal:highEconomy,signal:signed
УО	ВСЕ	58	56	Поставка молока и кисломолочной продукции в образовательные учреждения Елизовского муницип	59735.02	59735.02	2	signal:hasFact,signal:signed
УО	ВСЕ	59	57	Поставка офисной бумаги	1983.7148	1467.93102	5	comment:foreign_text_in_ag,signal:economyFlag,signal:hasFact,signal:highEconomy,signal:signed
УО	ВСЕ	60	58	Расчистка территории от снега	3	3	3	epgrade:verified-benefit,signal:hasFact,signal:signed
УО	ВСЕ	61	59	Очистка кровли от снега	43	43	3	epgrade:verified-benefit,signal:hasFact,signal:signed
УО	ВСЕ	62	60	Расчистка территории от снега	3.5	3.5	3	epgrade:verified-benefit,signal:hasFact,signal:signed
УО	ВСЕ	63	61	Очистка кровли от снега	24	24	3	epgrade:verified-benefit,signal:hasFact,signal:signed
УО	ВСЕ	64	62	Медицинский осмотр водителей	148.2	148.2	3	epgrade:discretionary,signal:hasFact,signal:signed
УО	ВСЕ	65	63	оказание услуг по обслуживанию узла учета тепловой энергии	35	35	3	epgrade:verified-benefit,signal:hasFact,signal:signed
УО	ВСЕ	66	64	Услуги местной телефонной связи   - Услуги внутризоновой телефонной связи (Интерком сервис	150	150	4	epgrade:verified-benefit,hygiene:G:invisible_char,signal:hasFact,signal:signed
УО	ВСЕ	67	65	Услуги местной телефонной связи   - Услуги внутризоновой телефонной связи (Интеркам сервис	1	1	4	epgrade:verified-benefit,hygiene:G:invisible_char,signal:hasFact,signal:signed
УО	ВСЕ	68	66	Услуги (работы) в области защиты информации и обеспечения безопасности критической информа	175.96	175.96	3	epgrade:verified-benefit,signal:hasFact,signal:signed
УО	ВСЕ	69	67	 Бензин автомобильный	500	500	4	hygiene:G:edge_space,hygiene:G:invisible_char,signal:hasFact,signal:signed
УО	ВСЕ	70	68	Топливо дизельное	500	500	2	signal:hasFact,signal:signed
УО	ВСЕ	71	69	Энергия тепловая, отпущенная котельными	2058.89	2058.89	3	epgrade:lawful-exclusive,signal:hasFact,signal:signed
УО	ВСЕ	72	70	 Услуги по очистке сточных вод (включая бытовые и промышленные сточные воды, воду из плава	65.14	65.14	5	epgrade:lawful-exclusive,hygiene:G:edge_space,hygiene:G:invisible_char,signal:hasFact,signal:signed
УО	ВСЕ	73	71	 Электроэнергия, произведенная конденсационными электростанциями (КЭС) общего назначения	856.1	856.1	5	epgrade:lawful-exclusive,hygiene:G:edge_space,hygiene:G:invisible_char,signal:hasFact,signal:signed
УО	ВСЕ	74	72	 Системные блоки	244	220.82	5	hygiene:G:edge_space,hygiene:G:invisible_char,signal:economyFlag,signal:hasFact,signal:signed
УО	ВСЕ	75	73	 Устройства и блоки питания вычислительных машин	40.67	40.67	6	hygiene:G:edge_space,hygiene:G:invisible_char,signal:economyConflict,signal:economyFlag,signal:hasFact,signal:signed
УО	ВСЕ	76	74	 Мониторы, подключаемые к компьютеру	91.5	84.6	5	hygiene:G:edge_space,hygiene:G:invisible_char,signal:economyFlag,signal:hasFact,signal:signed
УО	ВСЕ	77	75	 Устройства периферийные с двумя или более функциями: печать данных, копирование, сканиров	91.5	88.75	5	hygiene:G:edge_space,hygiene:G:invisible_char,signal:economyFlag,signal:hasFact,signal:signed
УО	ВСЕ	78	76	Расчистка территории от снега	7	7	3	epgrade:verified-benefit,signal:hasFact,signal:signed
УО	ВСЕ	79	77	Услуги почты	3	3	3	epgrade:lawful-exclusive,signal:hasFact,signal:signed
УО	ВСЕ	80	78	Охрана	74.46	74.46	3	epgrade:verified-benefit,signal:hasFact,signal:signed
УО	ВСЕ	81	79	Диспансеризация	88.5	88.5	3	epgrade:verified-benefit,signal:hasFact,signal:signed
УО	ВСЕ	82	80	ГПХ	179.66	179.66	3	epgrade:verified-benefit,signal:hasFact,signal:signed
УО	ВСЕ	83	81	Энергия тепловая, отпущенная котельными	248.27	248.27	3	epgrade:lawful-exclusive,signal:hasFact,signal:signed
УО	ВСЕ	84	82	 Услуги по очистке сточных вод (включая бытовые и промышленные сточные воды, воду из плава	74.75	74.75	5	epgrade:lawful-exclusive,hygiene:G:edge_space,hygiene:G:invisible_char,signal:hasFact,signal:signed
УО	ВСЕ	85	83	 Электроэнергия, произведенная конденсационными электростанциями (КЭС) общего назначения	92.97	92.97	5	epgrade:lawful-exclusive,hygiene:G:edge_space,hygiene:G:invisible_char,signal:hasFact,signal:signed
УО	ВСЕ	86	84	Очистка кровли от снега	32	32	3	epgrade:verified-benefit,signal:hasFact,signal:signed
УО	ВСЕ	87	85	ТСО (техническое обслуживание средств охраны)	36.04	36.04	3	epgrade:verified-benefit,signal:hasFact,signal:signed
УО	ВСЕ	88	86	Услуги местной телефонной связи   - Услуги внутризоновой телефонной связи (Интерком сервис	70	70	4	epgrade:verified-benefit,hygiene:G:invisible_char,signal:hasFact,signal:signed
УО	ВСЕ	89	87	Услуги местной телефонной связи   - Услуги внутризоновой телефонной связи (Интеркам сервис	5	5	4	epgrade:verified-benefit,hygiene:G:invisible_char,signal:hasFact,signal:signed
УО	ВСЕ	90	88	Услуги местной телефонной связи   - Услуги внутризоновой телефонной связи (Интеркам сервис	45	45	4	epgrade:verified-benefit,hygiene:G:invisible_char,signal:hasFact,signal:signed
УО	ВСЕ	91	89	Услуги местной телефонной связи   - Услуги внутризоновой телефонной связи (Интеркам сервис	0.9	0.9	4	epgrade:verified-benefit,hygiene:G:invisible_char,signal:hasFact,signal:signed
УО	ВСЕ	92	90	Полиграфические услуги (бланки)	24.4	24.4	3	epgrade:verified-benefit,signal:hasFact,signal:signed
УО	ВСЕ	93	91	Диспансеризация	88.5	88.5	3	epgrade:verified-benefit,signal:hasFact,signal:signed
УО	ВСЕ	94	92	Кресла офисные 	39	39	5	epgrade:verified-benefit,hygiene:G:edge_space,hygiene:G:invisible_char,signal:hasFact,signal:signed
УО	ВСЕ	95	93	Услуги местной телефонной связи   - Услуги внутризоновой телефонной связи (Интеркам сервис	70	70	4	epgrade:verified-benefit,hygiene:G:invisible_char,signal:hasFact,signal:signed
УО	ВСЕ	96	94	Услуги местной телефонной связи   - Услуги внутризоновой телефонной связи (Интеркам сервис	10.8	10.8	4	epgrade:verified-benefit,hygiene:G:invisible_char,signal:hasFact,signal:signed
УО	ВСЕ	97	97	масло сливочное	1320	1320	4	epgrade:lawful-exclusive,signal:epRisk,signal:hasFact,signal:signed
УО	ВСЕ	98	98	яйцо куриное	1666.8	1666.8	4	epgrade:lawful-exclusive,signal:epRisk,signal:hasFact,signal:signed
УО	ВСЕ	99	99	творог	585	585	3	epgrade:verified-benefit,signal:hasFact,signal:signed
УО	ВСЕ	100	100	мясо кур	410.4	410.4	3	epgrade:verified-benefit,signal:hasFact,signal:signed
УО	ВСЕ	101	101	Овощей, очищенных в вакууме	560.74	560.74	3	epgrade:verified-benefit,signal:hasFact,signal:signed
УО	ВСЕ	102	102	Картофель в вакууме	598.5	598.5	3	epgrade:verified-benefit,signal:hasFact,signal:signed
УО	ВСЕ	103	103	биточки куриные нежные, шницель рыбный, фрикадельки домашние	594.21	594.21	3	epgrade:verified-benefit,signal:hasFact,signal:signed
УО	ВСЕ	104	104	фарш говяжий	460.73	460.73	3	epgrade:verified-benefit,signal:hasFact,signal:signed
УО	ВСЕ	105	105	фарш домашний, вареники с творогом	555.19	555.19	3	epgrade:verified-benefit,signal:hasFact,signal:signed
УО	ВСЕ	106	106	Котлеты Деревенские, котлеты Камчатские, фарш из печени	471.2	471.2	3	epgrade:verified-benefit,signal:hasFact,signal:signed
УО	ВСЕ	107	107	пельмени мясные, пельмени рыбные	585.4	585.4	3	epgrade:verified-benefit,signal:hasFact,signal:signed
УО	ВСЕ	108	108	Варенец с лактулозой, снежок, тесто для сырников	540.4	540.4	3	epgrade:verified-benefit,signal:hasFact,signal:signed
УО	ВСЕ	109	109	Хлеб ржаной, хлеб белый	576.6	576.6	3	epgrade:verified-benefit,signal:hasFact,signal:signed
УО	ВСЕ	110	110	булочки и т.д.	572.8	572.8	3	epgrade:verified-benefit,signal:hasFact,signal:signed
УО	ВСЕ	111	111	твердые коммунальные отходы	227.65	227.65	3	epgrade:lawful-exclusive,signal:hasFact,signal:signed
УО	ВСЕ	112	112	аварийно ремонтные работы инженерных сетей в границах балансовой принадлежности учреждения	100	100	3	epgrade:verified-benefit,signal:hasFact,signal:signed
УО	ВСЕ	113	113	ТО приборов учета тепловой энергии и узла погодного регулирования	54	54	3	epgrade:verified-benefit,signal:hasFact,signal:signed
УО	ВСЕ	114	114	расчистка территории от снега	20	20	3	epgrade:verified-benefit,signal:hasFact,signal:signed
УО	ВСЕ	115	115	дезинфекционные работы	31.5	31.5	3	epgrade:verified-benefit,signal:hasFact,signal:signed
УО	ВСЕ	116	116	экстренный выезд наряда вневедомственной охраны по сигналу о срабатывании средств тревожно	148.92	148.92	3	epgrade:verified-benefit,signal:hasFact,signal:signed
УО	ВСЕ	117	117	поставка сыра полутвердого	1573.75	1573.75	4	epgrade:lawful-exclusive,signal:epRisk,signal:hasFact,signal:signed
УО	ВСЕ	118	118	поставка творога	1357.62	1357.62	4	epgrade:lawful-exclusive,signal:epRisk,signal:hasFact,signal:signed
УО	ВСЕ	119	119	Масло сливочное	2890	2890	4	epgrade:lawful-exclusive,signal:epRisk,signal:hasFact,signal:signed
УО	ВСЕ	120	120	Яйцо	450	450	3	epgrade:verified-benefit,signal:hasFact,signal:signed
УО	ВСЕ	121	121	Куры-цыплята бройлеры	590	590	3	epgrade:verified-benefit,signal:hasFact,signal:signed
УО	ВСЕ	122	122	Куры-филе	454.96	454.96	3	epgrade:verified-benefit,signal:hasFact,signal:signed
УО	ВСЕ	123	123	Кондитерские продукты	368.97	368.97	3	epgrade:verified-benefit,signal:hasFact,signal:signed
УО	ВСЕ	124	124	Сухофрукты	250	250	3	epgrade:verified-benefit,signal:hasFact,signal:signed
УО	ВСЕ	125	125	Приправы, специи и проч.	453	453	3	epgrade:verified-benefit,signal:hasFact,signal:signed
УО	ВСЕ	126	126	Картофель	595.99	595.99	3	epgrade:verified-benefit,signal:hasFact,signal:signed
УО	ВСЕ	127	127	Корнеплоды и клубнеплоды	440	440	3	epgrade:verified-benefit,signal:hasFact,signal:signed
УО	ВСЕ	128	128	Хлеб	598	598	3	epgrade:verified-benefit,signal:hasFact,signal:signed
УО	ВСЕ	129	129	Хлебобулочные изделия	597.5	597.5	3	epgrade:verified-benefit,signal:hasFact,signal:signed
УО	ВСЕ	130	130	Свежие помидоры и огурцы	440	440	3	epgrade:verified-benefit,signal:hasFact,signal:signed
УО	ВСЕ	131	131	Овощи и фрукты консервированные и переработанные	595	595	3	epgrade:verified-benefit,signal:hasFact,signal:signed
УО	ВСЕ	132	132	Сахар	514.19	514.19	3	epgrade:verified-benefit,signal:hasFact,signal:signed
УО	ВСЕ	133	133	Продукты питания (масло растительное, макароны)	469.3	469.3	3	epgrade:verified-benefit,signal:hasFact,signal:signed
УО	ВСЕ	134	134	Продукты рыбные (кальмар-филе, морская капуста)	470	470	3	epgrade:verified-benefit,signal:hasFact,signal:signed
УО	ВСЕ	135	135	Продукты питания (сок, молоко сгущ.)	595	595	3	epgrade:verified-benefit,signal:hasFact,signal:signed
УО	ВСЕ	136	136	Пельмени мясные	300.52	300.52	3	epgrade:verified-benefit,signal:hasFact,signal:signed
УО	ВСЕ	137	137	Пельмени рыбные	400.18	400.18	3	epgrade:verified-benefit,signal:hasFact,signal:signed
УО	ВСЕ	138	138	Вареники	325.24	325.24	3	epgrade:verified-benefit,signal:hasFact,signal:signed
УО	ВСЕ	139	139	Рис	339.2	339.2	3	epgrade:verified-benefit,signal:hasFact,signal:signed
УО	ВСЕ	140	140	Горох	19.14	19.14	3	epgrade:verified-benefit,signal:hasFact,signal:signed
УО	ВСЕ	141	141	ТО систем обеспечения пожарной безопасности зданий и сооружений	5	5	3	epgrade:verified-benefit,signal:hasFact,signal:signed
УО	ВСЕ	142	142	ТО систем обеспечения пожарной безопасности зданий и сооружений	25	25	3	epgrade:verified-benefit,signal:hasFact,signal:signed
УО	ВСЕ	143	143	Наблюдение за средствами тревожной сигнализации на объекте с помощью пульта централизованн	24.82	24.82	3	epgrade:lawful-exclusive,signal:hasFact,signal:signed
УО	ВСЕ	144	144	Диспетчеризация и техническое обслуживание приборов учета тепловой энергии	7	7	3	epgrade:verified-benefit,signal:hasFact,signal:signed
УО	ВСЕ	145	145	Диспетчеризация и техническое обслуживание приборов учета тепловой энергии	35	35	3	epgrade:verified-benefit,signal:hasFact,signal:signed
УО	ВСЕ	146	146	Предрейсовый и послерейсовый осмотр водителя	35	35	3	epgrade:lawful-exclusive,signal:hasFact,signal:signed
УО	ВСЕ	147	147	Медосмотр сотрудников	595	595	3	epgrade:lawful-exclusive,signal:hasFact,signal:signed
УО	ВСЕ	148	148	Обслуживание технических средств охраны	5.13	5.13	3	epgrade:verified-benefit,signal:hasFact,signal:signed
УО	ВСЕ	149	149	Обслуживание технических средств охраны	25.65	25.65	3	epgrade:verified-benefit,signal:hasFact,signal:signed
УО	ВСЕ	150	150	Идентификация АСН в ГАИС «ЭРА-ГЛОНАСС» и обеспечение передачи в Ространснадзор информации	6.84	6.84	3	epgrade:lawful-exclusive,signal:hasFact,signal:signed
УО	ВСЕ	151	151	Услуги связи	37.88	37.88	3	epgrade:lawful-exclusive,signal:hasFact,signal:signed
УО	ВСЕ	152	152	Обращение с твердыми коммунальными отходами	301.63	301.63	3	epgrade:lawful-exclusive,signal:hasFact,signal:signed
УО	ВСЕ	153	153	Холодное водоснабжение и водоотведение	530.59	530.59	3	epgrade:lawful-exclusive,signal:hasFact,signal:signed
УО	ВСЕ	154	154	Энергоснабжение	7978.66	7978.66	3	epgrade:lawful-exclusive,signal:hasFact,signal:signed
УО	ВСЕ	155	155	Теплоснабжение и ГВС	26790.19	26790.19	3	epgrade:lawful-exclusive,signal:hasFact,signal:signed
УО	ВСЕ	156	156	Техническое обслуживание лифтового оборудования	63	63	3	epgrade:verified-benefit,signal:hasFact,signal:signed
УО	ВСЕ	157	157	Снегоочистка	98.9	98.9	3	epgrade:verified-benefit,signal:hasFact,signal:signed
УО	ВСЕ	158	158	Снегоочистка	41.4	41.4	3	epgrade:verified-benefit,signal:hasFact,signal:signed
УО	ВСЕ	159	159	Снегоочистка	38.16	38.16	3	epgrade:verified-benefit,signal:hasFact,signal:signed
УО	ВСЕ	160	160	Снегоочистка	176.46	176.46	3	epgrade:verified-benefit,signal:hasFact,signal:signed
УО	ВСЕ	161	161	Снегоочистка	99.9	99.9	3	epgrade:verified-benefit,signal:hasFact,signal:signed
УО	ВСЕ	162	162	Снегоочистка	200	200	3	epgrade:verified-benefit,signal:hasFact,signal:signed
УО	ВСЕ	163	163	Проверка работоспособности пожарного гидранта	10.52	10.52	3	epgrade:verified-benefit,signal:hasFact,signal:signed
УО	ВСЕ	164	164	Техническое обслуживание огнетушителей	16.17	16.17	3	epgrade:verified-benefit,signal:hasFact,signal:signed
УО	ВСЕ	165	165	Техническое обслуживание противопожарной шторы	16	16	3	epgrade:verified-benefit,signal:hasFact,signal:signed
УО	ВСЕ	166	166	Техническое обслуживание противопожарных дверей	52.63	52.63	3	epgrade:verified-benefit,signal:hasFact,signal:signed
УО	ВСЕ	167	167	Техническое обслуживание систем пожарной автоматики	24	24	3	epgrade:verified-benefit,signal:hasFact,signal:signed
УО	ВСЕ	168	168	Техническое обслуживание систем вытяжной противодымной вентиляции	100	100	3	epgrade:verified-benefit,signal:hasFact,signal:signed
УО	ВСЕ	169	169	Техническое обслуживание системы видеонаблюдения	25	25	3	epgrade:verified-benefit,signal:hasFact,signal:signed
УО	ВСЕ	170	170	Перезарядка огнетушителей	42.15	42.15	3	epgrade:verified-benefit,signal:hasFact,signal:signed
УО	ВСЕ	171	171	Ремонт АПС	10.15	10.15	3	epgrade:lawful-exclusive,signal:hasFact,signal:signed
УО	ВСЕ	172	172	Дератизация, дезинфекция	7.22	7.22	3	epgrade:verified-benefit,signal:hasFact,signal:signed
УО	ВСЕ	173	173	Дератизация, дезинфекция	28.5	28.5	3	epgrade:verified-benefit,signal:hasFact,signal:signed
УО	ВСЕ	174	174	Моющие средства	59.97	59.97	3	epgrade:verified-benefit,signal:hasFact,signal:signed
УО	ВСЕ	175	175	ПО Контур Экстерн	3.6	3.6	3	epgrade:verified-benefit,signal:hasFact,signal:signed
УО	ВСЕ	176	176	Обложки для аттестатов	28.89	28.89	3	epgrade:verified-benefit,signal:hasFact,signal:signed
УО	ВСЕ	177	177	ПО для аттестатов	1.5	1.5	3	epgrade:verified-benefit,signal:hasFact,signal:signed
УО	ВСЕ	178	178	Мячи 	18.72	18.72	5	epgrade:verified-benefit,hygiene:G:edge_space,hygiene:G:invisible_char,signal:hasFact,signal:signed
УО	ВСЕ	179	179	Спортивный инвентарь	95.23	95.23	3	epgrade:verified-benefit,signal:hasFact,signal:signed
УО	ВСЕ	180	180	ПО Кадровый учет (Веснин)	13.2	13.2	3	epgrade:verified-benefit,signal:hasFact,signal:signed
УО	ВСЕ	181	181	Производственный контроль столовой	55	55	3	epgrade:lawful-exclusive,signal:hasFact,signal:signed
УО	ВСЕ	182	182	Полис ОСАГО	14	14	3	epgrade:verified-benefit,signal:hasFact,signal:signed
УО	ВСЕ	183	183	Учебники	2507.43	2507.43	4	epgrade:lawful-exclusive,signal:epRisk,signal:hasFact,signal:signed
УО	ВСЕ	184	184	Электроэнергия	810.13	810.13	3	epgrade:lawful-exclusive,signal:hasFact,signal:signed
УО	ВСЕ	185	185	Тепловая энергия	4419.16	4419.16	3	epgrade:lawful-exclusive,signal:hasFact,signal:signed
УО	ВСЕ	186	186	Водоснабжение и водоотведение	73.22	73.22	3	epgrade:lawful-exclusive,signal:hasFact,signal:signed
УО	ВСЕ	187	187	Услуги по обращению с твердыми коммунальными отходами	71.60754	71.60754	3	epgrade:lawful-exclusive,signal:hasFact,signal:signed
УО	ВСЕ	188	188	Услуги связи	33.6	33.6	3	epgrade:lawful-exclusive,signal:hasFact,signal:signed
УО	ВСЕ	189	189	Охрана Учреждения	74.46	74.46	3	epgrade:lawful-exclusive,signal:hasFact,signal:signed
УО	ВСЕ	190	190	Техническое обслуживание технических средств охраны	32.16	32.16	3	epgrade:verified-benefit,signal:hasFact,signal:signed
УО	ВСЕ	191	191	Обеспечение работоспособности сетей передачи данных по охране	33.6	33.6	3	epgrade:verified-benefit,signal:hasFact,signal:signed
УО	ВСЕ	192	192	Учет тепловой энергии	54	54	3	epgrade:verified-benefit,signal:hasFact,signal:signed
УО	ВСЕ	193	193	Дератизация	34.82472	34.82	4	epgrade:verified-benefit,signal:economyFlag,signal:hasFact,signal:signed
УО	ВСЕ	194	194	Ремонт видеонаблюдения	35	35	3	epgrade:verified-benefit,signal:hasFact,signal:signed
УО	ВСЕ	195	195	Программа энергосбережения	6.5	6.5	3	epgrade:verified-benefit,signal:hasFact,signal:signed
УО	ВСЕ	196	196	Закупка бензина	50	50	3	epgrade:verified-benefit,signal:hasFact,signal:signed
УО	ВСЕ	197	197	Аварийное обслуживание Учреждения	134.2	134.2	3	epgrade:verified-benefit,signal:hasFact,signal:signed
УО	ВСЕ	198	198	Расчистка территории от снега	30	30	3	epgrade:verified-benefit,signal:hasFact,signal:signed
УО	ВСЕ	199	199	Вывоз снега с территории	190	190	3	epgrade:verified-benefit,signal:hasFact,signal:signed
УО	ВСЕ	200	200	Предрейсовый медицинский осмотр	69.16	69.16	3	epgrade:verified-benefit,signal:hasFact,signal:signed
УО	ВСЕ	201	201	Обслуживание АПС и СОУЭ	19.2	19.2	3	epgrade:verified-benefit,signal:hasFact,signal:signed
УО	ВСЕ	202	202	Лицензия на программное обеспечение	3.5	3.5	3	epgrade:verified-benefit,signal:hasFact,signal:signed
УО	ВСЕ	203	203	Оказание услуг по экстренному выезду наряда вневедомственной охраны по сигналу о срабатыва	148.92	148.92	3	epgrade:verified-benefit,signal:hasFact,signal:signed
УО	ВСЕ	204	204	Техническое обслуживание СПС и СОУЭ	15.6	15.6	3	epgrade:verified-benefit,signal:hasFact,signal:signed
УО	ВСЕ	205	205	обслуживание пожарных дверей	6	6	3	epgrade:verified-benefit,signal:hasFact,signal:signed
УО	ВСЕ	206	206	обслуживание и заправка огнетушителей	5.25	5.25	3	epgrade:verified-benefit,signal:hasFact,signal:signed
УО	ВСЕ	207	207	Вывоз снега	200	200	3	epgrade:verified-benefit,signal:hasFact,signal:signed
УО	ВСЕ	208	208	Обслуживание технических средств охраны	30.78	30.78	3	epgrade:verified-benefit,signal:hasFact,signal:signed
УО	ВСЕ	209	209	Обслуживание систем видеонаблюдения	36	36	3	epgrade:verified-benefit,signal:hasFact,signal:signed
УО	ВСЕ	210	210	Программное обеспечение	68.5	68.5	3	epgrade:verified-benefit,signal:hasFact,signal:signed
УО	ВСЕ	211	212	  "Масло сливочное"	2970	2970	6	epgrade:lawful-exclusive,hygiene:G:edge_space,hygiene:G:invisible_char,signal:epRisk,signal:hasFact,signal:signed
УО	ВСЕ	212	213	  Творог	1787.5	1787.5	6	epgrade:lawful-exclusive,hygiene:G:edge_space,hygiene:G:invisible_char,signal:epRisk,signal:hasFact,signal:signed
УО	ВСЕ	213	214	   Закупка электроэнергии	3964.2	3964.2	5	epgrade:lawful-exclusive,hygiene:G:edge_space,hygiene:G:invisible_char,signal:hasFact,signal:signed
УО	ВСЕ	214	215	Теплоснабжение и горячее водоснабжение…	15678.53	15678.53	3	epgrade:lawful-exclusive,signal:hasFact,signal:signed
УО	ВСЕ	215	216	 Кронштейн, подставка под огнетушители	5.25	5.25	5	epgrade:verified-benefit,hygiene:G:edge_space,hygiene:G:invisible_char,signal:hasFact,signal:signed
УО	ВСЕ	216	217	 Огнетушители	32.01	32.01	5	epgrade:verified-benefit,hygiene:G:edge_space,hygiene:G:invisible_char,signal:hasFact,signal:signed
УО	ВСЕ	217	218	№ 12.16	497.44	497.44	3	epgrade:lawful-exclusive,signal:hasFact,signal:signed
УО	ВСЕ	218	219	ТО и Д -02/2026	49.5	49.5	3	epgrade:verified-benefit,signal:hasFact,signal:signed
УО	ВСЕ	219	220	  Поставка материалов	11.75	11.75	5	epgrade:verified-benefit,hygiene:G:edge_space,hygiene:G:invisible_char,signal:hasFact,signal:signed
УО	ВСЕ	220	221	 Медали	19.85	19.85	5	epgrade:verified-benefit,hygiene:G:edge_space,hygiene:G:invisible_char,signal:hasFact,signal:signed
УО	ВСЕ	221	222	 Аттестаты	4.68	4.68	5	epgrade:verified-benefit,hygiene:G:edge_space,hygiene:G:invisible_char,signal:hasFact,signal:signed
УО	ВСЕ	222	223	ТО-28/26  ТО  СКУД	67.2	67.2	4	epgrade:verified-benefit,hygiene:G:invisible_char,signal:hasFact,signal:signed
УО	ВСЕ	223	224	  Разовое обслуживание системы оповещения	30.16	30.16	5	epgrade:verified-benefit,hygiene:G:edge_space,hygiene:G:invisible_char,signal:hasFact,signal:signed
УО	ВСЕ	224	225	  Выезд наряда вневедомственной охраны	148.92	148.92	5	epgrade:lawful-exclusive,hygiene:G:edge_space,hygiene:G:invisible_char,signal:hasFact,signal:signed
УО	ВСЕ	225	226	  Обслуживание технических средств охраны	32.16	32.16	5	epgrade:verified-benefit,hygiene:G:edge_space,hygiene:G:invisible_char,signal:hasFact,signal:signed
УО	ВСЕ	226	227	 Поставка тетрадей учебных	628.35	628.35	6	epgrade:verified-benefit,hygiene:G:edge_space,hygiene:G:invisible_char,signal:epRisk,signal:hasFact,signal:signed
УО	ВСЕ	227	228	 Поставка учебников	1581.5	1581.5	6	epgrade:verified-benefit,hygiene:G:edge_space,hygiene:G:invisible_char,signal:epRisk,signal:hasFact,signal:signed
УО	ВСЕ	228	229	 всн  Пельмени	3.67876	3.67876	5	epgrade:verified-benefit,hygiene:G:edge_space,hygiene:G:invisible_char,signal:hasFact,signal:signed
УО	ВСЕ	229	230	 всн  Биточки, шницель рыбный	459.9	459.9	5	epgrade:verified-benefit,hygiene:G:edge_space,hygiene:G:invisible_char,signal:hasFact,signal:signed
УО	ВСЕ	230	231	всн  Вареники с творогом, котлеты говяжьи	377.53	377.53	4	epgrade:verified-benefit,hygiene:G:invisible_char,signal:hasFact,signal:signed
УО	ВСЕ	231	232	 всн Кальмар тушка, икра лососевая	183	183	5	epgrade:verified-benefit,hygiene:G:edge_space,hygiene:G:invisible_char,signal:hasFact,signal:signed
УО	ВСЕ	232	233	  Вода питьевая не газированная	43.74	43.74	5	epgrade:verified-benefit,hygiene:G:edge_space,hygiene:G:invisible_char,signal:hasFact,signal:signed
УО	ВСЕ	233	234	 1кв Сыр	564	564	5	epgrade:verified-benefit,hygiene:G:edge_space,hygiene:G:invisible_char,signal:hasFact,signal:signed
УО	ВСЕ	234	235	 1кв Филе куриное, бедро куриное	597.18	597.18	5	epgrade:verified-benefit,hygiene:G:edge_space,hygiene:G:invisible_char,signal:hasFact,signal:signed
УО	ВСЕ	235	236	 1кв Овощи очищенные	599.7	599.7	5	epgrade:verified-benefit,hygiene:G:edge_space,hygiene:G:invisible_char,signal:hasFact,signal:signed
УО	ВСЕ	236	237	 1-4кв Цыпленок-бройлер	468	468	5	epgrade:verified-benefit,hygiene:G:edge_space,hygiene:G:invisible_char,signal:hasFact,signal:signed
УО	ВСЕ	237	238	 1кв Яйца	260	260	5	epgrade:verified-benefit,hygiene:G:edge_space,hygiene:G:invisible_char,signal:hasFact,signal:signed
УО	ВСЕ	238	239	 всн Перец, помидоры, огурцы	389.5	389.5	5	epgrade:verified-benefit,hygiene:G:edge_space,hygiene:G:invisible_char,signal:hasFact,signal:signed
УО	ВСЕ	239	240	 всн Виноград, овощи	338.5	338.5	5	epgrade:verified-benefit,hygiene:G:edge_space,hygiene:G:invisible_char,signal:hasFact,signal:signed
УО	ВСЕ	240	241	 всн Лук, чеснок	77.5	77.5	5	epgrade:verified-benefit,hygiene:G:edge_space,hygiene:G:invisible_char,signal:hasFact,signal:signed
УО	ВСЕ	241	242	 всн  Продукты питания	452.53	452.53	5	epgrade:verified-benefit,hygiene:G:edge_space,hygiene:G:invisible_char,signal:hasFact,signal:signed
УО	ВСЕ	242	243	 всн  Булочки, круассаны, пицца,…	598.3	598.3	5	epgrade:verified-benefit,hygiene:G:edge_space,hygiene:G:invisible_char,signal:hasFact,signal:signed
УО	ВСЕ	243	244	 всн Хлебобулочные изделия	599.24	599.24	5	epgrade:verified-benefit,hygiene:G:edge_space,hygiene:G:invisible_char,signal:hasFact,signal:signed
УО	ВСЕ	244	245	 всн Мукомольно-крупяные изделия	586.76	586.76	5	epgrade:verified-benefit,hygiene:G:edge_space,hygiene:G:invisible_char,signal:hasFact,signal:signed
УО	ВСЕ	245	246	 всн  Продукты питания	599.69	599.69	5	epgrade:verified-benefit,hygiene:G:edge_space,hygiene:G:invisible_char,signal:hasFact,signal:signed
УО	ВСЕ	246	247	 всн  Сахар-песок, зелень сухая, икра лососевая	256.24	256.24	5	epgrade:verified-benefit,hygiene:G:edge_space,hygiene:G:invisible_char,signal:hasFact,signal:signed
УО	ВСЕ	247	248	Оказания услуг по то обслуживанию противопожарных дверей	10	10	3	epgrade:verified-benefit,signal:hasFact,signal:signed
УО	ВСЕ	248	249	Оказания услуг по то обслужианию  систем установок СПС  и СОУЭ) обеспечение пожарной безоп	33.6	33.6	5	epgrade:verified-benefit,hygiene:G:edge_space,hygiene:G:invisible_char,signal:hasFact,signal:signed
УО	ВСЕ	249	250	поверка пожарного гидранта	11.6	11.6	3	epgrade:verified-benefit,signal:hasFact,signal:signed
УО	ВСЕ	250	251	Оказания услуг  по обслуживанию  систем  функционирования и поддержка работоспособности  с	30	30	4	epgrade:verified-benefit,hygiene:G:invisible_char,signal:hasFact,signal:signed
УО	ВСЕ	251	252	Услуги по обращению с твердыми коммунальными  отходами 	71.6	71.6	5	epgrade:verified-benefit,hygiene:G:edge_space,hygiene:G:invisible_char,signal:hasFact,signal:signed
УО	ВСЕ	252	253	Экстренный вызов наряда по вневедомственной охране	148.92	148.92	3	epgrade:verified-benefit,signal:hasFact,signal:signed
УО	ВСЕ	253	254	Оказание услуг по диспетчеризации и то приборов тепловой энергии	49.5	49.5	3	epgrade:verified-benefit,signal:hasFact,signal:signed
УО	ВСЕ	254	255	Выполнение работ по аварийному обслуживанию 	50	50	5	epgrade:verified-benefit,hygiene:G:edge_space,hygiene:G:invisible_char,signal:hasFact,signal:signed
УО	ВСЕ	255	256	на оказание услуг по техническому обслуживанию системы управления контроля доступа (СКУД)	67.2	67.2	3	epgrade:verified-benefit,signal:hasFact,signal:signed
УО	ВСЕ	256	257	на оказание услуг по техническому обслуживанию системы видеонаблюдения 	84	84	5	epgrade:verified-benefit,hygiene:G:edge_space,hygiene:G:invisible_char,signal:hasFact,signal:signed
УО	ВСЕ	257	258	Предоставление использование прав услуг для ПК ПУНКТ ПРИЕМКИ ЭКЗАМЕНОВ	88	88	3	epgrade:verified-benefit,signal:hasFact,signal:signed
УО	ВСЕ	258	259	Медосмотр	545.69	545.69	3	epgrade:verified-benefit,signal:hasFact,signal:signed
УО	ВСЕ	259	260	Медали,удостоверения	13.18	13.18	4	epgrade:verified-benefit,hygiene:G:missing_space_after_punct,signal:hasFact,signal:signed
УО	ВСЕ	260	261	Покупка моющих средств	50.45	50.45	3	epgrade:verified-benefit,signal:hasFact,signal:signed
УО	ВСЕ	261	262	Покупка моющих средств	2.22	2.22	3	epgrade:verified-benefit,signal:hasFact,signal:signed
УО	ВСЕ	262	263	Услуги по расчистке снега	245	245	3	epgrade:verified-benefit,signal:hasFact,signal:signed
УО	ВСЕ	263	264	Дезинфекция 	68.14	68.14	5	epgrade:verified-benefit,hygiene:G:edge_space,hygiene:G:invisible_char,signal:hasFact,signal:signed
УО	ВСЕ	264	265	Бакисследование	56.8	56.8	3	epgrade:verified-benefit,signal:hasFact,signal:signed
УО	ВСЕ	265	266	связь (телефон, интернет)	93.6	93.6	3	epgrade:lawful-exclusive,signal:hasFact,signal:signed
УО	ВСЕ	266	267	Техническое обслуживание СПС и СОУЭ	62	62	3	epgrade:verified-benefit,signal:hasFact,signal:signed
УО	ВСЕ	267	268	обслуживание пожарных дверей	6	6	3	epgrade:verified-benefit,signal:hasFact,signal:signed
УО	ВСЕ	268	269	Расчистка территории от снега	300	300	3	epgrade:verified-benefit,signal:hasFact,signal:signed
УО	ВСЕ	269	270	обслуживание систем видеонаблюдения	148.92	148.92	3	epgrade:verified-benefit,signal:hasFact,signal:signed
УО	ВСЕ	270	271	Обслуживание СКУД и аварийного освещения	145.2	145.2	3	epgrade:verified-benefit,signal:hasFact,signal:signed
УО	ВСЕ	271	272	мониторинг состояния средств АПС	21.6	21.6	3	epgrade:verified-benefit,signal:hasFact,signal:signed
УО	ВСЕ	272	273	ТО приборов УТЭ и УПР	150	150	3	epgrade:verified-benefit,signal:hasFact,signal:signed
УО	ВСЕ	273	274	обслуживание лифта	103.99	103.99	3	epgrade:lawful-exclusive,signal:hasFact,signal:signed
УО	ВСЕ	274	275	коммунальные услуги (тепло, свет и вода)	14859.46	14859.46	3	epgrade:lawful-exclusive,signal:hasFact,signal:signed
УО	ВСЕ	275	276	ТКО	229.63	229.63	3	epgrade:lawful-exclusive,signal:hasFact,signal:signed
УО	ВСЕ	276	277	бензин	95	95	3	epgrade:lawful-exclusive,signal:hasFact,signal:signed
УО	ВСЕ	277	278	обслуживанию приборов учета тепловой энергии 	90	90	5	epgrade:verified-benefit,hygiene:G:edge_space,hygiene:G:invisible_char,signal:hasFact,signal:signed
УО	ВСЕ	278	279	на техническое обслуживание индивидуальных тепловых пунктов	144	144	3	epgrade:lawful-exclusive,signal:hasFact,signal:signed
УО	ВСЕ	279	280	образовательные услуги	8	8	3	epgrade:verified-benefit,signal:hasFact,signal:signed
УО	ВСЕ	280	281	противопожарные мероприятия (ССПС и СОУЭ)	144	144	3	epgrade:lawful-exclusive,signal:hasFact,signal:signed
УО	ВСЕ	281	282	противопожарные мероприятия (мониторинг ПБ)	90	90	3	epgrade:verified-benefit,signal:hasFact,signal:signed
УО	ВСЕ	282	283	медицинский осмотр водителя	42	42	3	epgrade:verified-benefit,signal:hasFact,signal:signed
УО	ВСЕ	283	284	расчистка кровли	250	250	3	epgrade:lawful-exclusive,signal:hasFact,signal:signed
УО	ВСЕ	284	285	расчистка и вывоз снега	414.4	414.4	3	epgrade:lawful-exclusive,signal:hasFact,signal:signed
УО	ВСЕ	285	286	дератизация и дезинсекция	16.719	16.719	3	epgrade:verified-benefit,signal:hasFact,signal:signed
УО	ВСЕ	286	287	аварийные работы	134.24	134.24	3	epgrade:lawful-exclusive,signal:hasFact,signal:signed
УО	ВСЕ	287	288	страхование автобуса	9.71	9.71	3	epgrade:verified-benefit,signal:hasFact,signal:signed
УО	ВСЕ	288	289	программа "Вижен-Софт" школа	10	10	3	epgrade:verified-benefit,signal:hasFact,signal:signed
УО	ВСЕ	289	290	программа "Вижен-Софт" детский сад	10	10	3	epgrade:verified-benefit,signal:hasFact,signal:signed
УО	ВСЕ	290	291	ремонт холодильного шкафа, электрической плиты	18.21	18.21	3	epgrade:verified-benefit,signal:hasFact,signal:signed
УО	ВСЕ	291	292	обслуживание и ремонт системы передачи тревожных сообщений	120	120	3	epgrade:lawful-exclusive,signal:hasFact,signal:signed
УО	ВСЕ	292	293	лампы	26.5	26.5	3	epgrade:verified-benefit,signal:hasFact,signal:signed
УО	ВСЕ	293	294	связь	283.14	283.14	3	epgrade:lawful-exclusive,signal:hasFact,signal:signed
УО	ВСЕ	294	295	хлеб и хлебобулочная продукция	433	433	3	epgrade:verified-benefit,signal:hasFact,signal:signed
УО	ВСЕ	295	296	хлеб и хлебобулочная продукция	433	388.062	5	epgrade:verified-benefit,rule:status_on_data_rows,signal:epFactDeviation,signal:hasFact,signal:signed
УО	ВСЕ	296	297	консервы рыбные, кальмар	54.43	54.43	3	epgrade:verified-benefit,signal:hasFact,signal:signed
УО	ВСЕ	297	298	вода питьевая негазированная	205.2	205.2	3	epgrade:verified-benefit,signal:hasFact,signal:signed
УО	ВСЕ	298	299	яйца куриные столовые	135.6	135.6	3	epgrade:verified-benefit,signal:hasFact,signal:signed
УО	ВСЕ	299	300	Овощи свежие, капуста квашенная	588.45	588.45	3	epgrade:verified-benefit,signal:hasFact,signal:signed
УО	ВСЕ	300	301	полуфабрикаты	213.43	213.43	3	epgrade:verified-benefit,signal:hasFact,signal:signed
УО	ВСЕ	301	302	филе, окорочок куриный охлажденное	160.71	160.71	3	epgrade:verified-benefit,signal:hasFact,signal:signed
УО	ВСЕ	302	304	фрукты, овощи свежие	403.94	403.94	3	epgrade:verified-benefit,signal:hasFact,signal:signed
УО	ВСЕ	303	305	печень говяжья	86.85	86.85	3	epgrade:verified-benefit,signal:hasFact,signal:signed
УО	ВСЕ	304	306	овощи свежие-огурец, томат	153.43	153.43	3	epgrade:verified-benefit,signal:hasFact,signal:signed
УО	ВСЕ	305	307	овощи свежие-огурец, томат	153.43	153.43	3	epgrade:verified-benefit,signal:hasFact,signal:signed
УО	ВСЕ	306	308	продукты питания	480	480	3	epgrade:verified-benefit,signal:hasFact,signal:signed
УО	ВСЕ	307	310	мяса птицы охлажденного	201.6	201.6	3	epgrade:verified-benefit,signal:hasFact,signal:signed
УО	ВСЕ	308	311	услуги по диспетчеризации и техобслуживанию приборов учета тепловой энергии	81	81	3	epgrade:verified-benefit,signal:hasFact,signal:signed
УО	ВСЕ	309	312	услуги по техническому обслуживанию систем АПС	60	60	3	epgrade:verified-benefit,signal:hasFact,signal:signed
УО	ВСЕ	310	313	нефтепродукты АИ-92	400	400	3	epgrade:lawful-exclusive,signal:hasFact,signal:signed
УО	ВСЕ	311	314	аварийно-ремонтные работы	134.24	134.24	3	epgrade:verified-benefit,signal:hasFact,signal:signed
УО	ВСЕ	312	315	техническое обслуживание системы пожарной сигнализации и системы оповещения о пожаре	42	42	3	epgrade:verified-benefit,signal:hasFact,signal:signed
УО	ВСЕ	313	316	услуги связи	3	3	3	epgrade:verified-benefit,signal:hasFact,signal:signed
УО	ВСЕ	314	317	оказание услуг по расчистке территории	150	150	3	epgrade:lawful-exclusive,signal:hasFact,signal:signed
УО	ВСЕ	315	318	тех обслуживание узла автоматического погодного регулирования и эл. Котла	60	60	3	epgrade:verified-benefit,signal:hasFact,signal:signed
УО	ВСЕ	316	319	услуги по идентификации АСН в ГАИС "Эра-Глонасс"	2.4	2.4	3	epgrade:verified-benefit,signal:hasFact,signal:signed
УО	ВСЕ	317	320	услуги связи интернет д/сада	84.55	84.55	3	epgrade:lawful-exclusive,signal:hasFact,signal:signed
УО	ВСЕ	318	321	проведение предрейсовых и послерейсовых осмотров	85	85	3	epgrade:verified-benefit,signal:hasFact,signal:signed
УО	ВСЕ	319	322	периодич. медиц. Осмотры школа	243.46	243.46	3	epgrade:unfounded,signal:hasFact,signal:signed
УО	ВСЕ	320	323	периодич. медиц. Осмотры детский сад	124.54	124.54	3	epgrade:unfounded,signal:hasFact,signal:signed
УО	ВСЕ	321	324	моющие, хозяйственные средства	20.54	20.54	3	epgrade:verified-benefit,signal:hasFact,signal:signed
УО	ВСЕ	322	325	Контур. Эстерн	3.6	3.6	3	epgrade:verified-benefit,signal:hasFact,signal:signed
УО	ВСЕ	323	326	образовательные услуги по пожарной профилактике	12	12	3	epgrade:verified-benefit,signal:hasFact,signal:signed
УО	ВСЕ	324	327	оказание услуг по обращению с ТКО	214.82	214.82	3	epgrade:lawful-exclusive,signal:hasFact,signal:signed
УО	ВСЕ	325	328	Услуги электроснабжения	2786.19	2786.19	3	epgrade:lawful-exclusive,signal:hasFact,signal:signed
УО	ВСЕ	326	329	Услуги по водоснабжению, водоотведению	228.94	228.94	3	epgrade:lawful-exclusive,signal:hasFact,signal:signed
УО	ВСЕ	327	330	Услуги теплоснабжения	18816.13	18816.13	3	epgrade:lawful-exclusive,signal:hasFact,signal:signed
УО	ВСЕ	328	331	абонементные книжки	16	15	5	epgrade:verified-benefit,signal:economyFlag,signal:epFactDeviation,signal:hasFact,signal:signed
УО	ВСЕ	329	333	поверка огнетушителей	15.18	15.18	3	epgrade:verified-benefit,signal:hasFact,signal:signed
УО	ВСЕ	330	334	гигиеническое обучение	98.69	98.69	3	epgrade:verified-benefit,signal:hasFact,signal:signed
УО	ВСЕ	331	335	проведение испытаний и измерений электрооборудования	60	0	3	comment:past_promise_no_fact,epgrade:verified-benefit,signal:planYearMissing
УО	ВСЕ	332	336	опрессовка и промывка систем центрального отопления	45	0	5	comment:execution_claim_no_fact,epgrade:verified-benefit,signal:dateWithoutFact,signal:hasFact,signal:signed
УО	ВСЕ	333	337	страховая премия автобуса	13	10.98	5	epgrade:verified-benefit,rule:status_on_data_rows,signal:epFactDeviation,signal:hasFact,signal:signed
УО	ВСЕ	334	338	производственный контроль	120	34.57038	5	epgrade:unfounded,rule:status_on_data_rows,signal:epFactDeviation,signal:hasFact,signal:signed
УО	ВСЕ	335	339	запасные части к автобусу	40	26.2	5	epgrade:verified-benefit,rule:status_on_data_rows,signal:epFactDeviation,signal:hasFact,signal:signed
УО	ВСЕ	336	340	сыры полутвердые	253.08	253.08	3	epgrade:lawful-exclusive,signal:hasFact,signal:signed
УО	ВСЕ	337	341	масло сливочное	869.55	869.55	4	epgrade:lawful-exclusive,signal:epRisk,signal:hasFact,signal:signed
УО	ВСЕ	338	342	творог	521.95	521.95	3	epgrade:lawful-exclusive,signal:hasFact,signal:signed
УО	ВСЕ	339	344	поставка творога	1072.5	1072.5	4	epgrade:lawful-exclusive,signal:epRisk,signal:hasFact,signal:signed
УО	ВСЕ	340	346	Масло сливочное	3630	3630	4	epgrade:lawful-exclusive,signal:epRisk,signal:hasFact,signal:signed
УО	ВСЕ	341	347	Яйцо	351	351	3	epgrade:verified-benefit,signal:hasFact,signal:signed
УО	ВСЕ	342	348	Куры-цыплята бройлеры	599.4	599.4	3	epgrade:verified-benefit,signal:hasFact,signal:signed
УО	ВСЕ	343	349	Куры-филе	363	363	3	epgrade:verified-benefit,signal:hasFact,signal:signed
УО	ВСЕ	344	350	Кондитерские продукты 2 контракта	795	795	4	epgrade:verified-benefit,signal:epRisk,signal:hasFact,signal:signed
УО	ВСЕ	345	351	Сухофрукты	529	529	3	epgrade:verified-benefit,signal:hasFact,signal:signed
УО	ВСЕ	346	352	Приправы, специи и проч.	546.29	546.29	3	epgrade:verified-benefit,signal:hasFact,signal:signed
УО	ВСЕ	347	353	Овощи свежие	375.6	375.6	3	epgrade:verified-benefit,signal:hasFact,signal:signed
УО	ВСЕ	348	354	Картофель	599.64	599.64	3	epgrade:verified-benefit,signal:hasFact,signal:signed
УО	ВСЕ	349	355	Корнеплоды и клубнеплоды	582.5	582.5	3	epgrade:verified-benefit,signal:hasFact,signal:signed
УО	ВСЕ	350	356	Хлеб	367.5	367.5	3	epgrade:verified-benefit,signal:hasFact,signal:signed
УО	ВСЕ	351	357	Хлебобулочные изделия 2 контракта	1197	1197	4	epgrade:verified-benefit,signal:epRisk,signal:hasFact,signal:signed
УО	ВСЕ	352	358	Свежие помидоры и огурцы (2 контракта)	864	864	3	epgrade:verified-benefit,signal:hasFact,signal:signed
УО	ВСЕ	353	359	Овощи и фрукты консервированные и переработанные	412	412	3	epgrade:verified-benefit,signal:hasFact,signal:signed
УО	ВСЕ	354	360	Сахар, макаронные изделия	599.9	599.9	3	epgrade:verified-benefit,signal:hasFact,signal:signed
УО	ВСЕ	355	361	Продукты питания (масло растительное, сок фруктовый)	457.5	457.5	3	epgrade:verified-benefit,signal:hasFact,signal:signed
УО	ВСЕ	356	362	Продукты рыбные (кальмар-филе)	295	295	3	epgrade:verified-benefit,signal:hasFact,signal:signed
УО	ВСЕ	357	363	Продукты питания	474.27	474.27	3	epgrade:verified-benefit,signal:hasFact,signal:signed
УО	ВСЕ	358	364	Шницель Домашний	599.7	599.7	3	epgrade:verified-benefit,signal:hasFact,signal:signed
УО	ВСЕ	359	365	Биточек Любимый	597.53	597.53	3	epgrade:verified-benefit,signal:hasFact,signal:signed
УО	ВСЕ	360	366	ГСМ	600	600	3	epgrade:lawful-exclusive,signal:hasFact,signal:signed
УО	ВСЕ	361	367	ТО систем обеспечения пожарной безопасности зданий и сооружений	30	30	3	epgrade:verified-benefit,signal:hasFact,signal:signed
УО	ВСЕ	362	368	услуги экстренного выезда группы задержания автобус ПАЗ	3.64	3.64	3	epgrade:lawful-exclusive,signal:hasFact,signal:signed
УО	ВСЕ	363	369	услуги экстренного выезда полиции	120.7	120.7	3	epgrade:lawful-exclusive,signal:hasFact,signal:signed
УО	ВСЕ	364	370	Диспетчеризация и техническое обслуживание приборов учета тепловой энергии	45	45	3	epgrade:verified-benefit,signal:hasFact,signal:signed
УО	ВСЕ	365	371	Медосмотр сотрудников 2 контракта	781.39	750.2	6	epgrade:lawful-exclusive,rule:status_on_data_rows,signal:epFactDeviation,signal:epRisk,signal:hasFact,signal:signed
УО	ВСЕ	366	372	Идентификация АСН в ГАИС «ЭРА-ГЛОНАСС» и обеспечение передачи в Ространснадзор информации	6.96	6.96	3	epgrade:lawful-exclusive,signal:hasFact,signal:signed
УО	ВСЕ	367	373	Услуги связи	71.6	71.6	3	epgrade:lawful-exclusive,signal:hasFact,signal:signed
УО	ВСЕ	368	374	Обращение с твердыми коммунальными отходами	543	543	3	epgrade:lawful-exclusive,signal:hasFact,signal:signed
УО	ВСЕ	369	375	Холодное водоснабжение и водоотведение	762.05	762.05	5	epgrade:unfounded,signal:epRisk,signal:hasFact,signal:signed,signal:unmappedReasonEP
УО	ВСЕ	370	376	Энергоснабжение	4837.66	4837.66	3	epgrade:lawful-exclusive,signal:hasFact,signal:signed
УО	ВСЕ	371	377	Теплоснабжение и ГВС	24052.35	24052.35	3	epgrade:lawful-exclusive,signal:hasFact,signal:signed
УО	ВСЕ	372	378	заправка картриджей	250	250	3	epgrade:verified-benefit,signal:hasFact,signal:signed
УО	ВСЕ	373	379	поставка картриджей	100	100	3	epgrade:verified-benefit,signal:hasFact,signal:signed
УО	ВСЕ	374	380	Снегоочистка	100	100	3	epgrade:verified-benefit,signal:hasFact,signal:signed
УО	ВСЕ	375	381	Снегоочистка	600	600	3	epgrade:verified-benefit,signal:hasFact,signal:signed
УО	ВСЕ	376	382	Снегоочистка	81	81	3	epgrade:verified-benefit,signal:hasFact,signal:signed
УО	ВСЕ	377	383	Техническое обслуживание противопожарных дверей	12	12	3	epgrade:verified-benefit,signal:hasFact,signal:signed
УО	ВСЕ	378	384	техническое обслуживание средств охраны	8.43	8.43	3	epgrade:lawful-exclusive,signal:hasFact,signal:signed
УО	ВСЕ	379	385	Техническое обслуживание систем пожарной автоматики	42.8	42.8	3	epgrade:verified-benefit,signal:hasFact,signal:signed
УО	ВСЕ	380	386	аттестаты	40.58	40.58	3	epgrade:verified-benefit,signal:hasFact,signal:signed
УО	ВСЕ	381	387	оказание услуг по обращению с ТКО	143.22	143.22	3	epgrade:lawful-exclusive,signal:hasFact,signal:signed
УО	ВСЕ	382	388	выполнение аварийно-ремонтных работ инженерных сетей в границах балансовой принадлежности	134.24	134.24	3	epgrade:verified-benefit,signal:hasFact,signal:signed
УО	ВСЕ	383	389	Овощи очищенные	225.56	225.56	3	epgrade:verified-benefit,signal:hasFact,signal:signed
УО	ВСЕ	384	390	Овощи	380.05	380.05	3	epgrade:verified-benefit,signal:hasFact,signal:signed
УО	ВСЕ	385	391	Хлеб, хлебобулочные изделия	460.93	460.93	3	epgrade:verified-benefit,signal:hasFact,signal:signed
УО	ВСЕ	386	392	Говядина Б/К	221.17	221.17	3	epgrade:verified-benefit,signal:hasFact,signal:signed
УО	ВСЕ	387	393	Поставка фруктов и овощей свежих	243.05	243.05	3	epgrade:verified-benefit,signal:hasFact,signal:signed
УО	ВСЕ	388	394	Полуфабрикаты из мяса птицы	97.48	97.48	3	epgrade:verified-benefit,signal:hasFact,signal:signed
УО	ВСЕ	389	395	Продукты питания	22.2	22.2	3	epgrade:verified-benefit,signal:hasFact,signal:signed
УО	ВСЕ	390	396	Продукты питания	279.46	279.46	3	epgrade:verified-benefit,signal:hasFact,signal:signed
УО	ВСЕ	391	397	Полуфабрикаты мясные	246.87	246.87	3	epgrade:verified-benefit,signal:hasFact,signal:signed
УО	ВСЕ	392	398	Яйцо	92.58	92.58	3	epgrade:verified-benefit,signal:hasFact,signal:signed
УО	ВСЕ	393	399	Овощи свежие	142.74	142.74	3	epgrade:verified-benefit,signal:hasFact,signal:signed
УО	ВСЕ	394	400	Продукты питания	276.86	276.86	3	epgrade:verified-benefit,signal:hasFact,signal:signed
УО	ВСЕ	395	401	Мясо птицы охлажденное	230.4	230.4	3	epgrade:verified-benefit,signal:hasFact,signal:signed
УО	ВСЕ	396	405	Масло сливочное	663	663	4	epgrade:lawful-exclusive,signal:epRisk,signal:hasFact,signal:signed
УО	ВСЕ	397	406	Творог	486.2	486.2	3	epgrade:lawful-exclusive,signal:hasFact,signal:signed
УО	ВСЕ	398	407	Сыр	283.28	283.28	3	epgrade:lawful-exclusive,signal:hasFact,signal:signed
УО	ВСЕ	399	408	Услуги телефонной связи	31.49	31.49	3	epgrade:lawful-exclusive,signal:hasFact,signal:signed
УО	ВСЕ	400	409	Дератизация и дезинсекция помещений	27.72	27.72	3	epgrade:verified-benefit,signal:hasFact,signal:signed
УО	ВСЕ	401	410	Услуги связи (Ростелеком)	30	30	3	epgrade:lawful-exclusive,signal:hasFact,signal:signed
УО	ВСЕ	402	411	Услуги теплоснабжения	8787.67	8787.67	3	epgrade:lawful-exclusive,signal:hasFact,signal:signed
УО	ВСЕ	403	412	Услуги электроснабжения	1911.24	1911.24	3	epgrade:lawful-exclusive,signal:hasFact,signal:signed
УО	ВСЕ	404	413	Услуги по водоснабжению, водоотведению	143.3	143.3	3	epgrade:lawful-exclusive,signal:hasFact,signal:signed
УО	ВСЕ	405	414	Услуги по ТКО	333.88	333.88	3	epgrade:lawful-exclusive,signal:hasFact,signal:signed
УО	ВСЕ	406	415	Производственный контроль	4.51	4.51	3	epgrade:verified-benefit,signal:hasFact,signal:signed
УО	ВСЕ	407	416	автоматическое уведомление о пожаре	30	30	3	epgrade:verified-benefit,signal:hasFact,signal:signed
УО	ВСЕ	408	417	Оказание услуг по техническому обслуживанию СПС и СОУЭ	28.8	28.8	3	epgrade:verified-benefit,signal:hasFact,signal:signed
УО	ВСЕ	409	418	оказание услуг по обслуживанию приборов тепловой энергии и узла погодного регулирования	54	54	3	epgrade:verified-benefit,signal:hasFact,signal:signed
УО	ВСЕ	410	419	Система Гарант	45.56	45.56	3	epgrade:verified-benefit,signal:hasFact,signal:signed
УО	ВСЕ	411	420	вывоз и расчистка снега	185	185	3	epgrade:verified-benefit,signal:hasFact,signal:signed
УО	ВСЕ	412	421	вывоз и расчистка снега	200	200	3	epgrade:verified-benefit,signal:hasFact,signal:signed
УО	ВСЕ	413	422	предрейсовые,послерейсовые мед. осмотры	120	120	4	epgrade:verified-benefit,hygiene:G:missing_space_after_punct,signal:hasFact,signal:signed
УО	ВСЕ	414	423	бензин	500	500	3	epgrade:verified-benefit,signal:hasFact,signal:signed
УО	ВСЕ	415	424	техобслуживание и ремонт транспортного средства	9.52	9.52	3	epgrade:verified-benefit,signal:hasFact,signal:signed
УО	ВСЕ	416	425	очистка кровли от снега	8	8	3	epgrade:verified-benefit,signal:hasFact,signal:signed
УО	ВСЕ	417	426	очистка кровли от снега	51	51	3	epgrade:verified-benefit,signal:hasFact,signal:signed
УО	ВСЕ	418	427	Масло сливочное	1072.5	1072.5	4	epgrade:lawful-exclusive,signal:epRisk,signal:hasFact,signal:signed
УО	ВСЕ	419	428	Творог	328.9	328.9	3	epgrade:lawful-exclusive,signal:hasFact,signal:signed
УО	ВСЕ	420	429	Сыры полутвердые	302.5	302.5	3	epgrade:lawful-exclusive,signal:hasFact,signal:signed
УО	ВСЕ	421	430	Сметана	204.19000000000003	204.19000000000003	3	epgrade:lawful-exclusive,signal:hasFact,signal:signed
УО	ВСЕ	422	431	полуфабрикаты	487.11	487.11	3	epgrade:verified-benefit,signal:hasFact,signal:signed
УО	ВСЕ	423	432	яйцо свежее	80.60000000000001	80.60000000000001	3	epgrade:verified-benefit,signal:hasFact,signal:signed
УО	ВСЕ	424	433	филе кур	190.59	190.59	3	epgrade:verified-benefit,signal:hasFact,signal:signed
УО	ВСЕ	425	434	куры	169.20000000000002	169.20000000000002	3	epgrade:lawful-exclusive,signal:hasFact,signal:signed
УО	ВСЕ	426	435	продукты питания	588.1	588.1	3	epgrade:verified-benefit,signal:hasFact,signal:signed
УО	ВСЕ	427	436	овощи корнеплодные,клубнеплодные	458.40000000000003	458.40000000000003	4	epgrade:verified-benefit,hygiene:G:missing_space_after_punct,signal:hasFact,signal:signed
УО	ВСЕ	428	437	кальмар,морская капуста	209	209	4	epgrade:verified-benefit,hygiene:G:missing_space_after_punct,signal:hasFact,signal:signed
УО	ВСЕ	429	438	хлеб	393.65000000000003	393.65000000000003	3	epgrade:verified-benefit,signal:hasFact,signal:signed
УО	ВСЕ	430	439	хлебобулочные изделия	539.55	539.55	3	epgrade:verified-benefit,signal:hasFact,signal:signed
УО	ВСЕ	431	440	овощи консервированные	246.65999999999997	246.65999999999997	3	epgrade:verified-benefit,signal:hasFact,signal:signed
УО	ВСЕ	432	441	мороженное	50.5	50.5	3	epgrade:verified-benefit,signal:hasFact,signal:signed
УО	ВСЕ	433	442	хоз. Товары	20.39625	20.39625	3	epgrade:verified-benefit,signal:hasFact,signal:signed
УО	ВСЕ	434	443	ОСАГО	10.98308	10.98308	3	epgrade:verified-benefit,signal:hasFact,signal:signed
УО	ВСЕ	435	444	тех. Осмотр	2635	2635	4	epgrade:verified-benefit,signal:epRisk,signal:hasFact,signal:signed
УО	ВСЕ	436	446	масло сливочное	1485	1485	4	epgrade:lawful-exclusive,signal:epRisk,signal:hasFact,signal:signed
УО	ВСЕ	437	448	сыр	555	555	3	epgrade:lawful-exclusive,signal:hasFact,signal:signed
УО	ВСЕ	438	449	творог	715	715	4	epgrade:lawful-exclusive,signal:epRisk,signal:hasFact,signal:signed
УО	ВСЕ	439	450	поставка яиц столовых	132	132	3	epgrade:verified-benefit,signal:hasFact,signal:signed
УО	ВСЕ	440	451	бакалея	427.23	427.23	3	epgrade:verified-benefit,signal:hasFact,signal:signed
УО	ВСЕ	441	452	куры охлажденные	216	216	3	epgrade:verified-benefit,signal:hasFact,signal:signed
УО	ВСЕ	442	453	программное обеспечение	3.6	3.6	3	epgrade:verified-benefit,signal:hasFact,signal:signed
УО	ВСЕ	443	454	обеспечение функционирования и поддержки работоспособности сетей передачи данных	60	60	3	epgrade:verified-benefit,signal:hasFact,signal:signed
УО	ВСЕ	444	455	мониторинг ИТП	57.6	57.6	3	epgrade:verified-benefit,signal:hasFact,signal:signed
УО	ВСЕ	445	456	поставка хлеба,хлебобулочных	596.28	596.28	4	epgrade:verified-benefit,hygiene:G:missing_space_after_punct,signal:hasFact,signal:signed
УО	ВСЕ	446	457	расчистка снега	300	300	3	epgrade:verified-benefit,signal:hasFact,signal:signed
УО	ВСЕ	447	458	обслуживание пожарных дверей	11.44	11.44	3	epgrade:verified-benefit,signal:hasFact,signal:signed
УО	ВСЕ	448	459	расчистка территории от снега	200	200	3	epgrade:verified-benefit,signal:hasFact,signal:signed
УО	ВСЕ	449	460	Вывоз снега	300	300	3	epgrade:verified-benefit,signal:hasFact,signal:signed
УО	ВСЕ	450	461	дератизация	32.2	32.2	3	epgrade:verified-benefit,signal:hasFact,signal:signed
УО	ВСЕ	451	462	Обслуживание технических средств охраны	30.78	30.78	3	epgrade:verified-benefit,signal:hasFact,signal:signed
УО	ВСЕ	452	463	Оказание услуг по диспетчеризации и техническому обслуживанию приборов учета тепловой энер	66	66	3	epgrade:verified-benefit,signal:hasFact,signal:signed
УО	ВСЕ	453	464	обслуживание технических средств охраны (кнопка ТСО)	37.26	37.26	3	epgrade:verified-benefit,signal:hasFact,signal:signed
УО	ВСЕ	454	465	ТО приборов УТЭ и УПР	75.9	75.9	3	epgrade:verified-benefit,signal:hasFact,signal:signed
УО	ВСЕ	455	466	огнетушитель	3	3	3	epgrade:verified-benefit,signal:hasFact,signal:signed
УО	ВСЕ	456	467	ремонт холодильного шкафа	11.7	11.7	3	epgrade:verified-benefit,signal:hasFact,signal:signed
УО	ВСЕ	457	468	Теплоснабжение (подача абоненту через присоединенную сеть тепловой энергии и/или теплоноси	7680.72	7680.72	3	epgrade:lawful-exclusive,signal:hasFact,signal:signed
УО	ВСЕ	458	469	Оказание услуг по обращению с твердыми коммунальными отходами	107.41	107.41	3	epgrade:lawful-exclusive,signal:hasFact,signal:signed
УО	ВСЕ	459	470	Энергоснабжение	1647.44	1647.44	4	comment:foreign_text_in_ag,epgrade:lawful-exclusive,signal:hasFact,signal:signed
УО	ВСЕ	460	471	Водоснабжение (отпуск холодной (питьевой) воды)	53.41	53.41	3	epgrade:lawful-exclusive,signal:hasFact,signal:signed
УО	ВСЕ	461	472	Водоотведение	45.08	45.08	3	epgrade:lawful-exclusive,signal:hasFact,signal:signed
УО	ВСЕ	462	473	Оказание услуг по очистке и вывозу снега (расчистка территории заказчика от снега с исполь	100	100	3	epgrade:verified-benefit,signal:hasFact,signal:signed
УО	ВСЕ	463	474	Услуги по диспетчеризации и техническому обслуживанию приборов учета тепловой энергии и уз	148.5	148.5	3	epgrade:verified-benefit,signal:hasFact,signal:signed
УО	ВСЕ	464	475	Оказание услуг по техническому обслуживанию систем, средств, установок (противопожарных дв	6	6	3	epgrade:verified-benefit,signal:hasFact,signal:signed
УО	ВСЕ	465	476	Оказание образовательных услуг (оказание заказчику образовательных услуг и/или проверку зн	8	8	3	epgrade:verified-benefit,signal:hasFact,signal:signed
УО	ВСЕ	466	477	Услуги по техническому обслуживанию систем (средств, установок по обеспечению функциониров	30	30	3	epgrade:verified-benefit,signal:hasFact,signal:signed
УО	ВСЕ	467	478	Услуги по техническому обслуживанию систем (средств, установок СПС и СОУЭ) обеспечения пож	18	18	3	epgrade:verified-benefit,signal:hasFact,signal:signed
УО	ВСЕ	468	479	Платная услуга по выполнению санитарно-эпидемиологической экспертизы (исследований) при ос	67.82	67.82	3	epgrade:verified-benefit,signal:hasFact,signal:signed
УО	ВСЕ	469	480	Возмездное оказание услуг (услуги по идентификации АСН в ГАИС "ЭРА-ГЛОНАСС" и обеспечению 	5.23	5.23	3	epgrade:verified-benefit,signal:hasFact,signal:signed
УО	ВСЕ	470	481	мебель	237.18	237.18	3	epgrade:verified-benefit,signal:hasFact,signal:signed
УО	ВСЕ	471	482	услуг по обслуживанию и ремонту системы передачи тревожных сообщений	60	60	3	epgrade:verified-benefit,signal:hasFact,signal:signed
УО	ВСЕ	472	483	услуги связи	40	40	3	epgrade:verified-benefit,signal:hasFact,signal:signed
УО	ВСЕ	473	484	ГСМ	300	300	3	epgrade:verified-benefit,signal:hasFact,signal:signed
УО	ВСЕ	474	485	предрейсовый осмотр	91.96	91.96	3	epgrade:verified-benefit,signal:hasFact,signal:signed
УО	ВСЕ	475	486	овощи свежие	454.71	454.71	3	epgrade:verified-benefit,signal:hasFact,signal:signed
УО	ВСЕ	476	487	яйцо	64.8	64.8	3	epgrade:verified-benefit,signal:hasFact,signal:signed
УО	ВСЕ	477	488	куры охлажден.	162	162	3	epgrade:verified-benefit,signal:hasFact,signal:signed
УО	ВСЕ	478	489	филе, бедро куриное охлажденное	155.98	155.98	3	epgrade:verified-benefit,signal:hasFact,signal:signed
УО	ВСЕ	479	490	хлеб	286.68	286.68	3	epgrade:verified-benefit,signal:hasFact,signal:signed
УО	ВСЕ	480	491	продукты питания	404.11	404.11	3	epgrade:verified-benefit,signal:hasFact,signal:signed
УО	ВСЕ	481	492	пельмени, вареники	281.61	281.61	3	epgrade:verified-benefit,signal:hasFact,signal:signed
УО	ВСЕ	482	493	продукты питания	357.86	357.86	3	epgrade:verified-benefit,signal:hasFact,signal:signed
УО	ВСЕ	483	494	молочная продукция	65.47	65.47	3	epgrade:verified-benefit,signal:hasFact,signal:signed
УО	ВСЕ	484	495	кальмар	41.3	41.3	3	epgrade:verified-benefit,signal:hasFact,signal:signed
УО	ВСЕ	485	496	печень	63	63	3	epgrade:verified-benefit,signal:hasFact,signal:signed
УО	ВСЕ	486	497	Поставка продуктов питания Хлеба недлительного хранения"	346.45	346.45	3	epgrade:verified-benefit,signal:hasFact,signal:signed
УО	ВСЕ	487	498	Хлебобулочные и кондитерские изделия	542.37	542.37	3	epgrade:verified-benefit,signal:hasFact,signal:signed
УО	ВСЕ	488	499	Продукты питания	76.01	76.01	3	epgrade:verified-benefit,signal:hasFact,signal:signed
УО	ВСЕ	489	500	Аварийные работы	14.35	14.35	3	epgrade:verified-benefit,signal:hasFact,signal:signed
УО	ВСЕ	490	501	Заправка картриджей	18.6	18.6	3	epgrade:verified-benefit,signal:hasFact,signal:signed
УО	ВСЕ	491	502	Карты	4.83	4.83	3	epgrade:verified-benefit,signal:hasFact,signal:signed
УО	ВСЕ	492	503	Заправка картриджей	1.85	1.85	3	epgrade:verified-benefit,signal:hasFact,signal:signed
УО	ВСЕ	493	504	Осаго	10.14	10.14	3	epgrade:verified-benefit,signal:hasFact,signal:signed
УО	ВСЕ	494	505	Установка системы передачи тревожных сообщений	30	30	3	epgrade:verified-benefit,signal:hasFact,signal:signed
УО	ВСЕ	495	506	Услуги связи	19.55	19.55	3	epgrade:lawful-exclusive,signal:hasFact,signal:signed
УО	ВСЕ	496	507	Заправка картриджей	3.15	3.15	3	epgrade:verified-benefit,signal:hasFact,signal:signed
УО	ВСЕ	497	508	Аварийные работы	23.93	23.93	3	epgrade:verified-benefit,signal:hasFact,signal:signed
УО	ВСЕ	498	509	Аварийные работы	12.55	12.55	3	epgrade:verified-benefit,signal:hasFact,signal:signed
УО	ВСЕ	499	510	Аварийные работы	15.55	15.55	3	epgrade:verified-benefit,signal:hasFact,signal:signed
УО	ВСЕ	500	511	Услуги связи	19.55	19.55	3	epgrade:lawful-exclusive,signal:hasFact,signal:signed
УО	ВСЕ	501	512	Услуги сотовой связи	8.4	8.4	3	epgrade:lawful-exclusive,signal:hasFact,signal:signed
УО	ВСЕ	502	513	Расчистка территории от снега	99	99	3	epgrade:verified-benefit,signal:hasFact,signal:signed
УО	ВСЕ	503	514	ТО систем и средств СПС и СОУЭ	28.8	28.8	3	epgrade:verified-benefit,signal:hasFact,signal:signed
УО	ВСЕ	504	515	ТО противопожарных дверей	2	2	3	epgrade:verified-benefit,signal:hasFact,signal:signed
УО	ВСЕ	505	516	ТО сетей передачи данных ("Пожар")	30	30	3	epgrade:verified-benefit,signal:hasFact,signal:signed
УО	ВСЕ	506	517	оказание услуг по обращению с ТКО	119.35	119.35	3	epgrade:lawful-exclusive,signal:hasFact,signal:signed
УО	ВСЕ	507	518	Техническое обслуживание узла погодного регулирования	13.5	13.5	3	epgrade:verified-benefit,signal:hasFact,signal:signed
УО	ВСЕ	508	519	Техническое обслуживание приборов учета тепловой энергии	36.9	36.9	3	epgrade:verified-benefit,signal:hasFact,signal:signed
УО	ВСЕ	509	520	Поставка продуктов питания	342	342	3	epgrade:verified-benefit,signal:hasFact,signal:signed
УО	ВСЕ	510	521	Поставка товара	139.36	139.36	3	epgrade:verified-benefit,signal:hasFact,signal:signed
УО	ВСЕ	511	522	Поставка продуктов питания	413.9	413.9	3	epgrade:verified-benefit,signal:hasFact,signal:signed
УО	ВСЕ	512	523	Поставка продуктов питания "Сыр полутвердый"	338.4	338.4	3	epgrade:verified-benefit,signal:hasFact,signal:signed
УО	ВСЕ	513	524	Поставка продуктов питания "Печень говяжья"	81	81	3	epgrade:verified-benefit,signal:hasFact,signal:signed
УО	ВСЕ	514	525	Поставка Вода питьевая	86.4	86.4	3	epgrade:verified-benefit,signal:hasFact,signal:signed
УО	ВСЕ	515	526	Поставка продуктов питания	323.15	323.15	3	epgrade:verified-benefit,signal:hasFact,signal:signed
УО	ВСЕ	516	527	Поставка продуктов питания	121	121	3	epgrade:verified-benefit,signal:hasFact,signal:signed
УО	ВСЕ	517	528	Поставка продуктов питания, Овощи, фрукты свежие	82.1	82.1	3	epgrade:verified-benefit,signal:hasFact,signal:signed
УО	ВСЕ	518	529	Поставка продуктов питания, сухофрукты	100.15	100.15	3	epgrade:verified-benefit,signal:hasFact,signal:signed
УО	ВСЕ	519	530	Кальмар. морская капуста	183	183	3	epgrade:verified-benefit,signal:hasFact,signal:signed
УО	ВСЕ	520	531	Поставка продуктов питания	415.38	415.38	3	epgrade:verified-benefit,signal:hasFact,signal:signed
УО	ВСЕ	521	532	Поставка продуктов питания	491.13	491.13	3	epgrade:verified-benefit,signal:hasFact,signal:signed
УО	ВСЕ	522	533	Поставка продуктов питания	12.35	12.35	3	epgrade:verified-benefit,signal:hasFact,signal:signed
УО	ВСЕ	523	534	Централизованная охрана объектов	96	96	3	epgrade:verified-benefit,signal:hasFact,signal:signed
УО	ВСЕ	524	535	Услуга связи Глонасс	2.62	2.62	3	epgrade:verified-benefit,signal:hasFact,signal:signed
УО	ВСЕ	525	536	Теплоснабжение	10302.43	10302.43	3	epgrade:lawful-exclusive,signal:hasFact,signal:signed
УО	ВСЕ	526	537	Электрическая энергия	2368.94	2368.94	3	epgrade:lawful-exclusive,signal:hasFact,signal:signed
УО	ВСЕ	527	538	ХВС	1968.62	1968.62	3	epgrade:lawful-exclusive,signal:hasFact,signal:signed
УО	ВСЕ	528	539	Проведение предрейсовых и послерейсовых медицинских осмотров	40	40	3	epgrade:verified-benefit,signal:hasFact,signal:signed
УО	ВСЕ	529	540	Сыр полутвердый	799.47	799.47	4	epgrade:lawful-exclusive,signal:epRisk,signal:hasFact,signal:signed
УО	ВСЕ	530	542	Масло сливочное	1808.8	1808.8	4	epgrade:lawful-exclusive,signal:epRisk,signal:hasFact,signal:signed
УО	ВСЕ	531	543	телефон, интернет	185.46	185.46	3	epgrade:verified-benefit,signal:hasFact,signal:signed
УО	ВСЕ	532	544	ТБО	322.23	322.23	3	epgrade:verified-benefit,signal:hasFact,signal:signed
УО	ВСЕ	533	545	Пожарная кнопка	30	30	3	epgrade:verified-benefit,signal:hasFact,signal:signed
УО	ВСЕ	534	546	Обслуживание противопожарной двери	8	8	3	epgrade:verified-benefit,signal:hasFact,signal:signed
УО	ВСЕ	535	547	Тех обслуживание УУТЭ и УПР	99	99	3	epgrade:verified-benefit,signal:hasFact,signal:signed
УО	ВСЕ	536	548	Аварийно-ремонтных работ инженерных сетей	134	134	3	epgrade:verified-benefit,signal:hasFact,signal:signed
УО	ВСЕ	537	549	Обслуживание АПС	28.8	28.8	3	epgrade:verified-benefit,signal:hasFact,signal:signed
УО	ВСЕ	538	550	Обслуживание 112	55	55	3	epgrade:verified-benefit,signal:hasFact,signal:signed
УО	ВСЕ	539	551	Полуфабрикаты	577.77	577.77	3	epgrade:verified-benefit,signal:hasFact,signal:signed
УО	ВСЕ	540	552	Овощи корнеплодные и клубнеплодные, капуста квашеная	599.98	599.98	3	epgrade:verified-benefit,signal:hasFact,signal:signed
УО	ВСЕ	541	553	Питьевая вода	599.89	599.89	3	epgrade:verified-benefit,signal:hasFact,signal:signed
УО	ВСЕ	542	554	Яйцо 	135.6	135.6	5	epgrade:verified-benefit,hygiene:G:edge_space,hygiene:G:invisible_char,signal:hasFact,signal:signed
УО	ВСЕ	543	555	куры охлажденные	198	198	3	epgrade:verified-benefit,signal:hasFact,signal:signed
УО	ВСЕ	544	556	Субпродукты	166.95	166.95	3	epgrade:verified-benefit,signal:hasFact,signal:signed
УО	ВСЕ	545	557	Прочая продукция	600	600	3	epgrade:verified-benefit,signal:hasFact,signal:signed
УО	ВСЕ	546	558	Продукция из молока	130.20000000000002	130.20000000000002	3	epgrade:verified-benefit,signal:hasFact,signal:signed
УО	ВСЕ	547	559	Морепродукты	292.96	292.96	3	epgrade:verified-benefit,signal:hasFact,signal:signed
УО	ВСЕ	548	560	Бедро куриное	71.11	71.11	3	epgrade:verified-benefit,signal:hasFact,signal:signed
УО	ВСЕ	549	561	Помидоры и огурцы свежие	193.5	193.5	3	epgrade:verified-benefit,signal:hasFact,signal:signed
УО	ВСЕ	550	562	Хлеб, батон, хлебобулочные изделия	179.99	179.99	3	epgrade:verified-benefit,signal:hasFact,signal:signed
УО	ВСЕ	551	563	Хлебобулочные изделия	176.58	176.58	3	epgrade:verified-benefit,signal:hasFact,signal:signed
УО	ВСЕ	552	564	Овощи свежие,фрукты	3.58	3.58	4	epgrade:verified-benefit,hygiene:G:missing_space_after_punct,signal:hasFact,signal:signed
УО	ВСЕ	553	565	Бензин-92	599	599	3	epgrade:verified-benefit,signal:hasFact,signal:signed
УО	ВСЕ	554	566	Вывоз и расчистка снега	240	240	3	epgrade:verified-benefit,signal:hasFact,signal:signed
УО	ВСЕ	555	567	Яйцо куриное	297.44	297.44	3	epgrade:verified-benefit,signal:hasFact,signal:signed
УО	ВСЕ	556	568	Мясо птицы	343.8	343.8	3	epgrade:verified-benefit,signal:hasFact,signal:signed
УО	ВСЕ	557	569	Фрукты и овощи"	1076.03	1076.03	4	epgrade:verified-benefit,signal:epRisk,signal:hasFact,signal:signed
УО	ВСЕ	558	570	Филе рыбы мороженной, продуктов рыбных переработанных, кальмар	867.37	867.37	4	epgrade:verified-benefit,signal:epRisk,signal:hasFact,signal:signed
УО	ВСЕ	559	571	Сыр, масло сливочное	2100.11	2100.11	4	epgrade:verified-benefit,signal:epRisk,signal:hasFact,signal:signed
УО	ВСЕ	560	572	сахар, соки и прочие продукты	1404.09	1404.09	4	epgrade:verified-benefit,signal:epRisk,signal:hasFact,signal:signed
УО	ВСЕ	561	573	крупа, мука ,молоко	300	300	5	epgrade:verified-benefit,hygiene:G:missing_space_after_punct,hygiene:G:space_before_punct,signal:hasFact,signal:signed
УО	ВСЕ	562	574	сухофрукты	200	200	3	epgrade:verified-benefit,signal:hasFact,signal:signed
УО	ВСЕ	563	575	овощи консервированные, переработанные	1882.2	1882.2	4	epgrade:verified-benefit,signal:epRisk,signal:hasFact,signal:signed
УО	ВСЕ	564	576	Овощи свежие	233.28	233.28	3	epgrade:verified-benefit,signal:hasFact,signal:signed
УО	ВСЕ	565	577	 овощи свежие очищенные	2745.48	2745.48	6	epgrade:verified-benefit,hygiene:G:edge_space,hygiene:G:invisible_char,signal:epRisk,signal:hasFact,signal:signed
УО	ВСЕ	566	578	Вода питьевая негазированная	70.88	70.88	3	epgrade:verified-benefit,signal:hasFact,signal:signed
УО	ВСЕ	567	579	Мясо, мясная продукция	2670	2670	4	epgrade:verified-benefit,signal:epRisk,signal:hasFact,signal:signed
УО	ВСЕ	568	580	филе куриное	76.65	76.65	3	epgrade:verified-benefit,signal:hasFact,signal:signed
УО	ВСЕ	569	581	капуста квашеная	55	55	3	epgrade:verified-benefit,signal:hasFact,signal:signed
УО	ВСЕ	570	582	Хлебобулочные изделия	719.78	719.78	4	epgrade:verified-benefit,signal:epRisk,signal:hasFact,signal:signed
УО	ВСЕ	571	583	Молоко, кисломолочная продукция	4675.68	4675.68	4	epgrade:verified-benefit,signal:epRisk,signal:hasFact,signal:signed
УО	ВСЕ	572	584	Поставка моющих средств	80.23	80.23	3	epgrade:verified-benefit,signal:hasFact,signal:signed
УО	ВСЕ	573	585	Поставка нефтепродуктов	99.9	99.9	3	epgrade:verified-benefit,signal:hasFact,signal:signed
УО	ВСЕ	574	586	Оказание услуг связи	401.9	401.9	3	epgrade:lawful-exclusive,signal:hasFact,signal:signed
УО	ВСЕ	575	587	Обслуживание технических средств охраны                                   ул.Гришечко,7а к	97.77	97.77	4	epgrade:verified-benefit,hygiene:G:invisible_char,signal:hasFact,signal:signed
УО	ВСЕ	576	588	Обслуживание технических средств охраны                                   ул.Гришечко,11	32.16	32.16	4	epgrade:verified-benefit,hygiene:G:invisible_char,signal:hasFact,signal:signed
УО	ВСЕ	577	589	Централизованная охрана объектов   	297.84	297.84	5	epgrade:lawful-exclusive,hygiene:G:edge_space,hygiene:G:invisible_char,signal:hasFact,signal:signed
УО	ВСЕ	578	590	Проведение предрейсового и послерейсового медицинского освидетельствования            249 	47.31	47.31	4	epgrade:verified-benefit,hygiene:G:invisible_char,signal:hasFact,signal:signed
УО	ВСЕ	579	591	Услуги по проведению технического обслуживания систем пожарной сигнализации и систем опове	60	60	3	epgrade:verified-benefit,signal:hasFact,signal:signed
УО	ВСЕ	580	592	Услуга по испытанию противопожарного водопровода	163.29	163.29	3	epgrade:verified-benefit,signal:hasFact,signal:signed
УО	ВСЕ	581	593	Услуга по обслуживанию противопожарных дверей	26.4	26.4	3	epgrade:verified-benefit,signal:hasFact,signal:signed
УО	ВСЕ	582	594	Услуги по обращению с твердыми коммунальными отходами	257.51	257.51	3	epgrade:lawful-exclusive,signal:hasFact,signal:signed
УО	ВСЕ	583	595	диспетчеризация тех.обслуживанию приборов учета т/энергии и узла погодного регулирования	66	66	3	epgrade:verified-benefit,signal:hasFact,signal:signed
УО	ВСЕ	584	596	Выполнение аварийно-ремонтных работ инженерных сетей в границах балансовой принадлежности 	300	300	5	epgrade:verified-benefit,hygiene:G:edge_space,hygiene:G:invisible_char,signal:hasFact,signal:signed
УО	ВСЕ	585	597	Права использования системы "Saby ЭО-Базовый, бюджет) (1 год)  	11	11	5	epgrade:verified-benefit,hygiene:G:edge_space,hygiene:G:invisible_char,signal:hasFact,signal:signed
УО	ВСЕ	586	598	использование системы "Кабинет Удостовер. Центра"	6.55	6.55	3	epgrade:verified-benefit,signal:hasFact,signal:signed
УО	ВСЕ	587	614	Услуг по очистке кровли от снега, наледи и сосулек	100	100	3	epgrade:verified-benefit,signal:hasFact,signal:signed
УО	ВСЕ	588	615	Работы по разработке проектно-сметной документации на монтаж системы видеонаблюдения	280	280	3	epgrade:verified-benefit,signal:hasFact,signal:signed
УО	ВСЕ	589	616	Разработка ПСД на устройство системы передачи извещений о пожаре	12	12	3	epgrade:verified-benefit,signal:hasFact,signal:signed
УО	ВСЕ	590	617	Определение категорий помещений по взрывопожарной и пожарной опасности	12	12	3	epgrade:verified-benefit,signal:hasFact,signal:signed
УО	ВСЕ	591	618	Программа повышение квалификации "Антитеррористическая защищенность объекта"	1.3	1.3	3	epgrade:verified-benefit,signal:hasFact,signal:signed
УО	ВСЕ	592	619	Энергоснабжение кВт*ч	3416.45	3416.45	4	epgrade:lawful-exclusive,signal:epRisk,signal:hasFact,signal:signed
УО	ВСЕ	593	620	Теплоснабжение и горячее водоснабжение при открытой и закрытой системах теплоснабжение 12 	10969.81	10969.81	4	epgrade:lawful-exclusive,signal:epRisk,signal:hasFact,signal:signed
УО	ВСЕ	594	621	Услуги по потребление холодной воды и водоотведению	4801.28	4801.28	4	epgrade:lawful-exclusive,signal:epRisk,signal:hasFact,signal:signed
УО	ВСЕ	595	622	Масло сливочное	660	660	4	epgrade:lawful-exclusive,signal:epRisk,signal:hasFact,signal:signed
УО	ВСЕ	596	623	Творог	429	429	3	epgrade:lawful-exclusive,signal:hasFact,signal:signed
УО	ВСЕ	597	624	Поставка хлеба	300	300	3	epgrade:verified-benefit,signal:hasFact,signal:signed
УО	ВСЕ	598	625	Поставка мяса кур - цыплят-бройлеров, охлажденных	246	246	3	epgrade:verified-benefit,signal:hasFact,signal:signed
УО	ВСЕ	599	626	Печень говяжья	245	245	3	epgrade:verified-benefit,signal:hasFact,signal:signed
УО	ВСЕ	600	627	Кальмар	118	118	3	epgrade:verified-benefit,signal:hasFact,signal:signed
УО	ВСЕ	601	628	Корнеплоды и клубнеплоды	0.55	0.55	3	epgrade:verified-benefit,signal:hasFact,signal:signed
УО	ВСЕ	602	629	Соки, продукты кондитерские, консервированные и прочие	186.09	186.09	3	epgrade:verified-benefit,signal:hasFact,signal:signed
УО	ВСЕ	603	630	Продукты питания	124.42	124.42	3	epgrade:verified-benefit,signal:hasFact,signal:signed
УО	ВСЕ	604	631	Продукты питания	161.86	161.86	3	epgrade:verified-benefit,signal:hasFact,signal:signed
УО	ВСЕ	605	632	Яйцо куриное столовое	129.6	129.6	3	epgrade:verified-benefit,signal:hasFact,signal:signed
УО	ВСЕ	606	633	Сыр полутвердый	157.92	157.92	3	epgrade:verified-benefit,signal:hasFact,signal:signed
УО	ВСЕ	607	634	Овощи свежие	30	30	3	epgrade:verified-benefit,signal:hasFact,signal:signed
УО	ВСЕ	608	635	Мясо птицы, филе охлажденное	18.15	18.15	3	epgrade:verified-benefit,signal:hasFact,signal:signed
УО	ВСЕ	609	636	Овощи, фрукты консервированные, кондитерские изделия и прочее	471.5	471.5	3	epgrade:verified-benefit,signal:hasFact,signal:signed
УО	ВСЕ	610	637	Оказание услуг по диспетчеризации и техническому обслуживанию приборов учета тепловой энер	15.5	15.5	3	epgrade:verified-benefit,signal:hasFact,signal:signed
УО	ВСЕ	611	638	Мониторинг состояния средств автоматической пожарной сигнализации и вывод сигналов "Пожар"	36	36	3	epgrade:verified-benefit,signal:hasFact,signal:signed
УО	ВСЕ	612	639	Оказание услуг по техническому обслуживанию систем обеспечения пожарной безопасности здани	43.2	43.2	3	epgrade:verified-benefit,signal:hasFact,signal:signed
УО	ВСЕ	613	640	Экстренный выезд наряда вневедомственной охраны по сигналу о срабатывании средств тревожно	148.92	148.92	3	epgrade:verified-benefit,signal:hasFact,signal:signed
УО	ВСЕ	614	641	Интернет	29.62	29.62	3	epgrade:verified-benefit,signal:hasFact,signal:signed
УО	ВСЕ	615	642	Связь	10.13	10.13	3	epgrade:verified-benefit,signal:hasFact,signal:signed
УО	ВСЕ	616	643	Оказание услуг по вывозу и расчистке снега	51.1	51.1	3	epgrade:verified-benefit,signal:hasFact,signal:signed
УО	ВСЕ	617	644	Бытовая химия	48.24	48.24	3	epgrade:verified-benefit,signal:hasFact,signal:signed
УО	ВСЕ	618	645	Хозяйственные товары	8.59	8.59	3	epgrade:verified-benefit,signal:hasFact,signal:signed
УО	ВСЕ	619	646	Техническое обслуживание системы охранного телевидения (системы видеонаблюдения)	88	88	3	epgrade:verified-benefit,signal:hasFact,signal:signed
УО	ВСЕ	620	647	Техническое обслуживание систем приточно-вытяжной системы вентиляции	80	80	3	epgrade:verified-benefit,signal:hasFact,signal:signed
УО	ВСЕ	621	648	Услуга по очистке и вывозу снега	202.2	202.2	3	epgrade:verified-benefit,signal:hasFact,signal:signed
УО	ВСЕ	622	649	Обслуживание технических средств охраны (оповещение)	50.4	50.4	3	epgrade:verified-benefit,signal:hasFact,signal:signed
УО	ВСЕ	623	650	Обслуживание технических средств охраны (ТО ТСО)	89.06	89.06	3	epgrade:verified-benefit,signal:hasFact,signal:signed
УО	ВСЕ	624	651	Медицинский осмотр	345.3	345.3	3	epgrade:verified-benefit,signal:hasFact,signal:signed
УО	ВСЕ	625	652	Гигиеническое обучение	112.8	112.8	3	epgrade:verified-benefit,signal:hasFact,signal:signed
УО	ВСЕ	626	653	Канцтовары для обучения	50	50	3	epgrade:verified-benefit,signal:hasFact,signal:signed
УО	ВСЕ	627	654	Обслуживание лифта	132.3	132.3	3	epgrade:verified-benefit,signal:hasFact,signal:signed
УО	ВСЕ	628	655	ТО видеонаблюдения	102	102	3	epgrade:verified-benefit,signal:hasFact,signal:signed
УО	ВСЕ	629	656	Обслуживание УУТЭ	44.5	44.5	3	epgrade:verified-benefit,signal:hasFact,signal:signed
УО	ВСЕ	630	657	ТО тревожной кнопки	50.3	50.3	3	epgrade:verified-benefit,signal:hasFact,signal:signed
УО	ВСЕ	631	658	Охрана здания	148.9	148.9	3	epgrade:verified-benefit,signal:hasFact,signal:signed
УО	ВСЕ	632	659	Обслуживание вентиляции	180	180	3	epgrade:verified-benefit,signal:hasFact,signal:signed
УО	ВСЕ	633	660	Производственный контроль	120	120	3	epgrade:verified-benefit,signal:hasFact,signal:signed
УО	ВСЕ	634	661	ТО АПС	36	36	3	epgrade:verified-benefit,signal:hasFact,signal:signed
УО	ВСЕ	635	662	ТО противопожарных дверей	22	22	3	epgrade:verified-benefit,signal:hasFact,signal:signed
УО	ВСЕ	636	663	ТО системы ПС	30	30	3	epgrade:verified-benefit,signal:hasFact,signal:signed
УО	ВСЕ	637	664	ТО огнетушителей	39.55	39.55	3	epgrade:verified-benefit,signal:hasFact,signal:signed
УО	ВСЕ	638	665	Вывоз снега	240	240	3	epgrade:verified-benefit,signal:hasFact,signal:signed
УО	ВСЕ	639	666	Аварийные работы	9.5	9.5	3	epgrade:verified-benefit,signal:hasFact,signal:signed
УО	ВСЕ	640	667	Аварийные работы	11.8	11.8	3	epgrade:verified-benefit,signal:hasFact,signal:signed
УО	ВСЕ	641	668	Аварийные работы	49.7	49.7	3	epgrade:verified-benefit,signal:hasFact,signal:signed
УО	ВСЕ	642	669	Аварийные работы	24	24	3	epgrade:verified-benefit,signal:hasFact,signal:signed
УО	ВСЕ	643	670	Вывоз ТБО	153	153	3	epgrade:verified-benefit,signal:hasFact,signal:signed
УО	ВСЕ	644	671	Услуги связи	102	102	3	epgrade:verified-benefit,signal:hasFact,signal:signed
УО	ВСЕ	645	672	ХВС и водоотведение	312.9	312.9	3	epgrade:verified-benefit,signal:hasFact,signal:signed
УО	ВСЕ	646	673	Электричество	3458	3458	3	epgrade:lawful-exclusive,signal:hasFact,signal:signed
УО	ВСЕ	647	674	Тепло	2000	2000	3	epgrade:lawful-exclusive,signal:hasFact,signal:signed
УО	ВСЕ	648	675	Продукты питания	169.2	169.2	3	epgrade:verified-benefit,signal:hasFact,signal:signed
УО	ВСЕ	649	676	Продукты питания	42.8	42.8	3	epgrade:verified-benefit,signal:hasFact,signal:signed
УО	ВСЕ	650	677	Продукты питания	250	250	3	epgrade:verified-benefit,signal:hasFact,signal:signed
УО	ВСЕ	651	678	Продукты питания	150	150	3	epgrade:verified-benefit,signal:hasFact,signal:signed
УО	ВСЕ	652	679	Продукты питания	65	65	3	epgrade:verified-benefit,signal:hasFact,signal:signed
УО	ВСЕ	653	680	Продукты питания	450	450	3	epgrade:verified-benefit,signal:hasFact,signal:signed
УО	ВСЕ	654	681	Продукты питания	129.7	129.7	3	epgrade:verified-benefit,signal:hasFact,signal:signed
УО	ВСЕ	655	682	Продукты питания	47.5	47.5	3	epgrade:verified-benefit,signal:hasFact,signal:signed
УО	ВСЕ	656	683	Продукты питания	88.9	88.9	3	epgrade:verified-benefit,signal:hasFact,signal:signed
УО	ВСЕ	657	684	Продукты питания	650	650	4	epgrade:verified-benefit,signal:epRisk,signal:hasFact,signal:signed
УО	ВСЕ	658	685	Продукты питания	7.2	7.2	3	epgrade:verified-benefit,signal:hasFact,signal:signed
УО	ВСЕ	659	686	Продукты питания	350	350	3	epgrade:verified-benefit,signal:hasFact,signal:signed
УО	ВСЕ	660	687	Продукты питания	200	200	3	epgrade:verified-benefit,signal:hasFact,signal:signed
УО	ВСЕ	661	688	Продукты питания	110	110	3	epgrade:verified-benefit,signal:hasFact,signal:signed
УО	ВСЕ	662	689	Продукты питания	20	20	3	epgrade:verified-benefit,signal:hasFact,signal:signed
УО	ВСЕ	663	690	Продукты питания	169.2	169.2	3	epgrade:verified-benefit,signal:hasFact,signal:signed
УО	ВСЕ	664	691	Охрана труда	233.6	233.6	3	epgrade:verified-benefit,signal:hasFact,signal:signed
УО	ВСЕ	665	699	Творог	321.75	321.75	4	epgrade:unfounded,signal:hasFact,signal:methodReasonMismatch,signal:signed
УО	ВСЕ	666	700	Вывоз снега	500	500	3	epgrade:verified-benefit,signal:hasFact,signal:signed
УО	ВСЕ	667	701	Поставка продуктов питания	300	300	3	epgrade:verified-benefit,signal:hasFact,signal:signed
УО	ВСЕ	668	702	Поставка продуктов питания	300	300	3	epgrade:verified-benefit,signal:hasFact,signal:signed
УО	ВСЕ	669	703	Поставка продуктов питания	200	200	3	epgrade:verified-benefit,signal:hasFact,signal:signed
УО	ВСЕ	670	704	Поставка продуктов питания	250	250	3	epgrade:verified-benefit,signal:hasFact,signal:signed
УО	ВСЕ	671	705	Поставка продуктов питания	200	200	3	epgrade:verified-benefit,signal:hasFact,signal:signed
УО	ВСЕ	672	706	Поставка продуктов питания	600	600	3	epgrade:verified-benefit,signal:hasFact,signal:signed
УО	ВСЕ	673	708	Поставка продуктов питания	143	143	3	epgrade:verified-benefit,signal:hasFact,signal:signed
УО	ВСЕ	674	709	Поставка продуктов питания	200	200	3	epgrade:verified-benefit,signal:hasFact,signal:signed
УО	ВСЕ	675	710	Поставка продуктов питания	200	200	3	epgrade:verified-benefit,signal:hasFact,signal:signed
УО	ВСЕ	676	711	Поставка продуктов питания	100	100	3	epgrade:verified-benefit,signal:hasFact,signal:signed
УО	ВСЕ	677	712	Поставка продуктов питания	108	108	3	epgrade:verified-benefit,signal:hasFact,signal:signed
УО	ВСЕ	678	713	Поставка продуктов питания	259.2	259.2	3	epgrade:verified-benefit,signal:hasFact,signal:signed
УО	ВСЕ	679	714	оказание услуг по охране имущества	148.92	148.92	3	epgrade:verified-benefit,signal:hasFact,signal:signed
УО	ВСЕ	680	715	оказание услуг по тех обслуживание систем обеспечения пожарной безопасности зданий и соору	30	30	3	epgrade:verified-benefit,signal:hasFact,signal:signed
УО	ВСЕ	681	716	Техническое обслуживание ТСО	30.78	30.78	3	epgrade:verified-benefit,signal:hasFact,signal:signed
УО	ВСЕ	682	717	Оказание услуг по диспетчеризации и техническому обслуживанию приборов учета тепловой энер	54	54	3	epgrade:verified-benefit,signal:hasFact,signal:signed
УО	ВСЕ	683	718	Оказание услуг по ремонту холодильного шкафа	31	31	3	epgrade:verified-benefit,signal:hasFact,signal:signed
УО	ВСЕ	684	719	Поставка доводчика и водонагревателя	34.13	34.13	3	epgrade:verified-benefit,signal:hasFact,signal:signed
УО	ВСЕ	685	720	Услуги по расчистке снега на крыше	36	36	3	epgrade:verified-benefit,signal:hasFact,signal:signed
УО	ВСЕ	686	721	Противопожарные мероприятия	79.6	79.6	3	epgrade:verified-benefit,signal:hasFact,signal:signed
УО	ВСЕ	687	722	Аварийно-ремонтные работы	152	152	3	epgrade:verified-benefit,signal:hasFact,signal:signed
УО	ВСЕ	688	723	Оказание услуг по расчистке и вывозу снега	27	27	3	epgrade:verified-benefit,signal:hasFact,signal:signed
УО	ВСЕ	689	724	Оказание услуг технического обслуживания и ремонт оргтехники и заправки картриджей	50	50	3	epgrade:verified-benefit,signal:hasFact,signal:signed
УО	ВСЕ	690	726	масло сливочное	555	555	3	epgrade:lawful-exclusive,signal:hasFact,signal:signed
УО	ВСЕ	691	728	сыр	485.63	485.63	3	epgrade:lawful-exclusive,signal:hasFact,signal:signed
УО	ВСЕ	692	729	творог	512.36	512.36	3	epgrade:lawful-exclusive,signal:hasFact,signal:signed
УО	ВСЕ	693	730	поставка яиц столовых	132	132	3	epgrade:verified-benefit,signal:hasFact,signal:signed
УО	ВСЕ	694	731	фрукты	345.8	345.8	3	epgrade:verified-benefit,signal:hasFact,signal:signed
УО	ВСЕ	695	732	бакалея	427.23	427.23	3	epgrade:verified-benefit,signal:hasFact,signal:signed
УО	ВСЕ	696	733	куры охлажденные	216	216	3	epgrade:verified-benefit,signal:hasFact,signal:signed
УО	ВСЕ	697	734	программное обеспечение	3.6	3.6	3	epgrade:verified-benefit,signal:hasFact,signal:signed
УО	ВСЕ	698	735	обеспечение функционирования и поддержки работоспособности сетей передачи данных	60	60	3	epgrade:verified-benefit,signal:hasFact,signal:signed
УО	ВСЕ	699	736	мониторинг ИТП	57.6	57.6	3	epgrade:verified-benefit,signal:hasFact,signal:signed
УО	ВСЕ	700	737	поставка хлеба,хлебобулочных	596.28	596.28	4	epgrade:verified-benefit,hygiene:G:missing_space_after_punct,signal:hasFact,signal:signed
УО	ВСЕ	701	738	расчистка снега	200	200	3	epgrade:verified-benefit,signal:hasFact,signal:signed
УО	ВСЕ	702	739	поставка масла сливочного	907	907	4	epgrade:lawful-exclusive,signal:epRisk,signal:hasFact,signal:signed
УО	ВСЕ	703	740	поставка творога	786.5	786.5	4	epgrade:lawful-exclusive,signal:epRisk,signal:hasFact,signal:signed
УО	ВСЕ	704	741	поставка сыра полутвердого	220	220	3	epgrade:lawful-exclusive,signal:hasFact,signal:signed
УО	ВСЕ	705	742	Поставка продуктов питания	200	200	3	epgrade:verified-benefit,signal:hasFact,signal:signed
УО	ВСЕ	706	743	Поставка продуктов питания	250	250	3	epgrade:verified-benefit,signal:hasFact,signal:signed
УО	ВСЕ	707	744	Поставка продуктов питания	200	200	3	epgrade:verified-benefit,signal:hasFact,signal:signed
УО	ВСЕ	708	746	Поставка продуктов питания	600	600	3	epgrade:verified-benefit,signal:hasFact,signal:signed
УО	ВСЕ	709	747	Поставка продуктов питания	143	143	3	epgrade:verified-benefit,signal:hasFact,signal:signed
УО	ВСЕ	710	748	Поставка продуктов питания	200	200	3	epgrade:verified-benefit,signal:hasFact,signal:signed
УО	ВСЕ	711	749	Поставка продуктов питания	200	200	3	epgrade:verified-benefit,signal:hasFact,signal:signed
УО	ВСЕ	712	750	Поставка продуктов питания	100	100	3	epgrade:verified-benefit,signal:hasFact,signal:signed
УО	ВСЕ	713	751	Поставка продуктов питания	108	108	3	epgrade:verified-benefit,signal:hasFact,signal:signed
УО	ВСЕ	714	752	Поставка продуктов питания	259.2	259.2	3	epgrade:verified-benefit,signal:hasFact,signal:signed
УО	ВСЕ	715	753	оказание услуг по охране имущества	148.92	148.92	3	epgrade:verified-benefit,signal:hasFact,signal:signed
УО	ВСЕ	716	754	оказание услуг по тех обслуживание систем обеспечения пожарной безопасности зданий и соору	30	30	3	epgrade:verified-benefit,signal:hasFact,signal:signed
УО	ВСЕ	717	755	Техническое обслуживание ТСО	30.78	30.78	3	epgrade:verified-benefit,signal:hasFact,signal:signed
УО	ВСЕ	718	756	Оказание услуг по диспетчеризации и техническому обслуживанию приборов учета тепловой энер	45	45	3	epgrade:verified-benefit,signal:hasFact,signal:signed
УО	ВСЕ	719	757	Элементы питания для радиоканальных пожарных извещателей	49	49	3	epgrade:verified-benefit,signal:hasFact,signal:signed
УО	ВСЕ	720	758	Оказание услуг по ремонту электроплиты 	14.2	14.2	5	epgrade:verified-benefit,hygiene:G:edge_space,hygiene:G:invisible_char,signal:hasFact,signal:signed
УО	ВСЕ	721	759	Оказание услуг по ремонту водонагревателя	10	10	3	epgrade:verified-benefit,signal:hasFact,signal:signed
УО	ВСЕ	722	760	Поставка сантехники	16.3	16.3	3	epgrade:verified-benefit,signal:hasFact,signal:signed
УО	ВСЕ	723	761	Поставка хозтоваров	23.52	23.52	3	epgrade:verified-benefit,signal:hasFact,signal:signed
УО	ВСЕ	724	762	Поставка водонагревателей	31.5	31.5	3	epgrade:verified-benefit,signal:hasFact,signal:signed
УО	ВСЕ	725	763	Оказание услуг по сопровождению программы Контур.Экстерн	3.6	3.6	3	epgrade:verified-benefit,signal:hasFact,signal:signed
УО	ВСЕ	726	764	Оказание услуг по представлению доступа в Интернет	123.48	123.48	3	epgrade:verified-benefit,signal:hasFact,signal:signed
УО	ВСЕ	727	765	Оказание услуг по расчистке и вывозу снега	40	40	3	epgrade:verified-benefit,signal:hasFact,signal:signed
УО	ВСЕ	728	766	Оказание услуг технического обслуживания и ремонт оргтехники и заправки картриджей	50	50	3	epgrade:verified-benefit,signal:hasFact,signal:signed
УО	ВСЕ	729	767	Оказание услуг по предрейсовому и послерейсовому  медицинскому освидетельствованию   водит	46.86	46.86	4	epgrade:verified-benefit,hygiene:G:invisible_char,signal:hasFact,signal:signed
УО	ВСЕ	730	768	Выполнение  аварийно-ремонтных работ	100	100	4	epgrade:verified-benefit,hygiene:G:invisible_char,signal:hasFact,signal:signed
УО	ВСЕ	731	769	Оказание услуг по техническому обслуживанию узла погодного регулирования	62	62	3	epgrade:verified-benefit,signal:hasFact,signal:signed
УО	ВСЕ	732	770	Мойка автомобиля 	48	48	5	epgrade:verified-benefit,hygiene:G:edge_space,hygiene:G:invisible_char,signal:hasFact,signal:signed
УО	ВСЕ	733	771	Дез.обработка автомобиля	21.6	21.6	3	epgrade:verified-benefit,signal:hasFact,signal:signed
УО	ВСЕ	734	772	Ремонт холодильника	29.69	29.69	3	epgrade:verified-benefit,signal:hasFact,signal:signed
УО	ВСЕ	735	773	Ремонт плиты	9.492	9.492	3	epgrade:verified-benefit,signal:hasFact,signal:signed
УО	ВСЕ	736	774	Охрана (кнопка)	372.3	372.3	3	epgrade:verified-benefit,signal:hasFact,signal:signed
УО	ВСЕ	737	775	Уборка снега	169	169	3	epgrade:verified-benefit,signal:hasFact,signal:signed
УО	ВСЕ	738	776	Вывоз снега	200	200	3	epgrade:verified-benefit,signal:hasFact,signal:signed
УО	ВСЕ	739	777	Обслуживание вентиляционного оборудования	4.8	4.8	3	epgrade:verified-benefit,signal:hasFact,signal:signed
УО	ВСЕ	740	778	Обновление ПО Вижен Софт	10	10	3	epgrade:verified-benefit,signal:hasFact,signal:signed
УО	ВСЕ	741	779	Ремонт видеонаблюдения	12.9	12.9	3	epgrade:verified-benefit,signal:hasFact,signal:signed
УО	ВСЕ	742	780	Обслуживание технических средств охраны	64.32	64.32	3	epgrade:verified-benefit,signal:hasFact,signal:signed
УО	ВСЕ	743	781	Мониторинг АПС	60	60	3	epgrade:verified-benefit,signal:hasFact,signal:signed
УО	ВСЕ	744	783	масло сливочное	555	555	3	epgrade:lawful-exclusive,signal:hasFact,signal:signed
УО	ВСЕ	745	785	сыр	485.63	485.63	3	epgrade:lawful-exclusive,signal:hasFact,signal:signed
УО	ВСЕ	746	786	творог	512.36	512.36	3	epgrade:lawful-exclusive,signal:hasFact,signal:signed
УО	ВСЕ	747	787	поставка яиц столовых	132	132	3	epgrade:verified-benefit,signal:hasFact,signal:signed
УО	ВСЕ	748	788	бакалея	427.23	427.23	3	epgrade:verified-benefit,signal:hasFact,signal:signed
УО	ВСЕ	749	789	овощи корнеплодные	513.8	513.8	3	epgrade:verified-benefit,signal:hasFact,signal:signed
УО	ВСЕ	750	790	куры охлажденные	216	216	3	epgrade:verified-benefit,signal:hasFact,signal:signed
УО	ВСЕ	751	791	программное обеспечение	3.6	3.6	3	epgrade:verified-benefit,signal:hasFact,signal:signed
УО	ВСЕ	752	792	обеспечение функционирования и поддержки работоспособности сетей передачи данных	60	60	3	epgrade:verified-benefit,signal:hasFact,signal:signed
УО	ВСЕ	753	793	мониторинг ИТП	57.6	57.6	3	epgrade:verified-benefit,signal:hasFact,signal:signed
УО	ВСЕ	754	794	поставка хлеба,хлебобулочных	596.28	596.28	4	epgrade:verified-benefit,hygiene:G:missing_space_after_punct,signal:hasFact,signal:signed
УО	ВСЕ	755	795	расчистка снега	200	200	3	epgrade:verified-benefit,signal:hasFact,signal:signed
УО	ВСЕ	756	796	обслуживание пожарных дверей	11.44	11.44	3	epgrade:verified-benefit,signal:hasFact,signal:signed
УО	ВСЕ	757	797	расчистка территории от снега	20	20	3	epgrade:verified-benefit,signal:hasFact,signal:signed
УО	ВСЕ	758	798	Вывоз снега	200	200	3	epgrade:verified-benefit,signal:hasFact,signal:signed
УО	ВСЕ	759	799	дератизация	32.2	32.2	3	epgrade:verified-benefit,signal:hasFact,signal:signed
УО	ВСЕ	760	800	Обслуживание технических средств охраны	30.78	30.78	3	epgrade:verified-benefit,signal:hasFact,signal:signed
УО	ВСЕ	761	801	Оказание услуг по диспетчеризации и техническому обслуживанию приборов учета тепловой энер	66	66	3	epgrade:verified-benefit,signal:hasFact,signal:signed
УО	ВСЕ	762	802	обслуживание технических средств охраны (кнопка ТСО)	37.26	37.26	3	epgrade:verified-benefit,signal:hasFact,signal:signed
УО	ВСЕ	763	803	ТО приборов УТЭ и УПР	75.9	75.9	3	epgrade:verified-benefit,signal:hasFact,signal:signed
УО	ВСЕ	764	805	ТКО	143.22	143.22	3	epgrade:lawful-exclusive,signal:hasFact,signal:signed
УО	ВСЕ	765	806	Тепло	2772.57	2772.57	3	epgrade:lawful-exclusive,signal:hasFact,signal:signed
УО	ВСЕ	766	807	Свет	1620.22	1620.22	3	epgrade:lawful-exclusive,signal:hasFact,signal:signed
УО	ВСЕ	767	808	Водоснабжение	211.17	211.17	3	epgrade:verified-benefit,signal:hasFact,signal:signed
УО	ВСЕ	768	809	Обследование вентиляции	5	5	3	epgrade:verified-benefit,signal:hasFact,signal:signed
УО	ВСЕ	769	811	ТО средств охраны	32.16	32.16	3	epgrade:verified-benefit,signal:hasFact,signal:signed
УО	ВСЕ	770	812	Дератизация	25.1	25.1	3	epgrade:verified-benefit,signal:hasFact,signal:signed
УО	ВСЕ	771	813	ТО прибор учета	45	45	3	epgrade:verified-benefit,signal:hasFact,signal:signed
УО	ВСЕ	772	814	Охрана	148.92	148.92	3	epgrade:verified-benefit,signal:hasFact,signal:signed
УО	ВСЕ	773	815	ТО видео	62.64	62.64	3	epgrade:verified-benefit,signal:hasFact,signal:signed
УО	ВСЕ	774	816	Аварийная работа	120	120	3	epgrade:verified-benefit,signal:hasFact,signal:signed
УО	ВСЕ	775	817	рулонные шторы 	78	78	5	epgrade:verified-benefit,hygiene:G:edge_space,hygiene:G:invisible_char,signal:hasFact,signal:signed
УО	ВСЕ	776	818	СПС и СОУЭ	16	16	3	epgrade:verified-benefit,signal:hasFact,signal:signed
УО	ВСЕ	777	819	ТО сети передач	30	30	3	epgrade:verified-benefit,signal:hasFact,signal:signed
УО	ВСЕ	778	820	Связь	142	142	3	epgrade:verified-benefit,signal:hasFact,signal:signed
УО	ВСЕ	779	821	ТО Двери	10	10	3	epgrade:verified-benefit,signal:hasFact,signal:signed
УО	ВСЕ	780	822	Расчистка снега	24	24	3	epgrade:verified-benefit,signal:hasFact,signal:signed
УО	ВСЕ	781	823	Расчистка кровли	50	50	3	epgrade:verified-benefit,signal:hasFact,signal:signed
УО	ВСЕ	782	824	Малые формы	345	345	3	epgrade:verified-benefit,signal:hasFact,signal:signed
УО	ВСЕ	783	829	Масло сливочное	673.2	673.2	4	epgrade:lawful-exclusive,signal:epRisk,signal:hasFact,signal:signed
УО	ВСЕ	784	832	Сыр полутвердый	133.2	133.2	3	epgrade:lawful-exclusive,signal:hasFact,signal:signed
УО	ВСЕ	785	833	«Яйца куриные»	95.04	95.04	3	epgrade:verified-benefit,signal:hasFact,signal:signed
УО	ВСЕ	786	834	«Филе куриного охлажденного»	33.28	33.28	3	epgrade:verified-benefit,signal:hasFact,signal:signed
УО	ВСЕ	787	835	 «Птицы охлажденной»	100.8	100.8	5	epgrade:verified-benefit,hygiene:G:edge_space,hygiene:G:invisible_char,signal:hasFact,signal:signed
УО	ВСЕ	788	836	«Хлеба недлительного хранения, кондитерских изделий»	221.06	221.06	3	epgrade:verified-benefit,signal:hasFact,signal:signed
УО	ВСЕ	789	837	 «Овощей свежих клубнеплодных и корнеплодных очищенных в вакууме»	535.4	535.4	5	epgrade:verified-benefit,hygiene:G:edge_space,hygiene:G:invisible_char,signal:hasFact,signal:signed
УО	ВСЕ	790	838	 «Продуктов питания»	457.05	457.05	5	epgrade:verified-benefit,hygiene:G:edge_space,hygiene:G:invisible_char,signal:hasFact,signal:signed
УО	ВСЕ	791	839	 «Продуктов питания»	219.39	219.39	5	epgrade:verified-benefit,hygiene:G:edge_space,hygiene:G:invisible_char,signal:hasFact,signal:signed
УО	ВСЕ	792	840	«Печени говяжьей замороженной»	196	196	3	epgrade:verified-benefit,signal:hasFact,signal:signed
УО	ВСЕ	793	842	масло сливочное	1204.5	1204.5	4	epgrade:lawful-exclusive,signal:epRisk,signal:hasFact,signal:signed
УО	ВСЕ	794	843	творог	893.75	893.75	4	epgrade:lawful-exclusive,signal:epRisk,signal:hasFact,signal:signed
УО	ВСЕ	795	844	Продукция мукомольно-крупяного производства	599.35	599.35	3	epgrade:verified-benefit,signal:hasFact,signal:signed
УО	ВСЕ	796	845	Продукты питания	599.78	599.78	3	epgrade:verified-benefit,signal:hasFact,signal:signed
УО	ВСЕ	797	846	Вода питьевая	138.51	138.51	3	epgrade:verified-benefit,signal:hasFact,signal:signed
УО	ВСЕ	798	847	Обслуживание технических средств охраны	30.78	30.78	3	epgrade:verified-benefit,signal:hasFact,signal:signed
УО	ВСЕ	799	848	Оказание услуг по диспетчеризации и техническому обслуживанию приборов учета тепловой энер	66	66	3	epgrade:verified-benefit,signal:hasFact,signal:signed
УО	ВСЕ	800	849	Овощи корнеплодные и клубнеплодные	533.49	533.49	3	epgrade:verified-benefit,signal:hasFact,signal:signed
УО	ВСЕ	801	850	Хлеб недлительного хранения	436.9	436.9	3	epgrade:verified-benefit,signal:hasFact,signal:signed
УО	ВСЕ	802	851	Яйцо куриное	206.4	206.4	3	epgrade:verified-benefit,signal:hasFact,signal:signed
УО	ВСЕ	803	852	Овощи свежие	192.83	192.83	3	epgrade:verified-benefit,signal:hasFact,signal:signed
УО	ВСЕ	804	853	Продукция из молока	394	394	3	epgrade:verified-benefit,signal:hasFact,signal:signed
УО	ВСЕ	805	854	Кальмар	100.3	100.3	3	epgrade:verified-benefit,signal:hasFact,signal:signed
УО	ВСЕ	806	855	Филе куриное	60.5	60.5	3	epgrade:verified-benefit,signal:hasFact,signal:signed
УО	ВСЕ	807	856	Куры	234	234	3	epgrade:verified-benefit,signal:hasFact,signal:signed
УО	ВСЕ	808	857	Выполнение  аварийно-ремонтных работ	125	125	4	epgrade:verified-benefit,hygiene:G:invisible_char,signal:hasFact,signal:signed
УО	ВСЕ	809	858	Оказание услуг по техническому обслуживанию узла погодного регулирования	54	54	3	epgrade:verified-benefit,signal:hasFact,signal:signed
УО	ВСЕ	810	859	Услуги видеонаблюдения	26	26	3	epgrade:verified-benefit,signal:hasFact,signal:signed
УО	ВСЕ	811	860	Уборка снега	35.5	35.5	3	epgrade:verified-benefit,signal:hasFact,signal:signed
УО	ВСЕ	812	861	СПС и СОУЭ	13.5	13.5	3	epgrade:verified-benefit,signal:hasFact,signal:signed
УО	ВСЕ	813	862	ТО противопожарных дверей	9	9	3	epgrade:verified-benefit,signal:hasFact,signal:signed
УО	ВСЕ	814	863	Мониторинг АПС	7.5	7.5	3	epgrade:verified-benefit,signal:hasFact,signal:signed
УО	ВСЕ	815	864	Поставка и установка противопожарной двери 	80	80	5	epgrade:verified-benefit,hygiene:G:edge_space,hygiene:G:invisible_char,signal:hasFact,signal:signed
УО	ВСЕ	816	865	Оказание услуг по расчету категорий пожарной опасности помещения	8	8	3	epgrade:verified-benefit,signal:hasFact,signal:signed
УО	ВСЕ	817	866	Поставка бахил	6	6	3	epgrade:verified-benefit,signal:hasFact,signal:signed
УО	ВСЕ	818	867	Испытание внутреннего противопожарного водопровода, испытание пожарного рукава, техническо	9	9	3	epgrade:verified-benefit,signal:hasFact,signal:signed
УО	ВСЕ	819	868	Жалюзи	17	17	3	epgrade:verified-benefit,signal:hasFact,signal:signed
УО	ВСЕ	820	869	Вывоз снега	70	70	3	epgrade:verified-benefit,signal:hasFact,signal:signed
УО	ВСЕ	821	870	Поставка огнетушителей	4.92	4.92	3	epgrade:verified-benefit,signal:hasFact,signal:signed
УО	ВСЕ	822	871	оказание услуг по испытанию наружной стационарной пожарной лестницы	14	14	3	epgrade:verified-benefit,signal:hasFact,signal:signed
УО	ВСЕ	823	872	масло сливочное	1462	1462	4	epgrade:lawful-exclusive,signal:epRisk,signal:hasFact,signal:signed
УО	ВСЕ	824	874	поставка печени	704.74	704.74	4	epgrade:lawful-exclusive,signal:epRisk,signal:hasFact,signal:signed
УО	ВСЕ	825	876	Сыры полутвердые	289.57	289.57	3	epgrade:lawful-exclusive,signal:hasFact,signal:signed
УО	ВСЕ	826	877	продукты питания	515.75	515.75	3	epgrade:verified-benefit,signal:hasFact,signal:signed
УО	ВСЕ	827	878	яйцо	345	345	3	epgrade:verified-benefit,signal:hasFact,signal:signed
УО	ВСЕ	828	879	куры охлажденные	200	200	3	epgrade:verified-benefit,signal:hasFact,signal:signed
УО	ВСЕ	829	880	продукты питания	208	208	3	epgrade:verified-benefit,signal:hasFact,signal:signed
УО	ВСЕ	830	881	Хлеб, батон, хлебобулочные изделия	600	600	3	epgrade:verified-benefit,signal:hasFact,signal:signed
УО	ВСЕ	831	883	филе куриное охлажденное	475.9	475.9	3	epgrade:verified-benefit,signal:hasFact,signal:signed
УО	ВСЕ	832	884	Творог	2212.8	2212.8	4	epgrade:lawful-exclusive,signal:epRisk,signal:hasFact,signal:signed
УО	ВСЕ	833	886	Хлеб и хдебобулочные изделия	600	600	3	epgrade:lawful-exclusive,signal:hasFact,signal:signed
УО	ВСЕ	834	887	фрукты	550	550	3	epgrade:verified-benefit,signal:hasFact,signal:signed
УО	ВСЕ	835	888	полуфабрикаты	600	600	3	epgrade:verified-benefit,signal:hasFact,signal:signed
УО	ВСЕ	836	889	сок овощной	0.72	0.72	3	epgrade:verified-benefit,signal:hasFact,signal:signed
УО	ВСЕ	837	890	сок фруктовый	600	600	3	epgrade:verified-benefit,signal:hasFact,signal:signed
УО	ВСЕ	838	891	программа энергосбережения	589	589	3	epgrade:verified-benefit,signal:hasFact,signal:signed
УО	ВСЕ	839	892	Осаго	16	16	3	epgrade:verified-benefit,signal:hasFact,signal:signed
УО	ВСЕ	840	893	Бензин 	10.58	10.58	5	epgrade:verified-benefit,hygiene:G:edge_space,hygiene:G:invisible_char,signal:hasFact,signal:signed
УО	ВСЕ	841	894	Акарицидная обработка 	65	65	5	epgrade:verified-benefit,hygiene:G:edge_space,hygiene:G:invisible_char,signal:hasFact,signal:signed
УО	ВСЕ	842	895	ремонт автомобиля 	3	3	5	epgrade:verified-benefit,hygiene:G:edge_space,hygiene:G:invisible_char,signal:hasFact,signal:signed
УО	ВСЕ	843	896	расчистка территории от снега	106.5	106.5	3	epgrade:verified-benefit,signal:hasFact,signal:signed
УО	ВСЕ	844	897	поставка сантехнических изделий (смесители и т. д.)	34.81	34.81	4	epgrade:verified-benefit,hygiene:G:invisible_char,signal:hasFact,signal:signed
УО	ВСЕ	845	898	обследование и дератизация	52.82	52.82	3	epgrade:verified-benefit,signal:hasFact,signal:signed
УО	ВСЕ	846	899	охрана объекта	148.92	148.92	3	epgrade:verified-benefit,signal:hasFact,signal:signed
УО	ВСЕ	847	900	Оказание услуг по техническому обслуживанию систем (средств, установок по обеспечению функ	30	30	3	epgrade:verified-benefit,signal:hasFact,signal:signed
УО	ВСЕ	848	901	обслуживание технических средств охраны	32.16	32.16	3	epgrade:verified-benefit,signal:hasFact,signal:signed
УО	ВСЕ	849	902	Оказание услуг по техническому обслуживанию систем видеонаблюдения, охранной сигнализации	55.87	55.87	3	epgrade:verified-benefit,signal:hasFact,signal:signed
УО	ВСЕ	850	903	Оказание услуг по диспетчеризации и техническому обслуживанию приборов учета тепловой энер	49.5	49.5	3	epgrade:verified-benefit,signal:hasFact,signal:signed
УО	ВСЕ	851	904	Электрозамеры	29	29	3	epgrade:verified-benefit,signal:hasFact,signal:signed
УО	ВСЕ	852	905	яйцо куриное	203.71	203.71	3	epgrade:verified-benefit,signal:hasFact,signal:signed
УО	ВСЕ	853	906	вода питьевая	81	81	3	epgrade:verified-benefit,signal:hasFact,signal:signed
УО	ВСЕ	854	907	мясо птицы	138.6	138.6	3	epgrade:verified-benefit,signal:hasFact,signal:signed
УО	ВСЕ	855	908	печень говяжья	192.5	192.5	3	epgrade:verified-benefit,signal:hasFact,signal:signed
УО	ВСЕ	856	909	кальмар, морская капуста	72.66	72.66	3	epgrade:verified-benefit,signal:hasFact,signal:signed
УО	ВСЕ	857	910	Капуста белокочанная Капуста квашенная Картофель Лук репчатый Морковь Перец сладкий Чеснок	431.13	431.13	5	epgrade:verified-benefit,hygiene:G:edge_space,hygiene:G:invisible_char,signal:hasFact,signal:signed
УО	ВСЕ	858	911	виноград сушеный (изюм) горошек консервированный джем Какао-порошок компот крахмал картофе	444.38	444.38	5	epgrade:verified-benefit,hygiene:G:edge_space,hygiene:G:invisible_char,signal:hasFact,signal:signed
УО	ВСЕ	859	912	сыр	114.78	114.78	3	epgrade:verified-benefit,signal:hasFact,signal:signed
УО	ВСЕ	860	913	Хлеб из пшеничной муки Хлеб из ржано-пшеничной муки Батон Булочка ванильная Булочка особая	300.32	300.32	5	epgrade:verified-benefit,hygiene:G:edge_space,hygiene:G:invisible_char,signal:hasFact,signal:signed
УО	ВСЕ	861	914	филе куриное	24.2	24.2	3	epgrade:verified-benefit,signal:hasFact,signal:signed
УО	ВСЕ	862	915	ванилин кофейный напиток крупа рисовая лимонная кислота макароны молоко сгущенное сахар со	118.37	118.37	5	epgrade:verified-benefit,hygiene:G:edge_space,hygiene:G:invisible_char,signal:hasFact,signal:signed
УО	ВСЕ	863	916	томаты, огурцы	155.52	155.52	3	epgrade:verified-benefit,signal:hasFact,signal:signed
УО	ВСЕ	864	917	масло сливочное	602.25	602.25	4	epgrade:lawful-exclusive,signal:epRisk,signal:hasFact,signal:signed
УО	ВСЕ	865	918	творог	502.65	502.65	3	epgrade:lawful-exclusive,signal:hasFact,signal:signed
УО	ВСЕ	866	921	местная телефонная связь услуги Интернет-провайдера внутризоновая телефонная связь междуго	108	108	5	epgrade:verified-benefit,hygiene:G:edge_space,hygiene:G:invisible_char,signal:hasFact,signal:signed
УО	ВСЕ	867	922	холодное водоснабжение и водоотведение	198.19	198.19	3	epgrade:verified-benefit,signal:hasFact,signal:signed
УО	ВСЕ	868	923	электроснабжение	1700.8	1700.8	3	epgrade:lawful-exclusive,signal:hasFact,signal:signed
УО	ВСЕ	869	924	Теплоснабжение и горячее водоснабжение при открытой и закрытой системах теплоснабжения	3490.11	3490.11	3	epgrade:lawful-exclusive,signal:hasFact,signal:signed
УО	ВСЕ	870	925	Оказание услуг по обращению с твердыми коммунальными отходами	143.22	143.22	3	epgrade:verified-benefit,signal:hasFact,signal:signed
УО	ВСЕ	871	926	Поставка "Напиток овсяный Nemoloko"	25.92	25.92	3	epgrade:verified-benefit,signal:hasFact,signal:signed
УО	ВСЕ	872	927	Поставка "Яйцо куриное"	149.76	149.76	4	epgrade:unfounded,signal:hasFact,signal:signed,signal:unmappedReasonEP
УО	ВСЕ	873	928	Поставка "Огурцы свежие"	82.8	82.8	3	epgrade:verified-benefit,signal:hasFact,signal:signed
УО	ВСЕ	874	929	Поставка " Продукты рыбные"	86	86	3	epgrade:verified-benefit,signal:hasFact,signal:signed
УО	ВСЕ	875	930	Поставка "Вода питьевая"	238.14	238.14	4	epgrade:unfounded,signal:hasFact,signal:signed,signal:unmappedReasonEP
УО	ВСЕ	876	931	Поставка "Мясо кур охлажденное"	165	165	4	epgrade:unfounded,signal:hasFact,signal:signed,signal:unmappedReasonEP
УО	ВСЕ	877	932	Поставка "Филе куриное охлажденное"	42.35	42.35	3	epgrade:verified-benefit,signal:hasFact,signal:signed
УО	ВСЕ	878	933	Поставка«Капусты квашеной» 	101.75	101.75	6	epgrade:unfounded,hygiene:G:edge_space,hygiene:G:invisible_char,signal:hasFact,signal:signed,signal:unmappedReasonEP
УО	ВСЕ	879	934	Поставка «Овощей свежих корнеплодных и клубнеплодных» 	575.37	575.37	6	epgrade:unfounded,hygiene:G:edge_space,hygiene:G:invisible_char,signal:hasFact,signal:signed,signal:unmappedReasonEP
УО	ВСЕ	880	935	Поставка "Масло растительное, рис"	112.54	112.54	4	epgrade:unfounded,signal:hasFact,signal:signed,signal:unmappedReasonEP
УО	ВСЕ	881	936	Поставка " Продукты мясные	195	195	4	epgrade:unfounded,signal:hasFact,signal:signed,signal:unmappedReasonEP
УО	ВСЕ	882	937	Поставка "Масло сливочное топленое"	5.1	5.1	3	epgrade:verified-benefit,signal:hasFact,signal:signed
УО	ВСЕ	883	938	Электроснабжение	2033.89	2033.89	3	epgrade:lawful-exclusive,signal:hasFact,signal:signed
УО	ВСЕ	884	939	Теплоснабжение	9637.13908	9637.13908	3	epgrade:lawful-exclusive,signal:hasFact,signal:signed
УО	ВСЕ	885	940	Поставка "Сок. Компот. Сахар"	392.7	392.7	4	epgrade:unfounded,signal:hasFact,signal:signed,signal:unmappedReasonEP
УО	ВСЕ	886	941	Поставка "Продуктов питания прочих"	521.73	521.73	4	epgrade:unfounded,signal:hasFact,signal:signed,signal:unmappedReasonEP
УО	ВСЕ	887	942	Поставка «Хлеба не длительного хранения»	285.79	285.79	4	epgrade:unfounded,signal:hasFact,signal:signed,signal:unmappedReasonEP
УО	ВСЕ	888	943	Аварийные работы	150	150	4	epgrade:unfounded,signal:hasFact,signal:signed,signal:unmappedReasonEP
УО	ВСЕ	889	944	Связь, интернет	105	105	4	epgrade:unfounded,signal:hasFact,signal:signed,signal:unmappedReasonEP
УО	ВСЕ	890	945	Вывоз ТБО	137.71	137.71	3	epgrade:verified-benefit,signal:hasFact,signal:signed
УО	ВСЕ	891	946	Подача ХВС и водоотведение	478.39	478.39	3	epgrade:verified-benefit,signal:hasFact,signal:signed
УО	ВСЕ	892	947	Техническое обслуживание теплосчетчика, УПР	54	54	3	epgrade:verified-benefit,signal:hasFact,signal:signed
УО	ВСЕ	893	948	Обслуживание технических средств видеонаблюдения	26.8	26.8	3	epgrade:verified-benefit,signal:hasFact,signal:signed
УО	ВСЕ	894	949	Дезинфекция учреждения	48.93	48.93	3	epgrade:verified-benefit,signal:hasFact,signal:signed
УО	ВСЕ	895	950	Расчистка территории	100	100	3	epgrade:verified-benefit,signal:hasFact,signal:signed
УО	ВСЕ	896	951	Поставка «Овощи  свежие»	141.59	141.59	5	epgrade:unfounded,hygiene:G:invisible_char,signal:hasFact,signal:signed,signal:unmappedReasonEP
УО	ВСЕ	897	952	Экстренный выезд наряда полиции	120.59	120.59	4	epgrade:unfounded,signal:hasFact,signal:signed,signal:unmappedReasonEP
УО	ВСЕ	898	953	Обслуживание кнопки экстренного вызова наряда полиции	144.63	144.63	4	epgrade:unfounded,signal:hasFact,signal:signed,signal:unmappedReasonEP
УО	ВСЕ	899	954	Обслуживание пожарной безопасности( Двери, АПС, Кнопка)	66.8	66.8	3	epgrade:verified-benefit,signal:hasFact,signal:signed
УО	ВСЕ	900	955	Заправка картриджей	107.1	107.1	3	epgrade:verified-benefit,signal:hasFact,signal:signed
УО	ВСЕ	901	956	Ремонт шнека	17.15	17.15	3	epgrade:verified-benefit,signal:hasFact,signal:signed
УО	ВСЕ	902	957	Покупка СИЗ	66.98	66.98	3	epgrade:verified-benefit,signal:hasFact,signal:signed
УО	ВСЕ	903	958	Ручная расчистка снега с крыши учреждения	56	56	3	epgrade:verified-benefit,signal:hasFact,signal:signed
УО	ВСЕ	904	959	Покупка моющих средств	24.34	24.34	3	epgrade:verified-benefit,signal:hasFact,signal:signed
УО	ВСЕ	905	960	Покупка соль техническая	0.52	0.52	3	epgrade:verified-benefit,signal:hasFact,signal:signed
УО	ВСЕ	906	961	Покупка клеёнка тканевая	7.98	7.98	3	epgrade:verified-benefit,signal:hasFact,signal:signed
УО	ВСЕ	907	962	Покупка хозтоваров	20.24	20.24	3	epgrade:verified-benefit,signal:hasFact,signal:signed
УО	ВСЕ	908	963	Расчистка территории	200	200	3	epgrade:verified-benefit,signal:hasFact,signal:signed
УО	ВСЕ	909	964	Учебные Расходы	90.05	90.05	3	epgrade:verified-benefit,signal:hasFact,signal:signed
УО	ВСЕ	910	965	Учебные Расходы	90.27	90.27	3	epgrade:verified-benefit,signal:hasFact,signal:signed
УО	ВСЕ	911	966	Учебные Расходы	30.89	30.89	3	epgrade:verified-benefit,signal:hasFact,signal:signed
УО	ВСЕ	912	967	Учебные Расходы	11.88	11.88	3	epgrade:verified-benefit,signal:hasFact,signal:signed
УО	ВСЕ	913	968	Вывоз снега	240	240	4	epgrade:unfounded,signal:hasFact,signal:signed,signal:unmappedReasonEP
УО	ВСЕ	914	969	Вывоз снега	160	160	4	epgrade:unfounded,signal:hasFact,signal:signed,signal:unmappedReasonEP
УО	ВСЕ	915	970	Покупка сантехники	14.67	14.67	3	epgrade:verified-benefit,signal:hasFact,signal:signed
УО	ВСЕ	916	971	Учебные Расходы	4.03	4.03	3	epgrade:verified-benefit,signal:hasFact,signal:signed
УО	ВСЕ	917	972	Учебные расходы	33.1	33.1	3	epgrade:verified-benefit,signal:hasFact,signal:signed
УО	ВСЕ	918	973	Учебные расходы	99	99	3	epgrade:verified-benefit,signal:hasFact,signal:signed
УО	ВСЕ	919	974	Ручная расчистка снега с крыши учреждения	27	27	3	epgrade:verified-benefit,signal:hasFact,signal:signed
УО	ВСЕ	920	975	Ручная расчистка снега с крыши учреждения	18	18	3	epgrade:verified-benefit,signal:hasFact,signal:signed
УО	ВСЕ	921	976	Поставка"Крупы"	12.38	12.38	3	epgrade:verified-benefit,signal:hasFact,signal:signed
УО	ВСЕ	922	977	Учебные расходы	99	99	3	epgrade:verified-benefit,signal:hasFact,signal:signed
УО	ВСЕ	923	978	Государственная экспертиза, 8%	60	60	3	epgrade:verified-benefit,signal:hasFact,signal:signed
УО	ВСЕ	924	979	поставка мяса охлажденного	236.27	236.27	3	epgrade:verified-benefit,signal:hasFact,signal:signed
УО	ВСЕ	925	980	поставка сыра полутвердого	116.55	116.55	3	epgrade:lawful-exclusive,signal:hasFact,signal:signed
УО	ВСЕ	926	981	поставка творога	429	429	3	epgrade:lawful-exclusive,signal:hasFact,signal:signed
УО	ВСЕ	927	983	Масло сливочное	528	528	3	epgrade:lawful-exclusive,signal:hasFact,signal:signed
УО	ВСЕ	928	984	Яйцо	224.64	224.64	3	epgrade:verified-benefit,signal:hasFact,signal:signed
УО	ВСЕ	929	985	Куры-цыплята бройлеры	140.4	140.4	3	epgrade:verified-benefit,signal:hasFact,signal:signed
УО	ВСЕ	930	986	Куры-филе	25.41	25.41	3	epgrade:verified-benefit,signal:hasFact,signal:signed
УО	ВСЕ	931	987	Сухофрукты, прочие продукты	513.77	513.77	3	epgrade:verified-benefit,signal:hasFact,signal:signed
УО	ВСЕ	932	988	Овощи свежие	87.78	87.78	3	epgrade:verified-benefit,signal:hasFact,signal:signed
УО	ВСЕ	933	989	Овощи очищенные	498.3	498.3	3	epgrade:verified-benefit,signal:hasFact,signal:signed
УО	ВСЕ	934	990	Хлеб	365.96	365.96	3	epgrade:verified-benefit,signal:hasFact,signal:signed
УО	ВСЕ	935	991	Свежие помидоры и огурцы 	129.33	129.33	5	epgrade:verified-benefit,hygiene:G:edge_space,hygiene:G:invisible_char,signal:hasFact,signal:signed
УО	ВСЕ	936	992	Продукты питания (крупы и прочие продукты)	490.96	490.96	3	epgrade:verified-benefit,signal:hasFact,signal:signed
УО	ВСЕ	937	993	Продукты рыбные (кальмар-филе)	88.5	88.5	3	epgrade:verified-benefit,signal:hasFact,signal:signed
УО	ВСЕ	938	994	ТО систем обеспечения пожарной безопасности зданий и сооружений	30	30	3	epgrade:verified-benefit,signal:hasFact,signal:signed
УО	ВСЕ	939	995	услуги экстренного выезда полиции	74.46	74.46	3	epgrade:lawful-exclusive,signal:hasFact,signal:signed
УО	ВСЕ	940	996	Диспетчеризация и техническое обслуживание приборов учета тепловой энергии	45	45	3	epgrade:verified-benefit,signal:hasFact,signal:signed
УО	ВСЕ	941	997	Услуги связи	73.62	73.62	3	epgrade:lawful-exclusive,signal:hasFact,signal:signed
УО	ВСЕ	942	998	Обращение с твердыми коммунальными отходами	71.61	71.61	3	epgrade:lawful-exclusive,signal:hasFact,signal:signed
УО	ВСЕ	943	999	Холодное водоснабжение и водоотведение	73.04	73.04	4	epgrade:unfounded,signal:hasFact,signal:signed,signal:unmappedReasonEP
УО	ВСЕ	944	1000	Энергоснабжение	1426.32	1426.32	3	epgrade:lawful-exclusive,signal:hasFact,signal:signed
УО	ВСЕ	945	1001	Теплоснабжение и ГВС	5728.43	5728.43	3	epgrade:lawful-exclusive,signal:hasFact,signal:signed
УО	ВСЕ	946	1002	заправка картриджей	100	100	3	epgrade:verified-benefit,signal:hasFact,signal:signed
УО	ВСЕ	947	1003	поставка картриджей	100	100	3	epgrade:verified-benefit,signal:hasFact,signal:signed
УО	ВСЕ	948	1004	Снегоочистка	105.6	105.6	3	epgrade:verified-benefit,signal:hasFact,signal:signed
УО	ВСЕ	949	1005	Снегоочистка	200	200	3	epgrade:verified-benefit,signal:hasFact,signal:signed
УО	ВСЕ	950	1006	Техническое обслуживание апс	36	36	3	epgrade:verified-benefit,signal:hasFact,signal:signed
УО	ВСЕ	951	1007	техническое обслуживание средств охраны	32.16	32.16	3	epgrade:verified-benefit,signal:hasFact,signal:signed
УО	ВСЕ	952	1008	масло сливочное	268.6	268.6	3	epgrade:lawful-exclusive,signal:hasFact,signal:signed
УО	ВСЕ	953	1011	поставка печени	250	250	3	epgrade:verified-benefit,signal:hasFact,signal:signed
УО	ВСЕ	954	1012	Сыр   полутвердый	66.73	66.73	4	epgrade:lawful-exclusive,hygiene:G:invisible_char,signal:hasFact,signal:signed
УО	ВСЕ	955	1013	продукты питания	515.75	515.75	3	epgrade:verified-benefit,signal:hasFact,signal:signed
УО	ВСЕ	956	1014	продукты питания	500	500	3	epgrade:verified-benefit,signal:hasFact,signal:signed
УО	ВСЕ	957	1015	яйцо	71.37	71.37	3	epgrade:verified-benefit,signal:hasFact,signal:signed
УО	ВСЕ	958	1016	куры охлажденные	28.8	28.8	3	epgrade:verified-benefit,signal:hasFact,signal:signed
УО	ВСЕ	959	1017	филе куриное охлажденное	32.07	32.07	3	epgrade:verified-benefit,signal:hasFact,signal:signed
УО	ВСЕ	960	1018	Творог	235.62	235.62	3	epgrade:lawful-exclusive,signal:hasFact,signal:signed
УО	ВСЕ	961	1019	Хлеб	600	600	3	epgrade:verified-benefit,signal:hasFact,signal:signed
УО	ВСЕ	962	1020	овощи свежие	460	460	3	epgrade:verified-benefit,signal:hasFact,signal:signed
УО	ВСЕ	963	1021	то приборов УТЭ и УПР	50	50	3	epgrade:verified-benefit,signal:hasFact,signal:signed
УО	ВСЕ	964	1022	мониторинг состояния средств АПС	45	45	3	epgrade:verified-benefit,signal:hasFact,signal:signed
УО	ВСЕ	965	1023	видеонаблюдение ТО 	30	30	5	epgrade:verified-benefit,hygiene:G:edge_space,hygiene:G:invisible_char,signal:hasFact,signal:signed
УО	ВСЕ	966	1024	Услуги связи	166.16	166.16	3	epgrade:lawful-exclusive,signal:hasFact,signal:signed
УО	ВСЕ	967	1025	Обслуживание системы видеонаблюдения	28	28	3	epgrade:verified-benefit,signal:hasFact,signal:signed
УО	ВСЕ	968	1026	Заправка картриджей и ТО оргтехники	50	50	3	epgrade:verified-benefit,signal:hasFact,signal:signed
УО	ВСЕ	969	1027	Услуги по протяжке кабеля	8.3	8.3	3	epgrade:verified-benefit,signal:hasFact,signal:signed
УО	ВСЕ	970	1028	Обслуживание и ремонт системы передачи тревожных сообщений	60	60	3	epgrade:verified-benefit,signal:hasFact,signal:signed
УО	ВСЕ	971	1029	ТКО	71.61	71.61	3	epgrade:lawful-exclusive,signal:hasFact,signal:signed
УО	ВСЕ	972	1030	ТО УПР	13.5	13.5	3	epgrade:verified-benefit,signal:hasFact,signal:signed
УО	ВСЕ	973	1031	Очистка кровли от снега	50	50	3	epgrade:verified-benefit,signal:hasFact,signal:signed
УО	ВСЕ	974	1032	Расчистка территории от снега	92	92	3	epgrade:verified-benefit,signal:hasFact,signal:signed
УО	ВСЕ	975	1033	Аварийные работы	152	152	3	epgrade:verified-benefit,signal:hasFact,signal:signed
УО	ВСЕ	976	1034	ТО противопожарных дверей	6	6	3	epgrade:verified-benefit,signal:hasFact,signal:signed
УО	ВСЕ	977	1035	Кнопка	60	60	3	epgrade:verified-benefit,signal:hasFact,signal:signed
УО	ВСЕ	978	1036	ТО кнопка Пожар	23.6	23.6	3	epgrade:verified-benefit,signal:hasFact,signal:signed
УО	ВСЕ	979	1037	Овощи свежие	114.72	114.72	3	epgrade:verified-benefit,signal:hasFact,signal:signed
УО	ВСЕ	980	1038	Овощи свежие	115.05	115.05	3	epgrade:verified-benefit,signal:hasFact,signal:signed
УО	ВСЕ	981	1039	Фрукты свежие	11.32	11.32	3	epgrade:verified-benefit,signal:hasFact,signal:signed
УО	ВСЕ	982	1040	Хлеба	287.11	287.11	3	epgrade:verified-benefit,signal:hasFact,signal:signed
УО	ВСЕ	983	1041	Масло растительное, молоко сухое, молоко сгущенное	172.07	172.07	3	epgrade:verified-benefit,signal:hasFact,signal:signed
УО	ВСЕ	984	1042	Кондитерские изделия, соки	229.57	229.57	3	epgrade:verified-benefit,signal:hasFact,signal:signed
УО	ВСЕ	985	1043	Филе куриное, охлажденное	45.38	45.38	3	epgrade:verified-benefit,signal:hasFact,signal:signed
УО	ВСЕ	986	1044	Цыпленок -бройлер, тушка, охлажденная	145.8	145.8	3	epgrade:verified-benefit,signal:hasFact,signal:signed
УО	ВСЕ	987	1045	Печень	288	288	3	epgrade:verified-benefit,signal:hasFact,signal:signed
УО	ВСЕ	988	1046	Сыр	180.48	180.48	3	epgrade:verified-benefit,signal:hasFact,signal:signed
УО	ВСЕ	989	1047	Сухофрукты	103.1	103.1	3	epgrade:verified-benefit,signal:hasFact,signal:signed
УО	ВСЕ	990	1048	Кальмар, сайра	95.15	95.15	3	epgrade:verified-benefit,signal:hasFact,signal:signed
УО	ВСЕ	991	1049	Вода питьевая	64.8	64.8	3	epgrade:verified-benefit,signal:hasFact,signal:signed
УО	ВСЕ	992	1050	Яйца куриные	157.4	157.4	3	epgrade:verified-benefit,signal:hasFact,signal:signed
УО	ВСЕ	993	1051	Продукты питания	471.7	471.7	3	epgrade:verified-benefit,signal:hasFact,signal:signed
УО	ВСЕ	994	1052	Продукты питания	109.76	109.76	3	epgrade:verified-benefit,signal:hasFact,signal:signed
УО	ВСЕ	995	1053	Теплоснабжение	6464.12	6464.12	3	epgrade:lawful-exclusive,signal:hasFact,signal:signed
УО	ВСЕ	996	1054	Электрическая энергия	2202.46	2202.46	3	epgrade:lawful-exclusive,signal:hasFact,signal:signed
УО	ВСЕ	997	1055	ХВС	2990.81	2990.81	3	epgrade:lawful-exclusive,signal:hasFact,signal:signed
УО	ВСЕ	998	1056	Техническое обслуживание СПС и СОУЭ	19.2	19.2	3	epgrade:verified-benefit,signal:hasFact,signal:signed
УО	ВСЕ	999	1057	обслуживание пожарных дверей	6.5	6.5	3	epgrade:verified-benefit,signal:hasFact,signal:signed
УО	ВСЕ	1000	1058	обслуживание и заправка огнетушителей	5.795	5.795	3	epgrade:verified-benefit,signal:hasFact,signal:signed
УО	ВСЕ	1001	1059	дератизация,дезинфекция	57	57	4	epgrade:verified-benefit,hygiene:G:missing_space_after_punct,signal:hasFact,signal:signed
УО	ВСЕ	1002	1060	 видеонаблюдения и оповещение	60	60	5	epgrade:verified-benefit,hygiene:G:edge_space,hygiene:G:invisible_char,signal:hasFact,signal:signed
УО	ВСЕ	1003	1061	(кнопка ТСО	35	35	3	epgrade:verified-benefit,signal:hasFact,signal:signed
УО	ВСЕ	1004	1062	АПС	30	30	3	epgrade:verified-benefit,signal:hasFact,signal:signed
УО	ВСЕ	1005	1063	Текущий ремонт (ограждение)	3844.10664	3844.10664	2	signal:hasFact,signal:signed
УО	ВСЕ	1006	1064	ТБО	143.22	143.22	3	epgrade:lawful-exclusive,signal:hasFact,signal:signed
УО	ВСЕ	1007	1065	Обслуживание пожарной кнопки	60	60	3	epgrade:verified-benefit,signal:hasFact,signal:signed
УО	ВСЕ	1008	1066	Обслуживание противопожарных дверей	6	6	3	epgrade:verified-benefit,signal:hasFact,signal:signed
УО	ВСЕ	1009	1067	Тех.обслуживание УУТЭ и УПР	108	108	3	epgrade:verified-benefit,signal:hasFact,signal:signed
УО	ВСЕ	1010	1068	Аварийно-ремонтные работы сетей	152	152	3	epgrade:verified-benefit,signal:hasFact,signal:signed
УО	ВСЕ	1011	1069	Обслуживание АПС	19.2	19.2	3	epgrade:verified-benefit,signal:hasFact,signal:signed
УО	ВСЕ	1012	1070	Дератизация, дезинсекция	42.84	42.84	3	epgrade:verified-benefit,signal:hasFact,signal:signed
УО	ВСЕ	1013	1071	Обслуживание средств охраны	110	110	3	epgrade:verified-benefit,signal:hasFact,signal:signed
УО	ВСЕ	1014	1072	Расчистка и вывоз снега	481.05	481.05	3	epgrade:verified-benefit,signal:hasFact,signal:signed
УО	ВСЕ	1015	1074	Масло сливочное	144.5	144.5	3	epgrade:lawful-exclusive,signal:hasFact,signal:signed
УО	ВСЕ	1016	1075	Продукция молочная-творог	108.83	108.83	3	epgrade:lawful-exclusive,signal:hasFact,signal:signed
УО	ВСЕ	1017	1076	Сыр полутвердый	29.27	29.27	3	epgrade:lawful-exclusive,signal:hasFact,signal:signed
УО	ВСЕ	1018	1077	Филе куриное	7.41	7.41	3	epgrade:verified-benefit,signal:hasFact,signal:signed
УО	ВСЕ	1019	1078	Яйцо	24.59	24.59	3	epgrade:verified-benefit,signal:hasFact,signal:signed
УО	ВСЕ	1020	1079	Мясо птицы охлажденное	20.97	20.97	3	epgrade:verified-benefit,signal:hasFact,signal:signed
УО	ВСЕ	1021	1080	Продукты питания	149.75	149.75	3	epgrade:verified-benefit,signal:hasFact,signal:signed
УО	ВСЕ	1022	1081	Овощи , капуста квашеная	111.75	111.75	4	epgrade:verified-benefit,hygiene:G:space_before_punct,signal:hasFact,signal:signed
УО	ВСЕ	1023	1082	Морепродукты	25.29	25.29	3	epgrade:verified-benefit,signal:hasFact,signal:signed
УО	ВСЕ	1024	1083	Субпродукты	45.45	45.45	3	epgrade:verified-benefit,signal:hasFact,signal:signed
УО	ВСЕ	1025	1084	Томаты и огурцы свежие	15.16	15.16	3	epgrade:verified-benefit,signal:hasFact,signal:signed
УО	ВСЕ	1026	1085	Хлеб, батон, хлебобулочные изделия	131.88	131.88	3	epgrade:verified-benefit,signal:hasFact,signal:signed
УО	ВСЕ	1027	1086	Продукция из молока	25.01	25.01	3	epgrade:verified-benefit,signal:hasFact,signal:signed
УО	ВСЕ	1028	1087	Овощи свежие	11.79	11.79	3	epgrade:verified-benefit,signal:hasFact,signal:signed
УО	ВСЕ	1029	1088	фарш и поджарка из говядины	29.52	29.52	3	epgrade:verified-benefit,signal:hasFact,signal:signed
УО	ВСЕ	1030	1089	Овощи, корнеплоды	19.53	19.53	3	epgrade:verified-benefit,signal:hasFact,signal:signed
УО	ВСЕ	1031	1091	Масло сливочное	178.5	178.5	3	epgrade:lawful-exclusive,signal:hasFact,signal:signed
УО	ВСЕ	1032	1092	Продукция молочная-творог	134.27	134.27	3	epgrade:lawful-exclusive,signal:hasFact,signal:signed
УО	ВСЕ	1033	1093	Сыр полутвердый	38.08	38.08	3	epgrade:lawful-exclusive,signal:hasFact,signal:signed
УО	ВСЕ	1034	1094	ТБО	71.61	71.61	3	epgrade:lawful-exclusive,signal:hasFact,signal:signed
УО	ВСЕ	1035	1095	Обслуживание пожарной кнопки	30	30	3	epgrade:verified-benefit,signal:hasFact,signal:signed
УО	ВСЕ	1036	1096	Обслуживание АПС	28.8	28.8	3	epgrade:verified-benefit,signal:hasFact,signal:signed
УО	ВСЕ	1037	1097	Обслуживание противопожарных дверей	16	16	3	epgrade:verified-benefit,signal:hasFact,signal:signed
УО	ВСЕ	1038	1098	Тех.обслуживание УУТЭ и УПР	45	45	3	epgrade:verified-benefit,signal:hasFact,signal:signed
УО	ВСЕ	1039	1099	Аварийно-ремонтные работы	152	152	3	epgrade:verified-benefit,signal:hasFact,signal:signed
УО	ВСЕ	1040	1100	Обслуживание видеонаблюдения	27.16	27.16	3	epgrade:verified-benefit,signal:hasFact,signal:signed
УО	ВСЕ	1041	1101	Плановые обследования (дератизация)	13.86	13.86	3	epgrade:verified-benefit,signal:hasFact,signal:signed
УО	ВСЕ	1042	1102	Обслуживания системы тревожных сообщений	60	60	3	epgrade:verified-benefit,signal:hasFact,signal:signed
УО	ВСЕ	1043	1103	Вывоз и расчистка снега	298.5	298.5	3	epgrade:verified-benefit,signal:hasFact,signal:signed
УО	ВСЕ	1044	1104	Очистка кровли	8	8	3	epgrade:verified-benefit,signal:hasFact,signal:signed
УО	ВСЕ	1045	1105	Яйцо	19.4	19.4	3	epgrade:verified-benefit,signal:hasFact,signal:signed
УО	ВСЕ	1046	1106	Томаты и огурцы свежие	19.62	19.62	3	epgrade:verified-benefit,signal:hasFact,signal:signed
УО	ВСЕ	1047	1107	Рыбная продукция	20.91	20.91	3	epgrade:verified-benefit,signal:hasFact,signal:signed
УО	ВСЕ	1048	1108	Субпродукты	57.6	57.6	3	epgrade:verified-benefit,signal:hasFact,signal:signed
УО	ВСЕ	1049	1109	Продукты питания	145	145	3	epgrade:verified-benefit,signal:hasFact,signal:signed
УО	ВСЕ	1050	1110	Овощи корнеплодные и клубнеплодные, капуста квашеная	149.88	149.88	3	epgrade:verified-benefit,signal:hasFact,signal:signed
УО	ВСЕ	1051	1111	Продукция из молока	5.25	5.25	3	epgrade:verified-benefit,signal:hasFact,signal:signed
УО	ВСЕ	1052	1112	Хлеб,батон,булочные изделия	132.47	132.47	4	epgrade:verified-benefit,hygiene:G:missing_space_after_punct,signal:hasFact,signal:signed
УО	ВСЕ	1053	1113	Куры охлажденные	46.8	46.8	3	epgrade:verified-benefit,signal:hasFact,signal:signed
УО	ВСЕ	1054	1114	Филе куриное охлажденное	4.08	4.08	3	epgrade:verified-benefit,signal:hasFact,signal:signed
УО	ВСЕ	1055	1115	Овощи свежие, бананы	16.44	16.44	3	epgrade:verified-benefit,signal:hasFact,signal:signed
УО	ВСЕ	1056	1116	Техническое обслуживание противопожарных дверей	2	2	3	epgrade:verified-benefit,signal:hasFact,signal:signed
УО	ВСЕ	1057	1117	Обеспечение функционирования и поддержания работоспособности сетей передачи данных	30	30	3	epgrade:verified-benefit,signal:hasFact,signal:signed
УО	ВСЕ	1058	1118	Техническое обслуживание СПС и СОУЭ	19.2	19.2	3	epgrade:verified-benefit,signal:hasFact,signal:signed
УО	ВСЕ	1059	1119	Техническое обслуживание приборов учета тепловой энергии, узла погодного регулирования	54	54	3	epgrade:verified-benefit,signal:hasFact,signal:signed
УО	ВСЕ	1060	1120	Вневедомственная охрана	148.92	148.92	3	epgrade:verified-benefit,signal:hasFact,signal:signed
УО	ВСЕ	1061	1121	Холодное водоснабжение и водоотведение	104.38	104.38	3	epgrade:verified-benefit,signal:hasFact,signal:signed
УО	ВСЕ	1062	1122	ТСО	32.01	32.01	3	epgrade:verified-benefit,signal:hasFact,signal:signed
УО	ВСЕ	1063	1123	ТКО	75.88	75.88	3	epgrade:verified-benefit,signal:hasFact,signal:signed
УО	ВСЕ	1064	1124	Сим карта	3.66	3.66	3	epgrade:verified-benefit,signal:hasFact,signal:signed
УО	ВСЕ	1065	1125	Телефонная связь	53.92	53.92	3	epgrade:verified-benefit,signal:hasFact,signal:signed
УО	ВСЕ	1066	1126	Интернет	95.94	95.94	3	epgrade:verified-benefit,signal:hasFact,signal:signed
УО	ВСЕ	1067	1127	программное обеспечение	3.6	3.6	3	epgrade:verified-benefit,signal:hasFact,signal:signed
УО	ВСЕ	1068	1128	телефонная связь	57	57	3	epgrade:verified-benefit,signal:hasFact,signal:signed
УО	ВСЕ	1069	1129	охрана	74.46	74.46	3	epgrade:verified-benefit,signal:hasFact,signal:signed
УО	ВСЕ	1070	1130	мониторинг АПС	27.6	27.6	3	epgrade:verified-benefit,signal:hasFact,signal:signed
УО	ВСЕ	1071	1131	бензин АИ-92	20	20	3	epgrade:verified-benefit,signal:hasFact,signal:signed
УО	ВСЕ	1072	1132	хозтовары	4.91	4.91	3	epgrade:verified-benefit,signal:hasFact,signal:signed
УО	ВСЕ	1073	1133	Аварийно-ремонтные работы	100	100	3	epgrade:verified-benefit,signal:hasFact,signal:signed
УО	ВСЕ	1074	1134	услуги по обеспечению функционирования и поддержки работоспособности сетей передачи данных	30	30	3	epgrade:verified-benefit,signal:hasFact,signal:signed
УО	ВСЕ	1075	1135	ТО обслуживания пожарных дверей	2	2	3	epgrade:verified-benefit,signal:hasFact,signal:signed
УО	ВСЕ	1076	1136	Обслуживание технических средств охраны	32.16	32.16	3	epgrade:verified-benefit,signal:hasFact,signal:signed
УО	ВСЕ	1077	1137	Работы по сбору, транспортировке, и захоронению тбо	81.42	81.42	3	epgrade:verified-benefit,signal:hasFact,signal:signed
УО	ВСЕ	1078	1138	экстренный выезд наряда вневедомственной охраны	148.92	148.92	3	epgrade:verified-benefit,signal:hasFact,signal:signed
УО	ВСЕ	1079	1139	ТО приборов учета тепловой энергии	54	54	3	epgrade:verified-benefit,signal:hasFact,signal:signed
УО	ВСЕ	1080	1140	Услуги связи СИМ	3.66	3.66	3	epgrade:verified-benefit,signal:hasFact,signal:signed
УО	ВСЕ	1081	1141	Услуги связи 	98.4	98.4	5	epgrade:verified-benefit,hygiene:G:edge_space,hygiene:G:invisible_char,signal:hasFact,signal:signed
УО	ВСЕ	1082	1142	Холодное водоснабжение и водоотведение	62.8	62.8	3	epgrade:verified-benefit,signal:hasFact,signal:signed
УО	ВСЕ	1083	1143	услуги по проведению ТО системы дымоудаления	92	92	3	epgrade:verified-benefit,signal:hasFact,signal:signed
УО	ВСЕ	1084	1144	услуги по проведению ТО систем пож сигнализации и систем оповещения	30	30	3	epgrade:verified-benefit,signal:hasFact,signal:signed
УО	ВСЕ	1085	1145	Ноутбук для ГИС Сетевой город	57.29	51	5	epgrade:verified-benefit,signal:economyFlag,signal:epFactDeviation,signal:hasFact,signal:signed
УО	ВСЕ	1086	1146	Услуги по ремонту прочего компьютерного и периферийного компьютерного оборудования	142.1	142.1	2	signal:hasFact,signal:signed
УО	ВСЕ	1087	1147	 Папки и обложки из бумаги или картона	30.5275	30.5275	4	hygiene:G:edge_space,hygiene:G:invisible_char,signal:hasFact,signal:signed
УО	ВСЕ	1088	1148	Бумага печатная прочая	68.6	50.421	4	rule:status_on_data_rows,signal:hasFact,signal:highEconomy,signal:signed
УО	ВСЕ	1089	1149	Услуги по техническому обслуживанию и ремонту легковых автомобилей	350	350	2	signal:hasFact,signal:signed
УО	ВСЕ	1090	1150	 Услуги по обеспечению пожарной безопасности (огнетушители)	22.86	22.86	6	comment:promise_after_fact,epgrade:verified-benefit,hygiene:G:edge_space,hygiene:G:invisible_char,signal:hasFact,signal:signed
УО	ВСЕ	1091	1151	Услуги по утилизации неопасных отходов прочие (оргтехника)	97.5	64.2	5	epgrade:verified-benefit,rule:status_on_data_rows,signal:epFactDeviation,signal:hasFact,signal:signed
УО	ВСЕ	1092	1152	Услуги по утилизации неопасных отходов прочие (документы)	60	60	4	comment:promise_after_fact,epgrade:verified-benefit,signal:hasFact,signal:signed
УО	ВСЕ	1093	1153	Расчистка территории от снега	3	3	3	epgrade:verified-benefit,signal:hasFact,signal:signed
УО	ВСЕ	1094	1154	Расчистка территории от снега	3.5	3.5	3	epgrade:verified-benefit,signal:hasFact,signal:signed
УО	ВСЕ	1095	1156	Бумага печатная прочая	100	94.7905	3	signal:economyFlag,signal:hasFact,signal:signed
УО	ВСЕ	1096	1157	Услуги по утилизации неопасных отходов прочие (документы)	100	100	3	epgrade:verified-benefit,signal:hasFact,signal:signed
УО	ВСЕ	1097	1164	Мероприятия (премии к юбилею школ, садов)	273	0	1	epgrade:verified-benefit
УО	ВСЕ	1098	1165	Вывоз и обезвреживание оргтехники	40	40	3	epgrade:verified-benefit,signal:hasFact,signal:signed
УО	ВСЕ	1099	1166	Принадлежности канцелярские металлические	55.58215	35.64359	4	signal:economyFlag,signal:hasFact,signal:highEconomy,signal:signed
УО	ВСЕ	1100	1167	Ручки и маркеры с наконечником из фетра и прочих пористых материалов	25	6.858600000000001	4	signal:economyFlag,signal:hasFact,signal:highEconomy,signal:signed
УО	ВСЕ	1101	1168	Услуги по заправке картриджей для принтеров	142.1	142.1	2	signal:hasFact,signal:signed
УО	ВСЕ	1102	1169	Бумага печатная прочая	129.85	94.7905	4	signal:economyFlag,signal:hasFact,signal:highEconomy,signal:signed
УО	ВСЕ	1103	1170	Принадлежности канцелярские или школьные пластмассовые	14.989999999999998	14.989999999999998	2	signal:hasFact,signal:signed
УО	ВСЕ	1104	1171	1% Банку	235	0	1	epgrade:verified-benefit
УО	ВСЕ	1105	1173	обслуживание и заправка огнетушителей	19.32	0	2	epgrade:verified-benefit,signal:planYearMissing
УО	ВСЕ	1106	1174	комплектующие к извещателям	75	0	2	epgrade:verified-benefit,signal:planYearMissing
УО	ВСЕ	1107	1175	Электроизмерения	23	0	2	epgrade:verified-benefit,signal:planYearMissing
УО	ВСЕ	1108	1176	дератизация	14	14	3	epgrade:verified-benefit,signal:hasFact,signal:signed
УО	ВСЕ	1109	1177	дезинсекция	15.6	15.6	3	epgrade:verified-benefit,signal:hasFact,signal:signed
УО	ВСЕ	1110	1178	обслуживание систем видеонаблюдения	148.92	0	2	epgrade:verified-benefit,signal:planYearMissing
УО	ВСЕ	1111	1179	мониторинг состояния средств АПС	62	62	3	epgrade:verified-benefit,signal:hasFact,signal:signed
УО	ВСЕ	1112	1180	ремонт  технологического оборудования	50	0	3	epgrade:verified-benefit,hygiene:G:invisible_char,signal:planYearMissing
УО	ВСЕ	1113	1181	поверка весов	15	0	2	epgrade:verified-benefit,signal:planYearMissing
УО	ВСЕ	1114	1182	подписка	39.9	0	2	epgrade:verified-benefit,signal:planYearMissing
УО	ВСЕ	1115	1183	утилизация оргтехники	150	0	2	epgrade:verified-benefit,signal:planYearMissing
УО	ВСЕ	1116	1184	повышение квалификации	59.84	0	2	epgrade:verified-benefit,signal:planYearMissing
УО	ВСЕ	1117	1185	бакисследования 	60	60	6	comment:promise_after_fact,epgrade:verified-benefit,hygiene:G:edge_space,hygiene:G:invisible_char,signal:hasFact,signal:signed
УО	ВСЕ	1118	1186	мед. осмотр	378	358.82	4	epgrade:verified-benefit,signal:epFactDeviation,signal:hasFact,signal:signed
УО	ВСЕ	1119	1187	сан-гигиеническое обучение	102	0	2	epgrade:verified-benefit,signal:planYearMissing
УО	ВСЕ	1120	1190	бензин	214.25	0	2	epgrade:verified-benefit,signal:planYearMissing
УО	ВСЕ	1121	1195	расходные материалы для автобуса	20	0	2	epgrade:verified-benefit,signal:planYearMissing
УО	ВСЕ	1122	1196	строительные материалы для текущего ремонта	202.5	0	2	epgrade:verified-benefit,signal:planYearMissing
УО	ВСЕ	1123	1197	мягкий инвентарь	62.5	0	2	epgrade:verified-benefit,signal:planYearMissing
УО	ВСЕ	1124	1200	хозяйственный инвентарь	164.198	164.198	4	epgrade:unfounded,signal:hasFact,signal:signed,signal:unmappedReasonEP
УО	ВСЕ	1125	1202	проба питания	49.5	0	2	epgrade:verified-benefit,signal:planYearMissing
УО	ВСЕ	1126	1203	учебники	1500	1351.66	6	epgrade:lawful-exclusive,rule:status_on_data_rows,signal:epFactDeviation,signal:epRisk,signal:hasFact,signal:signed
УО	ВСЕ	1127	1208	Техническое обслуживание лифтового оборудования	63	63	3	epgrade:verified-benefit,signal:hasFact,signal:signed
УО	ВСЕ	1128	1209	Техническое обслуживание систем вытяжной противодымной вентиляции	140	140	3	epgrade:verified-benefit,signal:hasFact,signal:signed
УО	ВСЕ	1129	1210	Техническое обслуживание системы видеонаблюдения	50	50	3	epgrade:verified-benefit,signal:hasFact,signal:signed
УО	ВСЕ	1130	1212	Производственный контроль столовой 3 кв.	55	0	2	epgrade:lawful-exclusive,signal:planYearMissing
УО	ВСЕ	1131	1213	Производственный контроль столовой 4 кв.	55	0	2	epgrade:lawful-exclusive,signal:planYearMissing
УО	ВСЕ	1132	1214	Бензин	100	100	3	epgrade:verified-benefit,signal:hasFact,signal:signed
УО	ВСЕ	1133	1215	Полис ОСАГО (2 автобуса)	28	28	3	epgrade:verified-benefit,signal:hasFact,signal:signed
УО	ВСЕ	1134	1217	Оснащение учебных кабинетов основным и дополнительным оборудованием	800	0	2	comment:missing_procedure_ref,signal:planYearMissing
УО	ВСЕ	1135	1218	Учебники	127.24	127.24	3	epgrade:lawful-exclusive,signal:hasFact,signal:signed
УО	ВСЕ	1136	1219	Учебники	100	100	3	epgrade:lawful-exclusive,signal:hasFact,signal:signed
УО	ВСЕ	1137	1220	Освидетельст. Лифта	20	20	3	epgrade:verified-benefit,signal:hasFact,signal:signed
УО	ВСЕ	1138	1221	Страховка лифт	3.5	3.5	3	epgrade:verified-benefit,signal:hasFact,signal:signed
УО	ВСЕ	1139	1222	Техническое обслуживание вентиляции	5	0	2	epgrade:verified-benefit,signal:planYearMissing
УО	ВСЕ	1140	1224	Технический осмотр автобусов	7	2.63845	4	epgrade:verified-benefit,signal:epFactDeviation,signal:hasFact,signal:signed
УО	ВСЕ	1141	1226	Опрессовка	25	25	3	epgrade:verified-benefit,signal:hasFact,signal:signed
УО	ВСЕ	1142	1227	Электрозамеры пищеблока	30	30	3	epgrade:verified-benefit,signal:hasFact,signal:signed
УО	ВСЕ	1143	1228	Гигиеническое обучение сотрудников	150	52.95	5	epgrade:lawful-exclusive,rule:status_on_data_rows,signal:epFactDeviation,signal:hasFact,signal:signed
УО	ВСЕ	1144	1229	Анализы для сотрудников пищеблока	30	0	2	epgrade:verified-benefit,signal:planYearMissing
УО	ВСЕ	1145	1230	Дератизация, дезинфекция	28.5	28.5	3	epgrade:verified-benefit,signal:hasFact,signal:signed
УО	ВСЕ	1146	1231	Медицинский осмотр сотрудников	187.9	159.37	5	epgrade:verified-benefit,rule:status_on_data_rows,signal:epFactDeviation,signal:hasFact,signal:signed
УО	ВСЕ	1147	1232	Гигиеническое обучение сотрудников	69.80332	69.80332	3	epgrade:discretionary,signal:hasFact,signal:signed
УО	ВСЕ	1148	1233	Обслуживание огнетушителей	10	0	2	epgrade:verified-benefit,signal:planSoon
УО	ВСЕ	1149	1234	Приобретение батареек	71.6	10.2	5	epgrade:verified-benefit,signal:economyFlag,signal:epFactDeviation,signal:hasFact,signal:signed
УО	ВСЕ	1150	1235	Приобретение учебников	423.2	423.2	5	comment:denial_when_signed,epgrade:unfounded,signal:hasFact,signal:signed,signal:unmappedReasonEP
УО	ВСЕ	1151	1236	Приобретение учебников	129.65	32.7239	7	comment:denial_when_signed,epgrade:unfounded,rule:status_on_data_rows,signal:epFactDeviation,signal:hasFact,signal:signed,signal:unmappedReasonEP
УО	ВСЕ	1152	1237	Приобретение канцелярских товаров	200	0	2	epgrade:verified-benefit,signal:planSoon
УО	ВСЕ	1153	1238	Приобретение аттестатов	15	6.96	5	epgrade:verified-benefit,rule:status_on_data_rows,signal:epFactDeviation,signal:hasFact,signal:signed
УО	ВСЕ	1154	1239	Заправка и ремонт картриджей	40	0	2	epgrade:verified-benefit,signal:planSoon
УО	ВСЕ	1155	1240	Ремонт оргтехники	50	0	2	epgrade:verified-benefit,signal:planYearMissing
УО	ВСЕ	1156	1241	Приобретение ученической мебели	90	71.28	5	epgrade:verified-benefit,rule:status_on_data_rows,signal:epFactDeviation,signal:hasFact,signal:signed
УО	ВСЕ	1157	1242	Сопровождение ЭЦП	3.6	3.6	3	epgrade:verified-benefit,signal:hasFact,signal:signed
УО	ВСЕ	1158	1243	поверка перчаток диэлектрических	2	1.89	4	epgrade:verified-benefit,signal:epFactDeviation,signal:hasFact,signal:signed
УО	ВСЕ	1159	1244	Испытание гидранта	14	12.25	5	epgrade:verified-benefit,rule:status_on_data_rows,signal:epFactDeviation,signal:hasFact,signal:signed
УО	ВСЕ	1160	1245	Электроизмерения	36	0	2	epgrade:verified-benefit,signal:planYearMissing
УО	ВСЕ	1161	1246	дератизация, дезинсекция	12	12	3	epgrade:verified-benefit,signal:hasFact,signal:signed
УО	ВСЕ	1162	1247	камерная обработка постельных принадлежностей	60	32	5	epgrade:verified-benefit,rule:status_on_data_rows,signal:epFactDeviation,signal:hasFact,signal:signed
УО	ВСЕ	1163	1248	акарицидная обработка	6.45	6.45	3	epgrade:verified-benefit,signal:hasFact,signal:signed
УО	ВСЕ	1164	1251	поверка весов	9.26	0	2	epgrade:verified-benefit,signal:planYearMissing
УО	ВСЕ	1165	1252	утилизация	40	0	2	epgrade:verified-benefit,signal:planYearMissing
УО	ВСЕ	1166	1253	производственный контроль 	180	0	4	epgrade:verified-benefit,hygiene:G:edge_space,hygiene:G:invisible_char,signal:planYearMissing
УО	ВСЕ	1167	1254	обучение по охране труда, ГО и ЧС, пожарно-техническому минимуму, повышение квалификации	33.5	33.5	3	epgrade:verified-benefit,signal:hasFact,signal:signed
УО	ВСЕ	1168	1256	Программное обеспечение	68.5	0	2	epgrade:verified-benefit,signal:planYearMissing
УО	ВСЕ	1169	1257	бак обследование (лабораторные исследования)	40.68	40.68	3	epgrade:verified-benefit,signal:hasFact,signal:signed
УО	ВСЕ	1170	1258	периодический медосмотр	340.54	0	2	epgrade:verified-benefit,signal:planYearMissing
УО	ВСЕ	1171	1259	Сан-гигиеническое обучение	32	23.28309	5	epgrade:verified-benefit,rule:status_on_data_rows,signal:epFactDeviation,signal:hasFact,signal:signed
УО	ВСЕ	1172	1262	Бензин, масла, леска для триммера	10	7.3	5	epgrade:verified-benefit,rule:status_on_data_rows,signal:epFactDeviation,signal:hasFact,signal:signed
УО	ВСЕ	1173	1263	МЯГКИЙ ИНВЕНТАРЬ	60	0	2	epgrade:verified-benefit,signal:planYearMissing
УО	ВСЕ	1174	1264	Кухонный инвентарь	95	0	2	epgrade:verified-benefit,signal:planYearMissing
УО	ВСЕ	1175	1265	Бытовая техника	139	0	2	comment:missing_procedure_ref,signal:planYearMissing
УО	ВСЕ	1176	1266	Бланки строгой отчетности	32.5	0	2	epgrade:verified-benefit,signal:planYearMissing
УО	ВСЕ	1177	1268	лакокрасочные изделия	200	0	2	epgrade:verified-benefit,signal:planYearMissing
УО	ВСЕ	1178	1269	Поставка сыра	550	282	5	epgrade:verified-benefit,signal:economyFlag,signal:epFactDeviation,signal:hasFact,signal:signed
УО	ВСЕ	1179	1270	Филе кур, бедро кур	500	229.4	5	epgrade:verified-benefit,signal:economyFlag,signal:epFactDeviation,signal:hasFact,signal:signed
УО	ВСЕ	1180	1271	Очищенные овощи	599	599	3	epgrade:verified-benefit,signal:hasFact,signal:signed
УО	ВСЕ	1181	1272	Яйца	200	117	5	epgrade:verified-benefit,signal:economyFlag,signal:epFactDeviation,signal:hasFact,signal:signed
УО	ВСЕ	1182	1275	Продукты питания (очищенные овощи)	600	599	4	epgrade:verified-benefit,signal:economyFlag,signal:hasFact,signal:signed
УО	ВСЕ	1183	1276	Продукты питания 	600	0	4	epgrade:verified-benefit,hygiene:G:edge_space,hygiene:G:invisible_char,signal:planYearMissing
УО	ВСЕ	1184	1277	Обращение с твердыми коммунальными отходами	172.13	172.13	3	epgrade:verified-benefit,signal:hasFact,signal:signed
УО	ВСЕ	1185	1278	аварийные работы	600	600	3	epgrade:verified-benefit,signal:hasFact,signal:signed
УО	ВСЕ	1186	1279	опрессовка системы отопления	28	28	3	epgrade:verified-benefit,signal:hasFact,signal:signed
УО	ВСЕ	1187	1280	ОМЕГА3	150	150	3	epgrade:verified-benefit,signal:hasFact,signal:signed
УО	ВСЕ	1188	1281	Ремонт кровли	233.325	233.325	3	epgrade:verified-benefit,signal:hasFact,signal:signed
УО	ВСЕ	1189	1282	Поверка весов	15	0	2	epgrade:verified-benefit,signal:planYearMissing
УО	ВСЕ	1190	1283	Проверка и очистка вентиляции 	7	0	4	epgrade:verified-benefit,hygiene:G:edge_space,hygiene:G:invisible_char,signal:planYearMissing
УО	ВСЕ	1191	1284	Поверка огнетушителей и диэлектрических ковриков 	15	0	4	epgrade:verified-benefit,hygiene:G:edge_space,hygiene:G:invisible_char,signal:planYearMissing
УО	ВСЕ	1192	1285	Проведение испытаний электроустановок 	92	92	5	epgrade:verified-benefit,hygiene:G:edge_space,hygiene:G:invisible_char,signal:hasFact,signal:signed
УО	ВСЕ	1193	1286	Опрессовка системы отопления 	28	28	5	epgrade:verified-benefit,hygiene:G:edge_space,hygiene:G:invisible_char,signal:hasFact,signal:signed
УО	ВСЕ	1194	1287	Приобретение огнетушителей	7.5	0	2	epgrade:verified-benefit,signal:planYearMissing
УО	ВСЕ	1195	1288	Таблички по пожарной безопасности(предписание) 	5	0	4	epgrade:verified-benefit,hygiene:G:edge_space,hygiene:G:invisible_char,signal:planYearMissing
УО	ВСЕ	1196	1289	Приобретение маска самоспасатель(предписание) 	3	0	4	epgrade:verified-benefit,hygiene:G:edge_space,hygiene:G:invisible_char,signal:planYearMissing
УО	ВСЕ	1197	1290	Стенды пожарная безопасность и антитеррор 	8	0	4	epgrade:verified-benefit,hygiene:G:edge_space,hygiene:G:invisible_char,signal:planYearMissing
УО	ВСЕ	1198	1291	Дверь металлическая с установкой 	30	0	4	epgrade:verified-benefit,hygiene:G:edge_space,hygiene:G:invisible_char,signal:planYearMissing
УО	ВСЕ	1199	1292	Приобретение унитазов с арматурой 	35	0	4	epgrade:verified-benefit,hygiene:G:edge_space,hygiene:G:invisible_char,signal:planYearMissing
УО	ВСЕ	1200	1293	Смесители (пищеблок и туалеты)	25	0	2	epgrade:verified-benefit,signal:planYearMissing
УО	ВСЕ	1201	1294	Дверь полотно в санузлы	10	0	2	epgrade:verified-benefit,signal:planYearMissing
УО	ВСЕ	1202	1295	Доводчики дверные	10	0	2	epgrade:verified-benefit,signal:planYearMissing
УО	ВСЕ	1203	1296	Замки дверные 	12	0	4	epgrade:verified-benefit,hygiene:G:edge_space,hygiene:G:invisible_char,signal:planYearMissing
УО	ВСЕ	1204	1297	Краска для ремонта стены,забор	80	0	3	epgrade:verified-benefit,hygiene:G:missing_space_after_punct,signal:planYearMissing
УО	ВСЕ	1205	1298	краска ВДАК стены потолок  3 ведра 	10	0	4	epgrade:verified-benefit,hygiene:G:edge_space,hygiene:G:invisible_char,signal:planYearMissing
УО	ВСЕ	1206	1299	обслуживание и заправка огнетушителей	38.25	38.25	3	epgrade:verified-benefit,signal:hasFact,signal:signed
УО	ВСЕ	1207	1300	комплектующие к извещателям	500	0	2	epgrade:verified-benefit,signal:planYearMissing
УО	ВСЕ	1208	1301	пожарные испытания	97.37	97.37	3	epgrade:verified-benefit,signal:hasFact,signal:signed
УО	ВСЕ	1209	1302	Огнезащитная обработка штор	12.5	0	2	epgrade:verified-benefit,signal:planYearMissing
УО	ВСЕ	1210	1303	Электроизмерения	40	0	2	epgrade:verified-benefit,signal:planYearMissing
УО	ВСЕ	1211	1304	дератизация	21.6	21.6	3	epgrade:verified-benefit,signal:hasFact,signal:signed
УО	ВСЕ	1212	1305	дезинфекция	73	73	3	epgrade:verified-benefit,signal:hasFact,signal:signed
УО	ВСЕ	1213	1306	ремонт  технологического оборудования	84.8	0	3	epgrade:verified-benefit,hygiene:G:invisible_char,signal:planYearMissing
УО	ВСЕ	1214	1307	СОУТ	151.25025	47.64263	4	rule:status_on_data_rows,signal:hasFact,signal:highEconomy,signal:signed
УО	ВСЕ	1215	1308	ремонт оргтехники	31.5	0	2	epgrade:verified-benefit,signal:planYearMissing
УО	ВСЕ	1216	1310	Опрессовка	50	50	3	epgrade:verified-benefit,signal:hasFact,signal:signed
УО	ВСЕ	1217	1311	Чт\очистка вентиляции	12	12	3	epgrade:verified-benefit,signal:hasFact,signal:signed
УО	ВСЕ	1218	1312	поверка весов	35	0	2	epgrade:verified-benefit,signal:planYearMissing
УО	ВСЕ	1219	1313	подписка	39.9	0	2	epgrade:verified-benefit,signal:planYearMissing
УО	ВСЕ	1220	1314	утилизация оргтехники	150	0	2	comment:missing_procedure_ref,signal:planYearMissing
УО	ВСЕ	1221	1315	повышение квалификации	123	0	2	epgrade:lawful-exclusive,signal:planYearMissing
УО	ВСЕ	1222	1316	контур	32.9	0	2	epgrade:lawful-exclusive,signal:planYearMissing
УО	ВСЕ	1223	1317	ИС "Оплата школьного питания	78	0	2	epgrade:lawful-exclusive,signal:planYearMissing
УО	ВСЕ	1224	1318	вижен-софт	9	0	2	epgrade:lawful-exclusive,signal:planYearMissing
УО	ВСЕ	1225	1319	смарт	27.8	0	2	epgrade:lawful-exclusive,signal:planYearMissing
УО	ВСЕ	1226	1320	веснин	31.2	0	2	epgrade:lawful-exclusive,signal:planYearMissing
УО	ВСЕ	1227	1321	ЭЦП	12	0	2	epgrade:lawful-exclusive,signal:planYearMissing
УО	ВСЕ	1228	1322	бакисследования 	115	0	4	epgrade:verified-benefit,hygiene:G:edge_space,hygiene:G:invisible_char,signal:planYearMissing
УО	ВСЕ	1229	1323	мед. осмотр	600	600	3	epgrade:lawful-exclusive,signal:hasFact,signal:signed
УО	ВСЕ	1230	1324	сан-гигиеническое обучение	102	0	2	epgrade:lawful-exclusive,signal:planYearMissing
УО	ВСЕ	1231	1325	налог на имущество	16	0	2	epgrade:verified-benefit,signal:planYearMissing
УО	ВСЕ	1232	1326	Дизтопливо	420	0	2	epgrade:lawful-exclusive,signal:planYearMissing
УО	ВСЕ	1233	1327	Бензин	10	0	2	epgrade:lawful-exclusive,signal:planYearMissing
УО	ВСЕ	1234	1328	зимняя резина	80	0	2	comment:missing_procedure_ref,signal:planYearMissing
УО	ВСЕ	1235	1329	услуга шиномонтажа	20	0	2	epgrade:verified-benefit,signal:planYearMissing
УО	ВСЕ	1236	1330	ТО автобуса	44	0	2	epgrade:verified-benefit,signal:planYearMissing
УО	ВСЕ	1237	1331	предрейсовый осмотр	44	0	2	epgrade:verified-benefit,signal:planYearMissing
УО	ВСЕ	1238	1332	расходные материалы для автобуса	88	0	2	epgrade:verified-benefit,signal:planYearMissing
УО	ВСЕ	1239	1333	Активация тахографа	17.55	17.55	3	epgrade:lawful-exclusive,signal:hasFact,signal:signed
УО	ВСЕ	1240	1334	Активация Глонасса	24.79	24.79	3	epgrade:lawful-exclusive,signal:hasFact,signal:signed
УО	ВСЕ	1241	1335	Активация УВЭОС	18	18	3	epgrade:lawful-exclusive,signal:hasFact,signal:signed
УО	ВСЕ	1242	1336	строительные материалы для текущего ремонта	202.5	0	2	epgrade:verified-benefit,signal:planYearMissing
УО	ВСЕ	1243	1337	мягкий инвентарь	62.5	0	2	epgrade:verified-benefit,signal:planYearMissing
УО	ВСЕ	1244	1339	моющие средства	385.4	0	2	comment:missing_procedure_ref,signal:planYearMissing
УО	ВСЕ	1245	1340	хозяйственный инвентарь	177.5	0	2	epgrade:verified-benefit,signal:planYearMissing
УО	ВСЕ	1246	1341	абонементские книжки	65	0	2	epgrade:verified-benefit,signal:planYearMissing
УО	ВСЕ	1247	1342	проба питания	49.5	49.5	3	epgrade:lawful-exclusive,signal:hasFact,signal:signed
УО	ВСЕ	1248	1344	Покупка канцтоваров	70	0	2	epgrade:verified-benefit,signal:planYearMissing
УО	ВСЕ	1249	1345	Покупка оргтехники	94.39	0	2	comment:missing_procedure_ref,signal:planYearMissing
УО	ВСЕ	1250	1346	закупка стиральной машины для дошкольного отделения	50	0	2	epgrade:verified-benefit,signal:planYearMissing
УО	ВСЕ	1251	1347	закупка питьевой бутилированной воды	35	35	3	epgrade:verified-benefit,signal:hasFact,signal:signed
УО	ВСЕ	1252	1348	приобретение одноразовых стаканчиков	10	0	2	epgrade:verified-benefit,signal:planYearMissing
УО	ВСЕ	1253	1350	страхование автобуса	14	14	3	epgrade:verified-benefit,signal:hasFact,signal:signed
УО	ВСЕ	1254	1351	Закупка ГСМ	500	100	6	comment:promise_after_fact,epgrade:lawful-exclusive,rule:status_on_data_rows,signal:epFactDeviation,signal:hasFact,signal:signed
УО	ВСЕ	1255	1353	яйца куриные столовые	135.6	124.8	5	epgrade:verified-benefit,rule:status_on_data_rows,signal:epFactDeviation,signal:hasFact,signal:signed
УО	ВСЕ	1256	1354	филе, окорочок куриный охлажденное	482.13	110.9	4	epgrade:verified-benefit,signal:epFactDeviation,signal:hasFact,signal:signed
УО	ВСЕ	1257	1359	огнетушители	29.71	29.71	3	epgrade:verified-benefit,signal:hasFact,signal:signed
УО	ВСЕ	1258	1367	обслуживание тревожной кнопки	100	90	5	epgrade:verified-benefit,signal:economyFlag,signal:epFactDeviation,signal:hasFact,signal:signed
УО	ВСЕ	1259	1368	моющие, хозяйственные средства	17.44	0	3	epgrade:unfounded,signal:planYearMissing,signal:unmappedReasonEP
УО	ВСЕ	1260	1369	Аттестация рабочих мест	250	230.75	5	epgrade:verified-benefit,rule:status_on_data_rows,signal:epFactDeviation,signal:hasFact,signal:signed
УО	ВСЕ	1261	1370	Производственный контроль	40	0	2	epgrade:verified-benefit,signal:planYearMissing
УО	ВСЕ	1262	1371	Хозяйственные ср-ва	720	0	2	comment:missing_procedure_ref,signal:planYearMissing
УО	ВСЕ	1263	1372	Испытание эл.техн.оборудования	100	0	2	epgrade:verified-benefit,signal:planYearMissing
УО	ВСЕ	1264	1373	Опрессовка	25	0	5	comment:execution_claim_no_fact,epgrade:verified-benefit,signal:dateWithoutFact,signal:hasFact,signal:signed
УО	ВСЕ	1265	1374	ОСАГО, ТО АВТОБУСОВ (4 ед.)	55	34.39	5	epgrade:verified-benefit,rule:status_on_data_rows,signal:epFactDeviation,signal:hasFact,signal:signed
УО	ВСЕ	1266	1375	запчасти автоб.	100	0	2	epgrade:verified-benefit,signal:planYearMissing
УО	ВСЕ	1267	1376	пополнение посуды	100	0	2	epgrade:verified-benefit,signal:planYearMissing
УО	ВСЕ	1268	1377	Бензин АИ-92	200	200	3	epgrade:verified-benefit,signal:hasFact,signal:signed
УО	ВСЕ	1269	1378	Услуги по обслуживанию эл.котлов	21	0	2	epgrade:verified-benefit,signal:planYearMissing
УО	ВСЕ	1270	1379	Абонементные книжки	15	0	2	epgrade:verified-benefit,signal:planYearMissing
УО	ВСЕ	1271	1380	дератизация мусорных площадок	7	0	2	epgrade:verified-benefit,signal:planYearMissing
УО	ВСЕ	1272	1381	Масло моторное и составляющие, необходимые для автобуса	25	0	2	epgrade:verified-benefit,signal:planYearMissing
УО	ВСЕ	1273	1382	Обследование территорий на наличие грызунов, клещей и тд	15	0	2	epgrade:verified-benefit,signal:planYearMissing
УО	ВСЕ	1274	1383	Программное обеспечение "Образование"	32	32	3	epgrade:verified-benefit,signal:hasFact,signal:signed
УО	ВСЕ	1275	1384	Программное обеспечение "Контур"	4	4	3	epgrade:verified-benefit,signal:hasFact,signal:signed
УО	ВСЕ	1276	1385	ТО видеонаблюдения	80	80	3	epgrade:verified-benefit,signal:hasFact,signal:signed
УО	ВСЕ	1277	1386	Программное обеспечение "Вижен софт"	10	10	3	epgrade:verified-benefit,signal:hasFact,signal:signed
УО	ВСЕ	1278	1387	Самоспасатель УФМС	7.8	7.8	3	epgrade:verified-benefit,signal:hasFact,signal:signed
УО	ВСЕ	1279	1388	Замена аккумулятора на пож.установке (школа)	10	10	3	epgrade:verified-benefit,signal:hasFact,signal:signed
УО	ВСЕ	1280	1389	Замена аккумулятора на видеонаблюдении	70	70	3	epgrade:verified-benefit,signal:hasFact,signal:signed
УО	ВСЕ	1281	1390	Замена свич на видеонаблюдении (школа)	48	0	2	epgrade:verified-benefit,signal:planYearMissing
УО	ВСЕ	1282	1391	Разработка ПСД	441	441	3	epgrade:verified-benefit,signal:hasFact,signal:signed
УО	ВСЕ	1283	1393	дератизация,дезинсекция	37.5	37.5	4	epgrade:verified-benefit,hygiene:G:missing_space_after_punct,signal:hasFact,signal:signed
УО	ВСЕ	1284	1394	сейф	30	0	2	epgrade:verified-benefit,signal:planYearMissing
УО	ВСЕ	1285	1395	опрессовка	28	28	3	epgrade:verified-benefit,signal:hasFact,signal:signed
УО	ВСЕ	1286	1396	вывоз и расчистка от снега	600	600	3	epgrade:verified-benefit,signal:hasFact,signal:signed
УО	ВСЕ	1287	1397	видеорегистратор	12	12	3	epgrade:verified-benefit,signal:hasFact,signal:signed
УО	ВСЕ	1288	1398	заправка картриджей	50	0	2	epgrade:verified-benefit,signal:planYearMissing
УО	ВСЕ	1289	1399	бензиновый снегоуборщик	300	0	2	comment:missing_procedure_ref,signal:planYearMissing
УО	ВСЕ	1290	1400	гигиеническое обучение	160	0	2	epgrade:verified-benefit,signal:planYearMissing
УО	ВСЕ	1291	1401	обслуживание и заправка огнетушителей	10.5	0	2	epgrade:verified-benefit,signal:planSoon
УО	ВСЕ	1292	1402	комплектующие к извещателям	60	0	2	epgrade:verified-benefit,signal:planYearMissing
УО	ВСЕ	1293	1403	пожарные испытания	5.5	5.5	3	epgrade:verified-benefit,signal:hasFact,signal:signed
УО	ВСЕ	1294	1404	проверка огнезащитной обработки	31.85	31.85	3	epgrade:verified-benefit,signal:hasFact,signal:signed
УО	ВСЕ	1295	1406	ремонт и обслуживание технологического оборудования, автотранспорта	175	0	2	epgrade:verified-benefit,signal:planYearMissing
УО	ВСЕ	1296	1407	ЭЦП	24	0	2	epgrade:verified-benefit,signal:planYearMissing
УО	ВСЕ	1297	1408	бак обследования	207	0	2	epgrade:verified-benefit,signal:planYearMissing
УО	ВСЕ	1298	1409	медосмотр	460	460	3	epgrade:verified-benefit,signal:hasFact,signal:signed
УО	ВСЕ	1299	1410	автострахование	30	0	2	epgrade:verified-benefit,signal:planYearMissing
УО	ВСЕ	1300	1411	строительные материалы	265	0	2	epgrade:verified-benefit,signal:planYearMissing
УО	ВСЕ	1301	1413	фартук	15	0	2	epgrade:verified-benefit,signal:planYearMissing
УО	ВСЕ	1302	1414	сапоги	6	0	2	epgrade:verified-benefit,signal:planYearMissing
УО	ВСЕ	1303	1415	туфли "сабо"	10	0	2	epgrade:verified-benefit,signal:planYearMissing
УО	ВСЕ	1304	1416	перчатки д/уборщиков терр.	6	0	2	epgrade:verified-benefit,signal:planYearMissing
УО	ВСЕ	1305	1417	костюм д/вахтера	5	0	2	epgrade:verified-benefit,signal:planYearMissing
УО	ВСЕ	1306	1418	перчатки х/б	8	4.46	4	epgrade:verified-benefit,signal:epFactDeviation,signal:hasFact,signal:signed
УО	ВСЕ	1307	1419	колпак	2	0	2	epgrade:verified-benefit,signal:planYearMissing
УО	ВСЕ	1308	1420	рукавицы утепленные	2	0	2	epgrade:verified-benefit,signal:planYearMissing
УО	ВСЕ	1309	1421	костюм для рабочего	2	0	2	epgrade:verified-benefit,signal:planYearMissing
УО	ВСЕ	1310	1422	костюм для уборщика  территории	6	0	3	epgrade:verified-benefit,hygiene:G:invisible_char,signal:planYearMissing
УО	ВСЕ	1311	1424	хоз. Товары	200	179.56	5	epgrade:verified-benefit,signal:economyFlag,signal:epFactDeviation,signal:hasFact,signal:signed
УО	ВСЕ	1312	1425	лопата снеговая	8	3.5433	4	epgrade:verified-benefit,signal:epFactDeviation,signal:hasFact,signal:signed
УО	ВСЕ	1313	1426	лопата 	5	0	4	epgrade:verified-benefit,hygiene:G:edge_space,hygiene:G:invisible_char,signal:planYearMissing
УО	ВСЕ	1314	1427	соль	80	0	2	epgrade:verified-benefit,signal:planYearMissing
УО	ВСЕ	1315	1428	перчатки	50	0	2	epgrade:verified-benefit,signal:planYearMissing
УО	ВСЕ	1316	1429	дезсредства	100	0	2	comment:missing_procedure_ref,signal:planYearMissing
УО	ВСЕ	1317	1430	кастрюли, бачки	50	0	2	epgrade:verified-benefit,signal:planYearMissing
УО	ВСЕ	1318	1431	ведра, швабры	25	0	2	epgrade:verified-benefit,signal:planYearMissing
УО	ВСЕ	1319	1432	метлы	6	0	2	epgrade:verified-benefit,signal:planYearMissing
УО	ВСЕ	1320	1434	поверка весов	50	0	2	epgrade:verified-benefit,signal:planYearMissing
УО	ВСЕ	1321	1435	ремонт и обслуживание технологического оборудования, автотранспорта	534.06	0	2	comment:missing_procedure_ref,signal:planYearMissing
УО	ВСЕ	1322	1436	поверка весов	55.2	0	2	comment:missing_procedure_ref,signal:planYearMissing
УО	ВСЕ	1323	1437	обучение по охране труда, ГО и ЧС, пожарно-техническому минимуму, повышение квалификации	55.2	12	6	epgrade:unfounded,rule:status_on_data_rows,signal:epFactDeviation,signal:epJustificationMissing,signal:hasFact,signal:signed
УО	ВСЕ	1324	1438	Программное обеспечение	28	0	2	epgrade:verified-benefit,signal:planYearMissing
УО	ВСЕ	1325	1439	бак обследование (лабораторные исследования)	84	84	3	epgrade:verified-benefit,signal:hasFact,signal:signed
УО	ВСЕ	1326	1440	периодический медосмотр	514.5	409.264	5	epgrade:verified-benefit,rule:status_on_data_rows,signal:epFactDeviation,signal:hasFact,signal:signed
УО	ВСЕ	1327	1441	Сан-гигиеническое обучение	272	0	1	epgrade:verified-benefit
УО	ВСЕ	1328	1448	Бланки строгой отчетности	5.7	0	2	comment:missing_procedure_ref,signal:planYearMissing
УО	ВСЕ	1329	1450	лакокрасочные изделия	183	0	2	comment:missing_procedure_ref,signal:planYearMissing
УО	ВСЕ	1330	1452	Бензин АИ-92	268	268	4	comment:promise_after_fact,epgrade:verified-benefit,signal:hasFact,signal:signed
УО	ВСЕ	1331	1453	расчистка снега	500	0	2	comment:missing_procedure_ref,signal:planYearMissing
УО	ВСЕ	1332	1454	дезинсекция	35.42	35.42	4	comment:promise_after_fact,epgrade:verified-benefit,signal:hasFact,signal:signed
УО	ВСЕ	1333	1455	обследование на клещ	13.8	0	2	epgrade:verified-benefit,signal:planYearMissing
УО	ВСЕ	1334	1456	Обслуживание систем видеонаблюдения	78.2	0	2	comment:missing_procedure_ref,signal:planYearMissing
УО	ВСЕ	1335	1457	обслуживание и заправка огнетушителей	6.93	0	2	epgrade:verified-benefit,signal:planYearMissing
УО	ВСЕ	1336	1458	комплектующие к извещателям	120	0	2	comment:missing_procedure_ref,signal:planYearMissing
УО	ВСЕ	1337	1459	пожарные испытания	93.48	0	2	comment:missing_procedure_ref,signal:planYearMissing
УО	ВСЕ	1338	1460	Электроизмерения	52.8	0	2	comment:missing_procedure_ref,signal:planYearMissing
УО	ВСЕ	1339	1461	Техническое обслуживание СПС и СОУЭ	134.32	0	2	comment:missing_procedure_ref,signal:planYearMissing
УО	ВСЕ	1340	1462	ГСМ, дизтопливо	225	225	3	epgrade:verified-benefit,signal:hasFact,signal:signed
УО	ВСЕ	1341	1463	Дератизация, дезинфекция	35.4	35.4	3	epgrade:verified-benefit,signal:hasFact,signal:signed
УО	ВСЕ	1342	1464	Содержание видеодомофона	40	40	3	epgrade:verified-benefit,signal:hasFact,signal:signed
УО	ВСЕ	1343	1465	ТО видеонаблюдения	60	60	3	epgrade:verified-benefit,signal:hasFact,signal:signed
УО	ВСЕ	1344	1466	ТО кнопки 112	40	40	3	epgrade:verified-benefit,signal:hasFact,signal:signed
УО	ВСЕ	1345	1467	Техосмотр автобуса (ТО2)	10	0	2	epgrade:verified-benefit,signal:planYearMissing
УО	ВСЕ	1346	1468	Запасные части на автобус	50	0	2	epgrade:verified-benefit,signal:planYearMissing
УО	ВСЕ	1347	1469	Обучение по технике безопасности, охрана труда, антикоррупция, 44-ФЗ	30	0	2	epgrade:verified-benefit,signal:planYearMissing
УО	ВСЕ	1348	1470	Контур экстерн	3.6	3.6	3	epgrade:lawful-exclusive,signal:hasFact,signal:signed
УО	ВСЕ	1349	1472	Производственный контроль	42.8	42.8	3	epgrade:discretionary,signal:hasFact,signal:signed
УО	ВСЕ	1350	1474	Мотокоса	22.2	0	2	epgrade:verified-benefit,signal:planYearMissing
УО	ВСЕ	1351	1475	Закупка БСО	28.1	28.1	3	epgrade:verified-benefit,signal:hasFact,signal:signed
УО	ВСЕ	1352	1476	Стройматериалы	146	0	2	epgrade:verified-benefit,signal:planYearMissing
УО	ВСЕ	1353	1479	СМС, перчатки, маски, бумага туал, стир порошок, средства для посудомоечной машины и парок	176.1	0	2	epgrade:verified-benefit,signal:planYearMissing
УО	ВСЕ	1354	1480	Специальная оценка труда	140.1	0	2	epgrade:verified-benefit,signal:planYearMissing
УО	ВСЕ	1355	1481	Моечная ванна	26.4	26.4	3	epgrade:verified-benefit,signal:hasFact,signal:signed
УО	ВСЕ	1356	1483	обслуживание вентиляционного оборудования	5.03	5.03	3	epgrade:verified-benefit,signal:hasFact,signal:signed
УО	ВСЕ	1357	1486	Электроизмерения	24.1	0	2	epgrade:verified-benefit,signal:planYearMissing
УО	ВСЕ	1358	1488	Техосмотр автобусов	18.5	6.80396	5	epgrade:verified-benefit,rule:status_on_data_rows,signal:epFactDeviation,signal:hasFact,signal:signed
УО	ВСЕ	1359	1489	ОСАГО	35.9	10.983	6	comment:promise_after_fact,epgrade:verified-benefit,rule:status_on_data_rows,signal:epFactDeviation,signal:hasFact,signal:signed
УО	ВСЕ	1360	1491	ГСМ	1500	250.416	6	epgrade:verified-benefit,rule:status_on_data_rows,signal:epFactDeviation,signal:epRisk,signal:hasFact,signal:signed
УО	ВСЕ	1361	1493	ремонт эл.печи	40	0	2	epgrade:verified-benefit,signal:planYearMissing
УО	ВСЕ	1362	1494	ремонт холодильного оборудования 	40	0	4	epgrade:verified-benefit,hygiene:G:edge_space,hygiene:G:invisible_char,signal:planYearMissing
УО	ВСЕ	1363	1495	Повышение квалификации	20	0	2	epgrade:verified-benefit,signal:planYearMissing
УО	ВСЕ	1364	1496	контур	33.6	33.6	3	epgrade:verified-benefit,signal:hasFact,signal:signed
УО	ВСЕ	1365	1498	веснин	33	33	3	epgrade:verified-benefit,signal:hasFact,signal:signed
УО	ВСЕ	1366	1499	производственный контроль	188.5	0	2	epgrade:discretionary,signal:planYearMissing
УО	ВСЕ	1367	1500	Медицинский осмотр	586.03	567.351	5	epgrade:verified-benefit,signal:economyFlag,signal:epFactDeviation,signal:hasFact,signal:signed
УО	ВСЕ	1368	1501	Предрейсовый медицинский осмотр	77.19	0	2	epgrade:verified-benefit,signal:planYearMissing
УО	ВСЕ	1369	1502	Гигиеническое обучение	22.28	0	2	epgrade:discretionary,signal:planYearMissing
УО	ВСЕ	1370	1503	эмаль акриловая 	31.5	0	4	epgrade:verified-benefit,hygiene:G:edge_space,hygiene:G:invisible_char,signal:planYearMissing
УО	ВСЕ	1371	1504	эмаль универсальная	40.6	0	2	epgrade:verified-benefit,signal:planYearMissing
УО	ВСЕ	1372	1505	валики	6.6	0	2	epgrade:verified-benefit,signal:planYearMissing
УО	ВСЕ	1373	1506	растворитель	4.48	0	2	epgrade:verified-benefit,signal:planYearMissing
УО	ВСЕ	1374	1507	уайт спирит	7.94	0	2	epgrade:verified-benefit,signal:planYearMissing
УО	ВСЕ	1375	1508	кисти	6	0	2	epgrade:verified-benefit,signal:planYearMissing
УО	ВСЕ	1376	1509	шпатлевка	21.1	0	2	epgrade:verified-benefit,signal:planYearMissing
УО	ВСЕ	1377	1510	стол из дерева твердых пород	42.6	0	2	epgrade:verified-benefit,signal:planYearMissing
УО	ВСЕ	1378	1512	бак	24.8	0	2	epgrade:verified-benefit,signal:planYearMissing
УО	ВСЕ	1379	1513	контейнер пластиковый	9.8	0	2	epgrade:verified-benefit,signal:planYearMissing
УО	ВСЕ	1380	1514	таз из нержавеющей стали	8	0	2	epgrade:verified-benefit,signal:planYearMissing
УО	ВСЕ	1381	1515	сковорода	25.2	0	2	epgrade:verified-benefit,signal:planYearMissing
УО	ВСЕ	1382	1516	ножи	12	0	2	epgrade:verified-benefit,signal:planYearMissing
УО	ВСЕ	1383	1517	вилка столовая	45	0	2	epgrade:verified-benefit,signal:planYearMissing
УО	ВСЕ	1384	1518	ложка столовая	45	0	2	epgrade:verified-benefit,signal:planYearMissing
УО	ВСЕ	1385	1519	тарелка глубокая 20 см	31.62	0	2	epgrade:verified-benefit,signal:planYearMissing
УО	ВСЕ	1386	1520	тарелка глубокая 22 см	27.36	0	2	epgrade:verified-benefit,signal:planYearMissing
УО	ВСЕ	1387	1521	тарелка мелкая 20 см	30.88	0	2	epgrade:verified-benefit,signal:planYearMissing
УО	ВСЕ	1388	1522	стакан граненый	10.8	0	2	epgrade:verified-benefit,signal:planYearMissing
УО	ВСЕ	1389	1523	доски разделочные	21.6	0	2	epgrade:verified-benefit,signal:planYearMissing
УО	ВСЕ	1390	1525	Квитанции ОКУД 0504510	10.5	0	2	epgrade:verified-benefit,signal:overdue
УО	ВСЕ	1391	1526	Овощи свежие	70	0	2	epgrade:verified-benefit,signal:overdue
УО	ВСЕ	1392	1527	Продукты прочие  (30 наименований, приправы, сухари панировочные, мармелад, лимонная кисло	500	0	4	epgrade:unfounded,hygiene:G:double_space,signal:overdue,signal:unmappedReasonEP
УО	ВСЕ	1393	1529	Бедро куриное	60	60	4	comment:promise_after_fact,epgrade:verified-benefit,signal:hasFact,signal:signed
УО	ВСЕ	1394	1530	Полуфабрикаты	599	0	2	epgrade:verified-benefit,signal:overdue
УО	ВСЕ	1395	1531	Хлеб, батон, хлебобулочные изделия	599	0	2	epgrade:verified-benefit,signal:planSoon
УО	ВСЕ	1396	1535	электроматериалы и хоз.потребности	22.475	22.475	3	epgrade:verified-benefit,signal:hasFact,signal:signed
УО	ВСЕ	1397	1536	СОУТ	43.2	43.2	3	epgrade:verified-benefit,signal:hasFact,signal:signed
УО	ВСЕ	1398	1537	дератизация, дезинсекция	101.75	101.745	3	epgrade:lawful-exclusive,signal:hasFact,signal:signed
УО	ВСЕ	1399	1538	ГСМ	600	600	3	epgrade:verified-benefit,signal:hasFact,signal:signed
УО	ВСЕ	1400	1539	ремонт мебели (предписание)	80.55894	80.55894	3	epgrade:verified-benefit,signal:hasFact,signal:signed
УО	ВСЕ	1401	1541	услуги электротехнической лаборатории	35	35	3	epgrade:verified-benefit,signal:hasFact,signal:signed
УО	ВСЕ	1402	1542	освидетельствование и обслуживание первичных средств пожаротушения (огнетушители)	15	9.19	5	epgrade:verified-benefit,rule:status_on_data_rows,signal:epFactDeviation,signal:hasFact,signal:signed
УО	ВСЕ	1403	1543	приобретение огнетушителей	3	0	2	epgrade:verified-benefit,signal:planYearMissing
УО	ВСЕ	1404	1544	техническое обслуживание и ремонт автобуса	34	0	2	epgrade:verified-benefit,signal:planYearMissing
УО	ВСЕ	1405	1545	приобретение и обновление программного обеспечения	150.9	0	2	epgrade:verified-benefit,signal:planYearMissing
УО	ВСЕ	1406	1546	медицинские осмотры 	256.57	256.57	5	epgrade:verified-benefit,hygiene:G:edge_space,hygiene:G:invisible_char,signal:hasFact,signal:signed
УО	ВСЕ	1407	1547	лабораторные исследования	45	0	1	epgrade:verified-benefit
УО	ВСЕ	1408	1548	ОСАГО	9	0	1	epgrade:verified-benefit
УО	ВСЕ	1409	1549	приобретение расходных материалов для подготовки к новому учебному году	53	0	2	epgrade:verified-benefit,signal:planYearMissing
УО	ВСЕ	1410	1550	приобретение СИЗов	26	0	2	epgrade:verified-benefit,signal:planYearMissing
УО	ВСЕ	1411	1551	ремонт и установка пожарных лестниц (Представление прокуратуры)	485	0	2	comment:missing_procedure_ref,signal:planYearMissing
УО	ВСЕ	1412	1552	приобретение хозяйственного инвентаря и расходных материалов	65	65	3	epgrade:verified-benefit,signal:hasFact,signal:signed
УО	ВСЕ	1413	1553	разработка программы энергоэффективности	15	0	2	epgrade:verified-benefit,signal:planYearMissing
УО	ВСЕ	1414	1554	приобретение и установка модема УУТЭ	18	18	3	epgrade:verified-benefit,signal:hasFact,signal:signed
УО	ВСЕ	1415	1555	приобретение посудомоечной машины	251.226	0	2	comment:missing_procedure_ref,signal:planYearMissing
УО	ВСЕ	1416	1556	ремонт асфальтобетонного покрытия территории учреждения (Предписание Роспотребнадзора)	3933.72	0	2	comment:missing_procedure_ref,signal:planYearMissing
УО	ВСЕ	1417	1557	реконструкция системы вентиляции пищеблока (Предписание Роспотребнадзора)	2827.82	0	2	comment:missing_procedure_ref,signal:planYearMissing
УО	ВСЕ	1418	1558	приобретение и установка солнцезащитных устройств в учебных кабинетах (Предписание Роспотр	478.8	0	2	comment:missing_procedure_ref,signal:planYearMissing
УО	ВСЕ	1419	1559	приобретение защитных экранов на радиаторы отопления (Предписание Роспотребнадзора)	268.3	0	2	comment:missing_procedure_ref,signal:planYearMissing
УО	ВСЕ	1420	1560	разработка паспорта безопасности ТС	15	15	3	epgrade:verified-benefit,signal:hasFact,signal:signed
УО	ВСЕ	1421	1561	приобретение и установка домофонов на калитки	435	0	2	comment:missing_procedure_ref,signal:planYearMissing
УО	ВСЕ	1422	1562	Установка дополнительных камер видеонаблюдения и модернизация устаревших	5193.76	4900	5	comment:foreign_text_in_ag,comment:missing_procedure_ref,signal:economyFlag,signal:hasFact,signal:signed
УО	ВСЕ	1423	1563	Мама, папа,я	30	30	4	epgrade:lawful-exclusive,hygiene:G:missing_space_after_punct,signal:hasFact,signal:signed
УО	ВСЕ	1424	1564	Медицинский осмотр	345.3	345.3	3	epgrade:verified-benefit,signal:hasFact,signal:signed
УО	ВСЕ	1425	1565	Гигиеническое обучение	112.8	112.8	3	epgrade:verified-benefit,signal:hasFact,signal:signed
УО	ВСЕ	1426	1566	Канцтовары для обучения	500	500	3	epgrade:verified-benefit,signal:hasFact,signal:signed
УО	ВСЕ	1427	1567	Электроизмерения	30	0	2	epgrade:verified-benefit,signal:planYearMissing
УО	ВСЕ	1428	1568	Пожарные испытания	3.72	0	2	epgrade:verified-benefit,signal:planYearMissing
УО	ВСЕ	1429	1569	Обслуживание и заправка огнетушителей	14.4	0	2	epgrade:verified-benefit,signal:planYearMissing
УО	ВСЕ	1430	1570	Дератизация, дезинфекция	13.6	0	2	epgrade:verified-benefit,signal:planYearMissing
УО	ВСЕ	1431	1571	Обучение по охране труда	82.5	0	2	epgrade:verified-benefit,signal:planYearMissing
УО	ВСЕ	1432	1572	Обучение по оказанию первой помощи	55	0	2	epgrade:verified-benefit,signal:planYearMissing
УО	ВСЕ	1433	1573	Производственный контроль (кухня) - 4 квартала	160	0	2	epgrade:lawful-exclusive,signal:planYearMissing
УО	ВСЕ	1434	1574	Производственный контроль (бассейн) - 4 квартала	111	0	2	epgrade:lawful-exclusive,signal:planYearMissing
УО	ВСЕ	1435	1575	Самоспасатель для дыхания на случай пожара	214.5	0	2	comment:missing_procedure_ref,signal:planYearMissing
УО	ВСЕ	1436	1576	Принтер	130	0	2	comment:missing_procedure_ref,signal:planYearMissing
УО	ВСЕ	1437	1577	Приобретение строительных материалов( лакокрасочные)	118.16	0	2	epgrade:discretionary,signal:planYearMissing
УО	ВСЕ	1438	1579	Медосмотр	319	319	3	epgrade:verified-benefit,signal:hasFact,signal:signed
УО	ВСЕ	1439	1580	Гигиеническое обучение	75.7	75.7	3	epgrade:verified-benefit,signal:hasFact,signal:signed
УО	ВСЕ	1440	1596	Вывоз снега	500	0	1	epgrade:verified-benefit
УО	ВСЕ	1441	1597	плановые обследования на заселенность членистоногими и грызунами	60	60	3	epgrade:discretionary,signal:hasFact,signal:signed
УО	ВСЕ	1442	1598	закупка аккумуляторов пож сигнализации	294	0	2	epgrade:discretionary,signal:planYearMissing
УО	ВСЕ	1443	1599	обновление ПО Вижен-софт	10	10	3	epgrade:discretionary,signal:hasFact,signal:signed
УО	ВСЕ	1444	1600	Закупка водонагревателей	125	0	2	epgrade:discretionary,signal:planYearMissing
УО	ВСЕ	1445	1601	Закупка пылесосов	60	0	2	epgrade:discretionary,signal:planYearMissing
УО	ВСЕ	1446	1602	Техобслуживание и расходные материалы, ГСМ для шнекоротора, триммера	50	0	2	epgrade:discretionary,signal:planYearMissing
УО	ВСЕ	1447	1603	Закупка моек для пищеблока (по предписанию)	225	0	2	comment:missing_procedure_ref,signal:planYearMissing
УО	ВСЕ	1448	1604	Приобретение лакокрасочных материалов, побелки, кистей, валиков для проведения текущего (к	300	70	5	epgrade:discretionary,rule:status_on_data_rows,signal:epFactDeviation,signal:hasFact,signal:signed
УО	ВСЕ	1449	1605	Закупка ковровых покрытий	102	0	2	comment:missing_procedure_ref,signal:planYearMissing
УО	ВСЕ	1450	1606	Ремонт и обслуживание электротехники	150	0	2	epgrade:discretionary,signal:planYearMissing
УО	ВСЕ	1451	1607	Периодический медосмотр, сан гигиеническое обучение	450	0	2	epgrade:discretionary,signal:planYearMissing
УО	ВСЕ	1452	1608	Услуги связи	120	0	1	epgrade:discretionary
УО	ВСЕ	1453	1609	Закупка расходных материалов (закупка светодиодных ламп, смесители, розетки и иные расходн	35	0	2	epgrade:discretionary,signal:planYearMissing
УО	ВСЕ	1454	1610	Услуги чистки вентиляции	50	0	2	epgrade:discretionary,signal:planYearMissing
УО	ВСЕ	1455	1611	ПО Контур	15	3.6	5	epgrade:discretionary,signal:economyFlag,signal:epFactDeviation,signal:hasFact,signal:signed
УО	ВСЕ	1456	1612	обслуживание и заправка огнетушителей	70	0	2	epgrade:verified-benefit,signal:planYearMissing
УО	ВСЕ	1457	1614	пожарные испытания	63	63	3	epgrade:verified-benefit,signal:hasFact,signal:signed
УО	ВСЕ	1458	1615	Электроизмерения	15	0	2	comment:missing_procedure_ref,signal:planYearMissing
УО	ВСЕ	1459	1616	дезинсекция	25.2	25.2	3	epgrade:verified-benefit,signal:hasFact,signal:signed
УО	ВСЕ	1460	1617	обследование на клещ	45	0	2	epgrade:verified-benefit,signal:planYearMissing
УО	ВСЕ	1461	1618	Обслуживание систем видеонаблюдения	20	20	3	epgrade:verified-benefit,signal:hasFact,signal:signed
УО	ВСЕ	1462	1619	ремонт и обслуживание технологического оборудования, автотранспорта	200	0	2	comment:missing_procedure_ref,signal:planYearMissing
УО	ВСЕ	1463	1620	поверка весов	5	0	2	comment:missing_procedure_ref,signal:planYearMissing
УО	ВСЕ	1464	1621	обучение по охране труда, ГО и ЧС, пожарно-техническому минимуму, повышение квалификации	56.2	5.256	5	epgrade:verified-benefit,rule:status_on_data_rows,signal:epFactDeviation,signal:hasFact,signal:signed
УО	ВСЕ	1465	1622	Программное обеспечение	100	0	2	epgrade:verified-benefit,signal:planYearMissing
УО	ВСЕ	1466	1623	бак обследование (лабораторные исследования)	84	84	3	epgrade:verified-benefit,signal:hasFact,signal:signed
УО	ВСЕ	1467	1624	периодический медосмотр	266.7	266.7	3	epgrade:verified-benefit,signal:hasFact,signal:signed
УО	ВСЕ	1468	1625	Сан-гигиеническое обучение	84.24539	84.24539	3	epgrade:verified-benefit,signal:hasFact,signal:signed
УО	ВСЕ	1469	1636	расчистка снега	200	0	2	comment:missing_procedure_ref,signal:planYearMissing
УО	ВСЕ	1470	1637	Приобретение линолеума	100	0	2	epgrade:discretionary,signal:planYearMissing
УО	ВСЕ	1471	1638	приобретение краски	150	0	2	epgrade:discretionary,signal:planYearMissing
УО	ВСЕ	1472	1639	приобретение кушетки в мед. Пункт	100	0	2	epgrade:discretionary,signal:planYearMissing
УО	ВСЕ	1473	1640	приобретение инструмента слесарного	30	0	2	epgrade:discretionary,signal:planYearMissing
УО	ВСЕ	1474	1641	обучение по пожарной безопасности, охране труда, антитеррору, первой помощи	12.3	12.3	3	epgrade:discretionary,signal:hasFact,signal:signed
УО	ВСЕ	1475	1642	Психиатрическое освидетельствование	15	0	2	epgrade:discretionary,signal:planYearMissing
УО	ВСЕ	1476	1643	Приобретение телевизоров для групп	100	93	5	epgrade:discretionary,rule:status_on_data_rows,signal:epFactDeviation,signal:hasFact,signal:signed
УО	ВСЕ	1477	1644	приобретение ноутбуков для образовательного процесса	100	68.6	5	epgrade:discretionary,signal:economyFlag,signal:epFactDeviation,signal:hasFact,signal:signed
УО	ВСЕ	1478	1645	приобретение учебных материалов	150	150	3	epgrade:discretionary,signal:hasFact,signal:signed
УО	ВСЕ	1479	1646	приобретение развивающих игрушек	200	200	3	epgrade:discretionary,signal:hasFact,signal:signed
УО	ВСЕ	1480	1647	приобретение уличных фигур	193.07	0	2	epgrade:discretionary,signal:planYearMissing
УО	ВСЕ	1481	1648	приобретение канцелярских товаров для образовательного процесса	200	0	2	epgrade:discretionary,signal:planSoon
УО	ВСЕ	1482	1650	пожарные испытания	20.16	20.16	3	epgrade:verified-benefit,signal:hasFact,signal:signed
УО	ВСЕ	1483	1651	Электоизмерения 1 р/год	27	0	2	epgrade:verified-benefit,signal:planYearMissing
УО	ВСЕ	1484	1652	Вывоз снега	200	200	3	epgrade:verified-benefit,signal:hasFact,signal:signed
УО	ВСЕ	1485	1653	дератизация	89.277	0	2	epgrade:verified-benefit,signal:planYearMissing
УО	ВСЕ	1486	1654	дезинсекция	7.089	0	2	epgrade:verified-benefit,signal:planYearMissing
УО	ВСЕ	1487	1655	проведения акарицидной обработки	6.347	6.347	3	epgrade:verified-benefit,signal:hasFact,signal:signed
УО	ВСЕ	1488	1656	Обслуживание технических средств охраны	30.78	30.78	3	epgrade:verified-benefit,signal:hasFact,signal:signed
УО	ВСЕ	1489	1657	Оказание услуг по диспетчеризации и техническому обслуживанию приборов учета тепловой энер	66	66	3	epgrade:verified-benefit,signal:hasFact,signal:signed
УО	ВСЕ	1490	1658	Обслуживание систем видеонаблюдения	78.2	78.2	3	epgrade:verified-benefit,signal:hasFact,signal:signed
УО	ВСЕ	1491	1659	обслуживание технических средств охраны (кнопка ТСО)	37.26	37.26	3	epgrade:verified-benefit,signal:hasFact,signal:signed
УО	ВСЕ	1492	1660	ТО приборов УТЭ и УПР	75.9	75.9	3	epgrade:verified-benefit,signal:hasFact,signal:signed
УО	ВСЕ	1493	1661	ремонт и обслуживание технологического оборудования, автотранспорта	534.06	534.06	3	epgrade:verified-benefit,signal:hasFact,signal:signed
УО	ВСЕ	1494	1662	поверка весов	18.065	0	2	epgrade:verified-benefit,signal:planYearMissing
УО	ВСЕ	1495	1663	обучение по охране труда, ГО и ЧС, пожарно-техническому минимуму, повышение квалификации	55.2	0	2	epgrade:verified-benefit,signal:planYearMissing
УО	ВСЕ	1496	1665	бак обследование (лабораторные исследования)	84	0	2	epgrade:verified-benefit,signal:planYearMissing
УО	ВСЕ	1497	1666	медосмотр	514.5	490.12	5	epgrade:verified-benefit,signal:economyFlag,signal:epFactDeviation,signal:hasFact,signal:signed
УО	ВСЕ	1498	1667	Сан-гигиеническое обучение	97.14	0	1	epgrade:verified-benefit
УО	ВСЕ	1499	1676	лакокрасочные изделия	70	70	3	epgrade:verified-benefit,signal:hasFact,signal:signed
УО	ВСЕ	1500	1678	поверка термометров	5.3802	5.3802	3	epgrade:verified-benefit,signal:hasFact,signal:signed
УО	ВСЕ	1501	1680	Замена светильников	35	0	2	epgrade:verified-benefit,signal:planYearMissing
УО	ВСЕ	1502	1681	ОСАГО	11.5	0	2	epgrade:verified-benefit,signal:planYearMissing
УО	ВСЕ	1503	1682	Ремонт электрооборудования (замена ТЭН)	27	21	5	epgrade:verified-benefit,rule:status_on_data_rows,signal:epFactDeviation,signal:hasFact,signal:signed
УО	ВСЕ	1504	1684	Песок	9	0	2	epgrade:verified-benefit,signal:planYearMissing
УО	ВСЕ	1505	1685	Диагностика ПЦР	28.5	0	2	epgrade:verified-benefit,signal:planYearMissing
УО	ВСЕ	1506	1689	Обслуживание здания	200	100	5	epgrade:verified-benefit,rule:status_on_data_rows,signal:epFactDeviation,signal:hasFact,signal:signed
УО	ВСЕ	1507	1690	Опрессовка	29	0	2	epgrade:verified-benefit,signal:planYearMissing
УО	ВСЕ	1508	1692	Выполнение  аварийно-ремонтных работ	300	0	3	epgrade:verified-benefit,hygiene:G:invisible_char,signal:planYearMissing
УО	ВСЕ	1509	1693	Хоз.нужды	100	0	2	epgrade:verified-benefit,signal:planYearMissing
УО	ВСЕ	1510	1694	обслуживание и заправка огнетушителей	6.93	0	2	epgrade:verified-benefit,signal:planYearMissing
УО	ВСЕ	1511	1696	пожарные испытания	93.48	0	2	comment:missing_procedure_ref,signal:planYearMissing
УО	ВСЕ	1512	1697	Электроизмерения	52.8	0	2	comment:missing_procedure_ref,signal:planYearMissing
УО	ВСЕ	1513	1698	дезинсекция	47.33316	47.33316	3	epgrade:verified-benefit,signal:hasFact,signal:signed
УО	ВСЕ	1514	1699	обследование на клещ	13.8	0	2	epgrade:verified-benefit,signal:planYearMissing
УО	ВСЕ	1515	1700	Обслуживание систем видеонаблюдения	78.2	53.88	6	epgrade:unfounded,rule:status_on_data_rows,signal:epFactDeviation,signal:epJustificationMissing,signal:hasFact,signal:signed
УО	ВСЕ	1516	1702	поверка весов	55.2	0	2	comment:missing_procedure_ref,signal:planYearMissing
УО	ВСЕ	1517	1703	обучение по охране труда, ГО и ЧС, пожарно-техническому минимуму, повышение квалификации	8	8	3	epgrade:verified-benefit,signal:hasFact,signal:signed
УО	ВСЕ	1518	1704	Программное обеспечение	28	0	2	epgrade:verified-benefit,signal:planYearMissing
УО	ВСЕ	1519	1705	бак обследование (лабораторные исследования)	84	84	3	epgrade:verified-benefit,signal:hasFact,signal:signed
УО	ВСЕ	1520	1706	периодический медосмотр	173.78	173.78	3	epgrade:verified-benefit,signal:hasFact,signal:signed
УО	ВСЕ	1521	1707	Сан-гигиеническое обучение	272	45.73321	5	epgrade:verified-benefit,rule:status_on_data_rows,signal:epFactDeviation,signal:hasFact,signal:signed
УО	ВСЕ	1522	1716	лакокрасочные изделия	183	0	2	comment:missing_procedure_ref,signal:planYearMissing
УО	ВСЕ	1523	1719	Техническое обслуживание СПС и СОУЭ	134.32	32.4	5	epgrade:verified-benefit,rule:status_on_data_rows,signal:epFactDeviation,signal:hasFact,signal:signed
УО	ВСЕ	1524	1720	обслуживание и заправка огнетушителей	17.1	17.1	3	epgrade:verified-benefit,signal:hasFact,signal:signed
УО	ВСЕ	1525	1722	пожарные испытания	93.48	0	2	comment:missing_procedure_ref,signal:planYearMissing
УО	ВСЕ	1526	1723	Электроизмерения	50	50	3	epgrade:verified-benefit,signal:hasFact,signal:signed
УО	ВСЕ	1527	1724	дезинфекция	16.38	16.38	3	epgrade:verified-benefit,signal:hasFact,signal:signed
УО	ВСЕ	1528	1725	обследование на клещ	13.8	4.8825	5	epgrade:verified-benefit,rule:status_on_data_rows,signal:epFactDeviation,signal:hasFact,signal:signed
УО	ВСЕ	1529	1726	Обслуживание систем видеонаблюдения	42	42	3	epgrade:verified-benefit,signal:hasFact,signal:signed
УО	ВСЕ	1530	1728	поверка весов	19.68653	19.68653	3	epgrade:verified-benefit,signal:hasFact,signal:signed
УО	ВСЕ	1531	1729	обучение по охране труда, ГО и ЧС, пожарно-техническому минимуму, повышение квалификации	12	12	3	epgrade:verified-benefit,signal:hasFact,signal:signed
УО	ВСЕ	1532	1730	Программное обеспечение	28	0	2	epgrade:verified-benefit,signal:planYearMissing
УО	ВСЕ	1533	1731	периодический медосмотр	215.84	215.84	3	epgrade:verified-benefit,signal:hasFact,signal:signed
УО	ВСЕ	1534	1732	Сан-гигиеническое обучение	48.14022	48.14	3	epgrade:verified-benefit,signal:hasFact,signal:signed
УО	ВСЕ	1535	1741	лакокрасочные изделия	50	50	3	epgrade:verified-benefit,signal:hasFact,signal:signed
УО	ВСЕ	1536	1744	Обновление Программы питания	10	0	2	epgrade:verified-benefit,signal:planYearMissing
УО	ВСЕ	1537	1745	ремонт веранд (материалы)	66.95	52.32	6	comment:promise_after_fact,epgrade:verified-benefit,rule:status_on_data_rows,signal:epFactDeviation,signal:hasFact,signal:signed
УО	ВСЕ	1538	1746	ремонт кух. И прач. Техники	100	0	2	epgrade:verified-benefit,signal:planYearMissing
УО	ВСЕ	1539	1747	Противопожарная обработка крыши	250	0	2	comment:missing_procedure_ref,signal:planYearMissing
УО	ВСЕ	1540	1748	Электролабораторные испытания	63	63	2	signal:hasFact,signal:signed
УО	ВСЕ	1541	1749	лабораторные исследования по противопожарной обработке крыши	15	0	2	epgrade:verified-benefit,signal:planYearMissing
УО	ВСЕ	1542	1750	Ноутбук	54.35	54.35	3	epgrade:verified-benefit,signal:hasFact,signal:signed
УО	ВСЕ	1543	1751	Медосмотр 	257.34	257.34	5	epgrade:verified-benefit,hygiene:G:edge_space,hygiene:G:invisible_char,signal:hasFact,signal:signed
УО	ВСЕ	1544	1752	Гигиеническое обучение (обязательное обучение правилам гигиены и санитарным нормам для тех	53.94	0	2	epgrade:verified-benefit,signal:overdue
УО	ВСЕ	1545	1753	Производственная программа ХААСП III квартал	30	30	4	comment:promise_after_fact,epgrade:verified-benefit,signal:hasFact,signal:signed
УО	ВСЕ	1546	1754	Учебные расходы	233.66	0	2	epgrade:verified-benefit,signal:planYearMissing
УО	ВСЕ	1547	1755	Газодымовые комплекты	120	83.2	5	epgrade:verified-benefit,rule:status_on_data_rows,signal:epFactDeviation,signal:hasFact,signal:signed
УО	ВСЕ	1548	1756	пожарные испытания	104.805	104.805	3	epgrade:verified-benefit,signal:hasFact,signal:signed
УО	ВСЕ	1549	1757	Электроизмерения ( диагностика электросети по всему зданию  с помощью приборов, чтобы пред	32	32	4	epgrade:verified-benefit,hygiene:G:double_space,signal:hasFact,signal:signed
УО	ВСЕ	1550	1758	Вывоз снега	200	200	3	epgrade:verified-benefit,signal:hasFact,signal:signed
УО	ВСЕ	1551	1759	обследование на клещ	13.8	13.8	3	epgrade:verified-benefit,signal:hasFact,signal:signed
УО	ВСЕ	1552	1760	Обслуживание систем видеонаблюдения	78.2	78.2	3	epgrade:verified-benefit,signal:hasFact,signal:signed
УО	ВСЕ	1553	1764	поверка весов	43.05032	43.05032	3	epgrade:verified-benefit,signal:hasFact,signal:signed
УО	ВСЕ	1554	1765	обучение по охране труда, ГО и ЧС, пожарно-техническому минимуму, повышение квалификации	55.2	0	2	epgrade:verified-benefit,signal:planYearMissing
УО	ВСЕ	1555	1766	Программное обеспечение	28	0	2	epgrade:verified-benefit,signal:planYearMissing
УО	ВСЕ	1556	1767	бак обследование (лабораторные исследования)	84	84	3	epgrade:verified-benefit,signal:hasFact,signal:signed
УО	ВСЕ	1557	1768	периодический медосмотр	514.5	440.72	5	epgrade:verified-benefit,rule:status_on_data_rows,signal:epFactDeviation,signal:hasFact,signal:signed
УО	ВСЕ	1558	1769	Сан-гигиеническое обучение	272	121.33	6	comment:promise_after_fact,epgrade:verified-benefit,rule:status_on_data_rows,signal:epFactDeviation,signal:hasFact,signal:signed
УО	ВСЕ	1559	1770	кровать 3-х ярусная	525	0	2	comment:missing_procedure_ref,signal:planYearMissing
УО	ВСЕ	1560	1773	стеллаж	60	0	2	comment:missing_procedure_ref,signal:planYearMissing
УО	ВСЕ	1561	1776	Бланки строгой отчетности	5.7	0	2	epgrade:verified-benefit,signal:planYearMissing
УО	ВСЕ	1562	1778	лакокрасочные изделия	183	70	6	comment:promise_after_fact,epgrade:verified-benefit,rule:status_on_data_rows,signal:epFactDeviation,signal:hasFact,signal:signed
УО	ВСЕ	1563	1779	мониторинг АПС (2,3,4 квартал)	22.5	22.5	3	epgrade:verified-benefit,signal:hasFact,signal:signed
УО	ВСЕ	1564	1780	СПС и СОУЭ (2,3,4 квартал)	40.5	40.5	3	epgrade:verified-benefit,signal:hasFact,signal:signed
УО	ВСЕ	1565	1781	Обслуживание вентиляционного оборудования 	4.8	0	4	epgrade:verified-benefit,hygiene:G:edge_space,hygiene:G:invisible_char,signal:planYearMissing
УО	ВСЕ	1566	1782	Уборка снега	200	200	3	epgrade:verified-benefit,signal:hasFact,signal:signed
УО	ВСЕ	1567	1783	Контур	3.6	3.6	3	epgrade:verified-benefit,signal:hasFact,signal:signed
УО	ВСЕ	1568	1784	Вижен Софт	10	0	2	epgrade:verified-benefit,signal:planYearMissing
УО	ВСЕ	1569	1785	Производственный контроль (ХААСП)	120	120	3	epgrade:verified-benefit,signal:hasFact,signal:signed
УО	ВСЕ	1570	1786	дератизация	98.804	98.804	3	epgrade:verified-benefit,signal:hasFact,signal:signed
УО	ВСЕ	1571	1787	дезинфекция	9	0	2	epgrade:verified-benefit,signal:planYearMissing
УО	ВСЕ	1572	1788	дезинфекция постельных принадлежностей	68	54.4	5	epgrade:verified-benefit,rule:status_on_data_rows,signal:epFactDeviation,signal:hasFact,signal:signed
УО	ВСЕ	1573	1789	Мягкий инвентарь	29.18	0	2	epgrade:verified-benefit,signal:planYearMissing
УО	ВСЕ	1574	1791	Лакокрасочные изделия	50	50	3	epgrade:verified-benefit,signal:hasFact,signal:signed
УО	ВСЕ	1575	1793	поверка манометров	4.3	0	2	epgrade:verified-benefit,signal:planYearMissing
УО	ВСЕ	1576	1794	поверка весов	16.34	0	2	epgrade:verified-benefit,signal:planYearMissing
УО	ВСЕ	1577	1795	Замена светильников	35	0	2	epgrade:verified-benefit,signal:planYearMissing
УО	ВСЕ	1578	1796	Видеонаблюдение 	28.5	26.8	7	epgrade:verified-benefit,hygiene:G:edge_space,hygiene:G:invisible_char,rule:status_on_data_rows,signal:epFactDeviation,signal:hasFact,signal:signed
УО	ВСЕ	1579	1797	Ремонт электрооборудования	40	0	2	epgrade:verified-benefit,signal:planYearMissing
УО	ВСЕ	1580	1798	Водонагреватель	22	0	2	epgrade:verified-benefit,signal:planYearMissing
УО	ВСЕ	1581	1799	Песок	8	0	2	epgrade:verified-benefit,signal:planYearMissing
УО	ВСЕ	1582	1800	Мед. осмотр	240	228.76	5	epgrade:verified-benefit,signal:economyFlag,signal:epFactDeviation,signal:hasFact,signal:signed
УО	ВСЕ	1583	1801	Бак Анализ	13.4	0	2	epgrade:verified-benefit,signal:planYearMissing
УО	ВСЕ	1584	1802	Сан Гигиен. Обучение	52.95425	52.95425	3	epgrade:verified-benefit,signal:hasFact,signal:signed
УО	ВСЕ	1585	1803	Обслуживание здания	125	125	4	epgrade:verified-benefit,signal:earlyClosure,signal:hasFact,signal:signed
УО	ВСЕ	1586	1804	Опрессовка	28	28	3	epgrade:verified-benefit,signal:hasFact,signal:signed
УО	ВСЕ	1587	1805	Уборка снега	35	35	3	epgrade:verified-benefit,signal:hasFact,signal:signed
УО	ВСЕ	1588	1806	Испытание диэлектрических средств защиты	13.8	0	2	epgrade:verified-benefit,signal:planYearMissing
УО	ВСЕ	1589	1807	Элемент питания 	45	0	4	epgrade:verified-benefit,hygiene:G:edge_space,hygiene:G:invisible_char,signal:planYearMissing
УО	ВСЕ	1590	1808	Тех обслуживание СПС и СОУЭ	19.2	0	2	epgrade:verified-benefit,signal:planYearMissing
УО	ВСЕ	1591	1809	Обслуживание противопожарных дверей	9.6	9.6	3	epgrade:verified-benefit,signal:hasFact,signal:signed
УО	ВСЕ	1592	1810	средства индивидуальной защиты	5.8	0	2	epgrade:verified-benefit,signal:planYearMissing
УО	ВСЕ	1593	1811	техническое обслуживание огнетушителей	8.52	8.52	3	epgrade:verified-benefit,signal:hasFact,signal:signed
УО	ВСЕ	1594	1812	огнетушители	27	0	2	epgrade:verified-benefit,signal:planYearMissing
УО	ВСЕ	1595	1813	Испытание и измерение в электрооборудованиях 	86	0	4	epgrade:verified-benefit,hygiene:G:edge_space,hygiene:G:invisible_char,signal:planYearMissing
УО	ВСЕ	1596	1814	Хоз.товары (смесители,доводчики, краны)	150	0	3	epgrade:verified-benefit,hygiene:G:missing_space_after_punct,signal:planYearMissing
УО	ВСЕ	1597	1815	Омега	38.4	0	2	epgrade:verified-benefit,signal:planYearMissing
УО	ВСЕ	1598	1816	Проведение специальной оценки условий труда	59.2	59.2	3	epgrade:verified-benefit,signal:hasFact,signal:signed
УО	ВСЕ	1599	1817	Проведение оценки профессиональных рисков	13	13	3	epgrade:verified-benefit,signal:hasFact,signal:signed
УО	ВСЕ	1600	1818	Разработка системы управления охраной труда	32.3	32.3	3	epgrade:verified-benefit,signal:hasFact,signal:signed
УО	ВСЕ	1601	1819	Лакокрасочные материалы для проведения текущего ремонта (ограждение по периметру, деревянн	70	70	3	epgrade:verified-benefit,signal:hasFact,signal:signed
УО	ВСЕ	1602	1820	Цемент для ремонта крылец, ступеней	25	0	2	epgrade:verified-benefit,signal:planYearMissing
УО	ВСЕ	1603	1821	Инструмент для хозяйственных нужд (лопаты, грабли, метлы)	50.9985	50.9985	3	epgrade:verified-benefit,signal:hasFact,signal:signed
УО	ВСЕ	1604	1822	Ремонт и замена механизмов оконных створок	94	94	3	epgrade:verified-benefit,signal:hasFact,signal:signed
УО	ВСЕ	1605	1823	Техническое обслуживание и ремонт шнекоротора	100	0	2	epgrade:verified-benefit,signal:planYearMissing
УО	ВСЕ	1606	1824	Расходный материал (масло, бензин) для шнекоротора	40	0	2	epgrade:verified-benefit,signal:planYearMissing
УО	ВСЕ	1607	1825	Посуда	70	0	2	epgrade:verified-benefit,signal:planYearMissing
УО	ВСЕ	1608	1826	Детское постельное белье	1800	0	2	comment:missing_procedure_ref,signal:planYearMissing
УО	ВСЕ	1609	1827	Полотенца	560	0	2	comment:missing_procedure_ref,signal:planYearMissing
УО	ВСЕ	1610	1828	Производственный контроль	178.42	178.42	3	epgrade:verified-benefit,signal:hasFact,signal:signed
УО	ВСЕ	1611	1829	Бактерицидные облучатель	17.04	0	2	epgrade:verified-benefit,signal:planYearMissing
УО	ВСЕ	1612	1830	Спецодежда	45.2	45.2	3	epgrade:verified-benefit,signal:hasFact,signal:signed
УО	ВСЕ	1613	1831	Светодиодные лампы для светильников	50	0	2	epgrade:verified-benefit,signal:planYearMissing
УО	ВСЕ	1614	1832	Тепловентиляторы для сушки детской одежды	60	0	2	epgrade:verified-benefit,signal:planYearMissing
УО	ВСЕ	1615	1833	Песок	50	18.5	5	epgrade:verified-benefit,rule:status_on_data_rows,signal:epFactDeviation,signal:hasFact,signal:signed
УО	ВСЕ	1616	1834	Мягкий инвентарь	200	0	2	epgrade:verified-benefit,signal:planYearMissing
УО	ВСЕ	1617	1835	Камерная обработка постельных принадлежностей	56	0	2	epgrade:verified-benefit,signal:planYearMissing
УО	ВСЕ	1618	1836	Электрозамеры до 1000В	29	29	3	epgrade:verified-benefit,signal:hasFact,signal:signed
УО	ВСЕ	1619	1837	Установка ограждений для детских площадок	500	0	2	epgrade:verified-benefit,signal:planYearMissing
УО	ВСЕ	1620	1838	 диски и зимняя резина на УАЗ-390995-04	55	0	4	epgrade:verified-benefit,hygiene:G:edge_space,hygiene:G:invisible_char,signal:planYearMissing
УО	ВСЕ	1621	1839	горюче-смазочные материалы на УАЗ-390995-04	30	0	2	epgrade:verified-benefit,signal:planYearMissing
УО	ВСЕ	1622	1840	разработка программы в области энергосбережения	12.9	12.9	3	epgrade:verified-benefit,signal:hasFact,signal:signed
УО	ВСЕ	1623	1841	ТСО видеонаблюдения, установка дополнительных камер видеонаблюдения	98	0	2	epgrade:verified-benefit,signal:planYearMissing
УО	ВСЕ	1624	1842	Обслуживание вентиляции	60	60	3	epgrade:verified-benefit,signal:hasFact,signal:signed
УО	ВСЕ	1625	1843	Установка дополнительных вентиляционных  зонтов на кухне 	500	0	5	comment:missing_procedure_ref,hygiene:G:double_space,hygiene:G:edge_space,hygiene:G:invisible_char,signal:planYearMissing
УО	ВСЕ	1626	1844	Проведение электроизмерений и электроиспытаний в электроустановках	73.2	0	2	epgrade:verified-benefit,signal:planYearMissing
УО	ВСЕ	1627	1845	Оценка рисков (ОРИСК)	65	0	2	epgrade:verified-benefit,signal:planYearMissing
УО	ВСЕ	1628	1847	фартук-сарафан 	30.6	0	4	epgrade:verified-benefit,hygiene:G:edge_space,hygiene:G:invisible_char,signal:planYearMissing
УО	ВСЕ	1629	1848	 тент-чехол для белья 	24.15	0	4	epgrade:verified-benefit,hygiene:G:edge_space,hygiene:G:invisible_char,signal:planYearMissing
УО	ВСЕ	1630	1849	водонагреватель	28	28	3	epgrade:verified-benefit,signal:hasFact,signal:signed
УО	ВСЕ	1631	1850	пылесос	27	0	2	epgrade:verified-benefit,signal:planYearMissing
УО	ВСЕ	1632	1851	утюг	21	0	2	epgrade:verified-benefit,signal:planYearMissing
УО	ВСЕ	1633	1852	Обучение охране труда	160	0	2	epgrade:verified-benefit,signal:planYearMissing
УО	ВСЕ	1634	1853	Обучение по пожарной безопасности, коррупционной политике и антитеррористической защищенно	20	20	3	epgrade:verified-benefit,signal:hasFact,signal:signed
УО	ВСЕ	1635	1854	Программное обеспечение "Контур"	150	150	3	epgrade:verified-benefit,signal:hasFact,signal:signed
УО	ВСЕ	1636	1855	дезинфекция постельных принадлежностей	150	0	2	epgrade:verified-benefit,signal:planYearMissing
УО	ВСЕ	1637	1856	Утилизация оргтехники, люминесцентных ламп, электрооборудования	150	0	2	epgrade:verified-benefit,signal:planYearMissing
УО	ВСЕ	1638	1858	Дефектовочные ведомости на списание для утилизации электрооборудования, оргтехники	3	3	3	epgrade:verified-benefit,signal:hasFact,signal:signed
УО	ВСЕ	1639	1859	краска для забора по металлу цвет вишневый 25 кг	130	0	2	epgrade:verified-benefit,signal:planYearMissing
УО	ВСЕ	1640	1860	Краска эмаль ПФ-115 белая глянцевая 	40	0	4	epgrade:verified-benefit,hygiene:G:edge_space,hygiene:G:invisible_char,signal:planYearMissing
УО	ВСЕ	1641	1861	Краска водоэмульсионная моющаяся белая 	45	0	4	epgrade:verified-benefit,hygiene:G:edge_space,hygiene:G:invisible_char,signal:planYearMissing
УО	ВСЕ	1642	1862	Шпатлевка для внутренних работ Террако	20	0	2	epgrade:verified-benefit,signal:planYearMissing
УО	ВСЕ	1643	1863	лопата совковая	15	15	3	epgrade:verified-benefit,signal:hasFact,signal:signed
УО	ВСЕ	1644	1864	грабли	15	15	3	epgrade:verified-benefit,signal:hasFact,signal:signed
УО	ВСЕ	1645	1865	веник	10	10	3	epgrade:verified-benefit,signal:hasFact,signal:signed
УО	ВСЕ	1646	1866	метла	5	5	3	epgrade:verified-benefit,signal:hasFact,signal:signed
УО	ВСЕ	1647	1867	плита шестиконфорочная с духовым шкафом	165	0	2	comment:missing_procedure_ref,signal:planYearMissing
УО	ВСЕ	1648	1868	холодильный стол	280	0	2	comment:missing_procedure_ref,signal:planYearMissing
УО	ВСЕ	1649	1869	миксер планетарный	65	0	2	epgrade:verified-benefit,signal:planYearMissing
УО	ВСЕ	1650	1870	лампы для искусственной освещенности в группах	50	0	2	epgrade:verified-benefit,signal:planYearMissing
УО	ВСЕ	1651	1871	тара для перевозки пищевых продуктов 	50	0	4	epgrade:verified-benefit,hygiene:G:edge_space,hygiene:G:invisible_char,signal:planYearMissing
УО	ВСЕ	1652	1872	аккумуляторные батареи для АПС	50	0	2	epgrade:verified-benefit,signal:planYearMissing
УО	ВСЕ	1653	1873	Прибор приемно- контрольный охранно- пожарный "NV 8308"	17	17	3	epgrade:verified-benefit,signal:hasFact,signal:signed
УО	ВСЕ	1654	1874	оргтехника ( 2 принтера, 2 ноутбука)	180	180	3	epgrade:verified-benefit,signal:hasFact,signal:signed
УО	ВСЕ	1655	1875	программное обеспечение для оперативной памяти	60	60	3	epgrade:verified-benefit,signal:hasFact,signal:signed
УО	ВСЕ	1656	1876	заправка картриджей	30	30	3	epgrade:verified-benefit,signal:hasFact,signal:signed
УО	ВСЕ	1657	1878	канцелярия (альбомы, краски (гуашь, акварель), клей, цветные карандаши, цветная бумага, ка	220	220	3	epgrade:verified-benefit,signal:hasFact,signal:signed
УО	ВСЕ	1658	1879	дидактические игры и игрушки	160	160	3	epgrade:verified-benefit,signal:hasFact,signal:signed
УО	ВСЕ	1659	1880	детская художественная литература 	50	50	5	epgrade:verified-benefit,hygiene:G:edge_space,hygiene:G:invisible_char,signal:hasFact,signal:signed
УО	ВСЕ	1660	1881	МАФы	750	750	4	epgrade:verified-benefit,signal:epRisk,signal:hasFact,signal:signed
УО	ВСЕ	1661	1882	медосмотр	666.27	666.27	4	epgrade:verified-benefit,signal:epRisk,signal:hasFact,signal:signed
УО	ВСЕ	1662	1883	детская игровая мебель	100	0	2	epgrade:verified-benefit,signal:planYearMissing
УО	ВСЕ	1663	1884	Производственный контроль	90	90	3	epgrade:verified-benefit,signal:hasFact,signal:signed
УО	ВСЕ	1664	1886	Расчистка территории от снега	100	0	2	epgrade:verified-benefit,signal:planYearMissing
УО	ВСЕ	1665	1888	Специальная оценка условий труда	23.8	23.8	3	epgrade:verified-benefit,signal:hasFact,signal:signed
УО	ВСЕ	1666	1889	Обслуживание программы Вижен Софт	10	10	3	epgrade:verified-benefit,signal:hasFact,signal:signed
УО	ВСЕ	1667	1890	Медицинский осмотр	252	212.98	5	epgrade:verified-benefit,rule:status_on_data_rows,signal:epFactDeviation,signal:hasFact,signal:signed
УО	ВСЕ	1668	1891	камерная дезинфекция белья 	64	64	5	epgrade:verified-benefit,hygiene:G:edge_space,hygiene:G:invisible_char,signal:hasFact,signal:signed
УО	ВСЕ	1669	1892	обслуживание сплит системы на пищеблоке	19.5	0	2	epgrade:verified-benefit,signal:planYearMissing
УО	ВСЕ	1670	1895	Обследование территории на наличие клещей	8	6.825	5	epgrade:verified-benefit,rule:status_on_data_rows,signal:epFactDeviation,signal:hasFact,signal:signed
УО	ВСЕ	1671	1896	аварийные работы инженерных сетей 	60	60	5	epgrade:verified-benefit,hygiene:G:edge_space,hygiene:G:invisible_char,signal:hasFact,signal:signed
УО	ВСЕ	1672	1897	обслуживание противопожарных дверей	12	12	3	epgrade:verified-benefit,signal:hasFact,signal:signed
УО	ВСЕ	1673	1898	обслуживание пож.гидранта	9	9	3	epgrade:verified-benefit,signal:hasFact,signal:signed
УО	ВСЕ	1674	1899	обслуживание огнетушителей	10	10	3	epgrade:verified-benefit,signal:hasFact,signal:signed
УО	ВСЕ	1675	1900	Сопровождение программы Контур Экстерн	4	0	2	epgrade:verified-benefit,signal:planYearMissing
УО	ВСЕ	1676	1901	Оборудование и монтаж работы по ремонту откатных ворот	42	42	3	epgrade:verified-benefit,signal:hasFact,signal:signed
УО	ВСЕ	1677	1902	Замена оборудования для системы видеонаблюдения	51.5	51.5	3	epgrade:verified-benefit,signal:hasFact,signal:signed
УО	ВСЕ	1678	1903	Учеба сотрудников	70	70	3	epgrade:verified-benefit,signal:hasFact,signal:signed
УО	ВСЕ	1679	1904	Приобретение электроплиты	84	84	3	epgrade:verified-benefit,signal:hasFact,signal:signed
УО	ВСЕ	1680	1905	Промывка,опрессовка системы отопления	25	25	4	epgrade:verified-benefit,hygiene:G:missing_space_after_punct,signal:hasFact,signal:signed
УО	ВСЕ	1681	1906	Медосмотр сотрудников	279	279	3	epgrade:verified-benefit,signal:hasFact,signal:signed
УО	ВСЕ	1682	1907	Приобретение мебели	200	0	2	comment:missing_procedure_ref,signal:planYearMissing
УО	ВСЕ	1683	1908	 Заправка картриджей и ремонт оргтехники	50	0	4	epgrade:verified-benefit,hygiene:G:edge_space,hygiene:G:invisible_char,signal:planYearMissing
УО	ВСЕ	1684	1909	Обслуживание программы Контур-Экстерн	3.6	3.6	3	epgrade:verified-benefit,signal:hasFact,signal:signed
УО	ВСЕ	1685	1910	Обслуживание программы Вижен-Софт	9	9	3	epgrade:verified-benefit,signal:hasFact,signal:signed
УО	ВСЕ	1686	1911	Поверка мед приборов	20.79246	20.79246	3	epgrade:verified-benefit,signal:hasFact,signal:signed
УО	ВСЕ	1687	1912	Обслуживание вентиляции	10	10	3	epgrade:verified-benefit,signal:hasFact,signal:signed
УО	ВСЕ	1688	1913	Приобретение канцтоваров 	100	100	5	epgrade:verified-benefit,hygiene:G:edge_space,hygiene:G:invisible_char,signal:hasFact,signal:signed
УО	ВСЕ	1689	1914	Хоз инвентарь	50	0	2	epgrade:verified-benefit,signal:planYearMissing
УО	ВСЕ	1690	1915	Оценка рисков (ОРИСК)	65	0	2	epgrade:verified-benefit,signal:planYearMissing
УО	ВСЕ	1691	1916	Производственный контроль основанный на принципах ХАССП	150	150	3	epgrade:verified-benefit,signal:hasFact,signal:signed
УО	ВСЕ	1692	1918	Приобретение дидактических материалов 	150	0	4	epgrade:verified-benefit,hygiene:G:edge_space,hygiene:G:invisible_char,signal:planYearMissing
УО	ВСЕ	1693	1919	водонагреватель	30	0	2	epgrade:verified-benefit,signal:planYearMissing
УО	ВСЕ	1694	1920	утюг	21	0	2	epgrade:verified-benefit,signal:planYearMissing
УО	ВСЕ	1695	1921	Обучение охране труда	35	0	2	epgrade:verified-benefit,signal:planYearMissing
УО	ВСЕ	1696	1922	Обучение по пожарной безопасности, коррупционной политике и антитеррористической защищенно	20	0	2	epgrade:verified-benefit,signal:planYearMissing
УО	ВСЕ	1697	1923	Утилизация пищевых отходов	20	20	3	epgrade:verified-benefit,signal:hasFact,signal:signed
УО	ВСЕ	1698	1924	Годовая безлимитная подписка на обучение	35	35	3	epgrade:verified-benefit,signal:hasFact,signal:signed
УО	ВСЕ	1699	1925	ЭС М-Пресс	66	66	3	epgrade:verified-benefit,signal:hasFact,signal:signed
УО	ВСЕ	1700	1926	ПСД на систему передачи извещения о пожаре	6	6	3	epgrade:verified-benefit,signal:hasFact,signal:signed
УО	ВСЕ	1701	1927	Утилизация оргтехники, люминесцентных ламп, электрооборудования	80	0	2	comment:missing_procedure_ref,signal:planYearMissing
УО	ВСЕ	1702	1928	Бланки строгой отчетности	2	2	3	epgrade:verified-benefit,signal:hasFact,signal:signed
УО	ВСЕ	1703	1929	Дефектовочные ведомости на списание для утилизации электрооборудования, оргтехники	2	0	2	epgrade:verified-benefit,signal:planYearMissing
УО	ВСЕ	1704	1930	Лакокрасочные на тек ремонт (краска , шпатлевка, эмаль)	60	25	6	epgrade:verified-benefit,hygiene:G:space_before_punct,rule:status_on_data_rows,signal:epFactDeviation,signal:hasFact,signal:signed
УО	ВСЕ	1705	1934	лампы для искусственной освещенности в группах	15	0	2	epgrade:verified-benefit,signal:planYearMissing
УО	ВСЕ	1706	1935	Камерная дезинфекция постельных принадлежностей (матрацы)	50	50	3	epgrade:verified-benefit,signal:hasFact,signal:signed
УО	ВСЕ	1707	1936	Завоз песка	3	0	2	epgrade:verified-benefit,signal:planYearMissing
УО	ВСЕ	1708	1937	Акарицидная обработка территории (обследование)	10	10	3	epgrade:verified-benefit,signal:hasFact,signal:signed
УО	ВСЕ	1709	1938	Дератизация помещений, территории (2 раза в год)	9	9	3	epgrade:verified-benefit,signal:hasFact,signal:signed
УО	ВСЕ	1710	1939	Дератизация помещений, территории (2 раза в год)	10	0	2	epgrade:verified-benefit,signal:planYearMissing
УО	ВСЕ	1711	1940	Дезинфекция, дезинсекция помещений	10	0	2	epgrade:verified-benefit,signal:planYearMissing
УО	ВСЕ	1712	1941	Поверка весов	20	0	2	epgrade:verified-benefit,signal:planYearMissing
УО	ВСЕ	1713	1942	Лабораторные исследования (анализы работники пищеблока)	12	0	2	epgrade:verified-benefit,signal:planYearMissing
УО	ВСЕ	1714	1943	 ЭЛЕКТРОЗАМЕРЫ    	40	0	4	epgrade:verified-benefit,hygiene:G:edge_space,hygiene:G:invisible_char,signal:planYearMissing
УО	ВСЕ	1715	1944	Лакокрасочные материалы на косметический ремонт	60	60	4	comment:promise_after_fact,epgrade:verified-benefit,signal:hasFact,signal:signed
УО	ВСЕ	1716	1945	Технологическое оборудование (ремонт пароконвектомата)	21.3	21.3	3	epgrade:verified-benefit,signal:hasFact,signal:signed
УО	ВСЕ	1717	1946	Водонагреватель в бассейн 	44	44	6	comment:promise_after_fact,epgrade:verified-benefit,hygiene:G:edge_space,hygiene:G:invisible_char,signal:hasFact,signal:signed
УО	ВСЕ	1718	1947	скатертная ткань для пошива салфеток на обеденные столы 	13	0	4	epgrade:verified-benefit,hygiene:G:edge_space,hygiene:G:invisible_char,signal:planYearMissing
УО	ВСЕ	1719	1948	посуда ( тарелки глубокие, кружки, кастрюли) на группы	100	0	2	epgrade:verified-benefit,signal:planYearMissing
УО	ВСЕ	1720	1949	шкаф хлебный из нержавеющей стали на пищеблок	50	0	2	epgrade:verified-benefit,signal:planYearMissing
УО	ВСЕ	1721	1950	стеллаж для хранения кухонной посуды на пищеблок 1200*600*1600 (2 шт)	70	0	2	epgrade:verified-benefit,signal:planYearMissing
УО	ВСЕ	1722	1951	рукомойник на пищеблок 1 шт	10.5	10.5	3	epgrade:verified-benefit,signal:hasFact,signal:signed
УО	ВСЕ	1723	1952	поверка весов	18.27072	18	4	epgrade:verified-benefit,signal:epFactDeviation,signal:hasFact,signal:signed
УО	ВСЕ	1724	1953	контур	50	50	3	epgrade:verified-benefit,signal:hasFact,signal:signed
УО	ВСЕ	1725	1954	сертификат	4.8	4.8	3	epgrade:verified-benefit,signal:hasFact,signal:signed
УО	ВСЕ	1726	1955	пр. контроль	66.5	66.5	3	epgrade:verified-benefit,signal:hasFact,signal:signed
УО	ВСЕ	1727	1956	комплектующие к извещателям	150	0	1	epgrade:verified-benefit
УО	ВСЕ	1728	1957	пожарные испытания	7.48	7.48	3	epgrade:verified-benefit,signal:hasFact,signal:signed
УО	ВСЕ	1729	1958	Электроизмерения	45	0	1	epgrade:verified-benefit
УО	ВСЕ	1730	1959	опрессовка	25	25	3	epgrade:verified-benefit,signal:hasFact,signal:signed
УО	ВСЕ	1731	1960	поверка приборов учета	14.3	14.3	3	epgrade:verified-benefit,signal:hasFact,signal:signed
УО	ВСЕ	1732	1961	ремонт плиты	18.5	0	2	epgrade:verified-benefit,signal:planYearMissing
УО	ВСЕ	1733	1962	проволока	3.8	0	2	epgrade:verified-benefit,signal:planYearMissing
УО	ВСЕ	1734	1963	саморезы	1.5	0	2	epgrade:verified-benefit,signal:planYearMissing
УО	ВСЕ	1735	1964	гвозди 80	1.25	0	2	epgrade:verified-benefit,signal:planYearMissing
УО	ВСЕ	1736	1965	доски 50*100	9.75	0	2	epgrade:verified-benefit,signal:planYearMissing
УО	ВСЕ	1737	1966	брус 100*100	20	0	2	epgrade:verified-benefit,signal:planYearMissing
УО	ВСЕ	1738	1967	уголки	3.6	0	2	epgrade:verified-benefit,signal:planYearMissing
УО	ВСЕ	1739	1968	цемент	9	0	2	epgrade:verified-benefit,signal:planYearMissing
УО	ВСЕ	1740	1969	краска	27.5	27.5	3	epgrade:verified-benefit,signal:hasFact,signal:signed
УО	ВСЕ	1741	1970	ограждение для участков	46	0	2	epgrade:verified-benefit,signal:planYearMissing
УО	ВСЕ	1742	1971	Электроизмерения	80	0	2	epgrade:verified-benefit,signal:planSoon
УО	ВСЕ	1743	1972	камерная обработка постелей	120	0	2	epgrade:verified-benefit,signal:planYearMissing
УО	ВСЕ	1744	1973	ремонт эл.печи	43.2	0	2	epgrade:verified-benefit,signal:planYearMissing
УО	ВСЕ	1745	1974	ремонт холодильного оборудования 	61.2	0	4	epgrade:verified-benefit,hygiene:G:edge_space,hygiene:G:invisible_char,signal:planYearMissing
УО	ВСЕ	1746	1975	ремонт стиральной машины	36	0	2	epgrade:verified-benefit,signal:planYearMissing
УО	ВСЕ	1747	1976	Поверка весов	28.5	0	2	epgrade:verified-benefit,signal:planYearMissing
УО	ВСЕ	1748	1978	контур	3.6	3.6	3	epgrade:verified-benefit,signal:hasFact,signal:signed
УО	ВСЕ	1749	1979	вижен-софт	18	0	2	epgrade:verified-benefit,signal:planYearMissing
УО	ВСЕ	1750	1980	смарт	13.2	0	2	epgrade:verified-benefit,signal:planYearMissing
УО	ВСЕ	1751	1981	производственный контроль	220	94.69	5	epgrade:verified-benefit,rule:status_on_data_rows,signal:epFactDeviation,signal:hasFact,signal:signed
УО	ВСЕ	1752	1982	Медицинский осмотр	303	251	5	epgrade:verified-benefit,rule:status_on_data_rows,signal:epFactDeviation,signal:hasFact,signal:signed
УО	ВСЕ	1753	1983	Гигиеническое обучение	172	0	1	epgrade:verified-benefit
УО	ВСЕ	1754	1984	Стиральная машина	130.5	0	2	comment:missing_procedure_ref,signal:planYearMissing
УО	ВСЕ	1755	1997	ковер	50	0	2	epgrade:verified-benefit,signal:planYearMissing
УО	ВСЕ	1756	1998	наматрасники	63	0	2	epgrade:verified-benefit,signal:planYearMissing
УО	ВСЕ	1757	1999	стол из дерева твердых пород	42.6	0	2	epgrade:verified-benefit,signal:planYearMissing
УО	ВСЕ	1758	2001	бак	24.8	0	2	epgrade:verified-benefit,signal:planYearMissing
УО	ВСЕ	1759	2002	контейнер пластиковый	8	0	2	epgrade:verified-benefit,signal:planYearMissing
УО	ВСЕ	1760	2003	таз из нержавеющей стали	8	0	2	epgrade:verified-benefit,signal:planYearMissing
УО	ВСЕ	1761	2004	сковорода	25.2	0	2	epgrade:verified-benefit,signal:planYearMissing
УО	ВСЕ	1762	2005	ножи	12	0	2	epgrade:verified-benefit,signal:planYearMissing
УО	ВСЕ	1763	2006	доски разделочные	21.6	0	2	epgrade:verified-benefit,signal:planYearMissing
УО	ВСЕ	1764	2008	Квитанции ОКУД 0504510	10.5	0	2	epgrade:verified-benefit,signal:planYearMissing
УО	ВСЕ	1765	2009	Яйцо куриное	30	30	3	epgrade:verified-benefit,signal:hasFact,signal:signed
УО	ВСЕ	1766	2010	Овощи свежие	68	68	3	epgrade:verified-benefit,signal:hasFact,signal:signed
УО	ВСЕ	1767	2011	Филе куриное	16	7.8	5	epgrade:verified-benefit,rule:status_on_data_rows,signal:epFactDeviation,signal:hasFact,signal:signed
УО	ВСЕ	1768	2013	перчатки нитриловые голубые 100шт	6	0	2	epgrade:verified-benefit,signal:planYearMissing
УО	ВСЕ	1769	2014	Перчатки латексные HIGH RISK 25 пар	20	0	2	epgrade:verified-benefit,signal:planYearMissing
УО	ВСЕ	1770	2015	салфетки влажные 120 шт.	20	0	2	epgrade:verified-benefit,signal:planYearMissing
УО	ВСЕ	1771	2016	Rain мыло жидкое антибакт.1л	7.5	0	2	epgrade:verified-benefit,signal:planYearMissing
УО	ВСЕ	1772	2017	Rain мыло жидкое антибакт. 0,5 л	9	0	2	epgrade:verified-benefit,signal:planYearMissing
УО	ВСЕ	1773	2018	Ушастый нянь стир-ый порошок 9кг	41.25	0	2	epgrade:verified-benefit,signal:planYearMissing
УО	ВСЕ	1774	2019	губка для посуды МЕГА 5шт	7.2	0	2	epgrade:verified-benefit,signal:planYearMissing
УО	ВСЕ	1775	2020	Т/б ZEWA по 4 шт.	30.6	0	2	epgrade:verified-benefit,signal:planYearMissing
УО	ВСЕ	1776	2022	мешки для мусора 30л.	10.8	0	2	epgrade:verified-benefit,signal:planYearMissing
УО	ВСЕ	1777	2028	Grass чистящее средство Grill Professional	4.8	0	2	comment:missing_procedure_ref,signal:planYearMissing
УО	ВСЕ	1778	2033	холодильник	45	0	2	epgrade:verified-benefit,signal:planYearMissing
УО	ВСЕ	1779	2034	обслуживание видеонаблюдения	220	0	2	epgrade:verified-benefit,signal:planYearMissing
УО	ВСЕ	1780	2036	шнекоротор	350	0	2	comment:missing_procedure_ref,signal:planYearMissing
УО	ВСЕ	1781	2037	Расчистка и вывоз снега	380.3	380.3	3	epgrade:verified-benefit,signal:hasFact,signal:signed
УО	ВСЕ	1782	2038	очистка кровли	231	231	3	epgrade:verified-benefit,signal:hasFact,signal:signed
УО	ВСЕ	1783	2039	Хлеб,батон,булочные изделия	135	135	4	epgrade:verified-benefit,hygiene:G:missing_space_after_punct,signal:hasFact,signal:signed
УО	ВСЕ	1784	2040	Куры охлажденные	140.4	140.4	3	epgrade:verified-benefit,signal:hasFact,signal:signed
УО	ВСЕ	1785	2041	Филе куриное охлажденное	15	7.35	4	epgrade:verified-benefit,signal:epFactDeviation,signal:hasFact,signal:signed
УО	ВСЕ	1786	2042	Овощи свежие	40	40	3	epgrade:verified-benefit,signal:hasFact,signal:signed
УО	ВСЕ	1787	2044	дезинфекция камерная	48	0	2	epgrade:verified-benefit,signal:planYearMissing
УО	ВСЕ	1788	2045	энтомологическое обследование	2.2	0	2	epgrade:verified-benefit,signal:planYearMissing
УО	ВСЕ	1789	2046	ремонт технологического оборудования	40	0	2	epgrade:verified-benefit,signal:planYearMissing
УО	ВСЕ	1790	2047	Обслуживание вентиляционного оборудования	6	0	2	epgrade:verified-benefit,signal:planYearMissing
УО	ВСЕ	1791	2048	Песок	15	0	2	epgrade:verified-benefit,signal:planYearMissing
УО	ВСЕ	1792	2049	Поверка весов	16.49	0	2	epgrade:verified-benefit,signal:planYearMissing
УО	ВСЕ	1793	2050	Повышение квалификации	25	0	2	epgrade:verified-benefit,signal:planYearMissing
УО	ВСЕ	1794	2051	контур	9.9	9.9	3	epgrade:verified-benefit,signal:hasFact,signal:signed
УО	ВСЕ	1795	2052	вижен-софт	10	10	3	epgrade:verified-benefit,signal:hasFact,signal:signed
УО	ВСЕ	1796	2053	производственный контроль	118.93	40.179	5	epgrade:verified-benefit,signal:economyFlag,signal:epFactDeviation,signal:hasFact,signal:signed
УО	ВСЕ	1797	2054	Медицинский осмотр	211.93	211.93	3	epgrade:verified-benefit,signal:hasFact,signal:signed
УО	ВСЕ	1798	2055	Гигиеническое обучение	47.28	0	1	epgrade:verified-benefit
УО	ВСЕ	1799	2056	Масло двухтактное	3	0	2	epgrade:verified-benefit,signal:planYearMissing
УО	ВСЕ	1800	2057	Масло для шнекоротора	2.4	0	2	epgrade:verified-benefit,signal:planYearMissing
УО	ВСЕ	1801	2058	Бензин	6.41	0	2	epgrade:verified-benefit,signal:planYearMissing
УО	ВСЕ	1802	2066	набор постельного белья	25	0	2	epgrade:verified-benefit,signal:planYearMissing
УО	ВСЕ	1803	2067	полотенца	12	0	2	epgrade:verified-benefit,signal:planYearMissing
УО	ВСЕ	1804	2068	Костюм повара	12	0	2	epgrade:verified-benefit,signal:planYearMissing
УО	ВСЕ	1805	2069	Фартук	40	0	2	epgrade:verified-benefit,signal:planYearMissing
УО	ВСЕ	1806	2071	Колпак	8	0	2	epgrade:verified-benefit,signal:planYearMissing
УО	ВСЕ	1807	2072	Половник	16	0	2	epgrade:verified-benefit,signal:planYearMissing
УО	ВСЕ	1808	2074	Электрика	100	0	2	epgrade:verified-benefit,signal:planYearMissing
УО	ВСЕ	1809	2075	Уборочный инвентарь	60	0	2	epgrade:verified-benefit,signal:planYearMissing
УО	ВСЕ	1810	2077	Яйцо куриное	125	73.385	5	epgrade:verified-benefit,rule:status_on_data_rows,signal:epFactDeviation,signal:hasFact,signal:signed
УО	ВСЕ	1811	2081	Сиф чистящий крем 	48	0	4	comment:missing_procedure_ref,hygiene:G:edge_space,hygiene:G:invisible_char,signal:planYearMissing
УО	ВСЕ	1812	2102	Хозяйственные материалы	1321.8	0	2	comment:missing_procedure_ref,signal:planYearMissing
УО	ВСЕ	1813	2103	Ручки и маркеры с наконечником из фетра и прочих пористых материалов	22.96	22.96	2	signal:hasFact,signal:signed
УО	ВСЕ	1814	2104	Калькуляторы электронные 	18.27	9.5612	6	hygiene:G:edge_space,hygiene:G:invisible_char,rule:status_on_data_rows,signal:hasFact,signal:highEconomy,signal:signed
УО	ВСЕ	1815	2105	Твердотельный накопитель	59.99	59.99	3	epgrade:verified-benefit,signal:hasFact,signal:signed
УО	ВСЕ	1816	2106	Строительный контроль (капитальный ремонт пищеблока старого корпуса - в рамках Модернизаци	600	600	3	epgrade:verified-benefit,signal:hasFact,signal:signed
УО	ВСЕ	1817	2107	Лицензированная охрана объектов на 3 квартал	10843.9296	10843.9296	3	signal:factDateBeforePlan,signal:hasFact,signal:signed
УО	ВСЕ	1818	2108	Лицензированная охрана объектов на 3 квартал	1975	1481.56	6	epgrade:lawful-exclusive,rule:status_on_data_rows,signal:epFactDeviation,signal:epRisk,signal:hasFact,signal:signed
УО	ВСЕ	1819	2109	Лицензированная охрана объектов на 4 квартал	17775	0	2	comment:missing_procedure_ref,signal:planYearMissing
УО	ВСЕ	1820	2110	Лицензированная охрана объектов на 4 квартал	1975	0	3	epgrade:lawful-exclusive,signal:epRisk,signal:planYearMissing
УО	ВСЕ	1821	2111	лампа светодиодная LED-T8 -М-PRO 20Вт	60	0	2	epgrade:verified-benefit,signal:planYearMissing
УО	ВСЕ	1822	2112	Капитальный ремонт по усилению отдельных конструкций здания после землетрясения	727.71056	496.36144	5	rule:status_on_data_rows,signal:factDateBeforePlan,signal:hasFact,signal:highEconomy,signal:signed
УО	ВСЕ	1823	2113	Капитальный ремонт по усилению отдельных конструкций здания после землетрясения	8726.27	8595.37595	4	rule:status_on_data_rows,signal:hasFact,signal:lowCompetition,signal:signed
УО	ВСЕ	1824	2114	Устройство контейнерной площадки на 2 бака	283.88076	282.46135	4	rule:status_on_data_rows,signal:hasFact,signal:lowCompetition,signal:signed
УО	ВСЕ	1825	2115	Стол письменный	288	0	2	comment:missing_procedure_ref,signal:planYearMissing
УО	ВСЕ	1826	2116	Ремонт помещения прачечной	184.24325	184.24325	2	signal:hasFact,signal:signed
УО	ВСЕ	1827	2117	стеллажи на пищеблок	18.03	0	2	epgrade:verified-benefit,signal:planYearMissing
УО	ВСЕ	1828	2118	Ремонт помещений (процедурная, бытовая, библиотека, учебные кабинеты)	2390.99133	1600	4	rule:status_on_data_rows,signal:hasFact,signal:highEconomy,signal:signed
УО	ВСЕ	1829	2119	Замена узла учета ХВС, аварийное состояние	224.08	120.76187	4	rule:status_on_data_rows,signal:hasFact,signal:highEconomy,signal:signed
УО	ВСЕ	1830	2120	Ремонт козырька над входом в Зимний сад	432.80893	432.80893	2	signal:hasFact,signal:signed
УО	ВСЕ	1831	2121	Капитальный ремонт по усилению отдельных конструкций здания после землетрясения 	1010	0	3	comment:missing_procedure_ref,hygiene:G:edge_space,signal:planYearMissing
УО	ВСЕ	1832	2122	Капитальный ремонт по усилению отдельных конструкций здания после землетрясения	5200	0	2	comment:missing_procedure_ref,signal:planYearMissing
УО	ВСЕ	1833	2123	Разработка ПСД на усиление отдельных конструкций здания	409.5	0	2	comment:missing_procedure_ref,signal:planYearMissing
УО	ВСЕ	1834	2124	Государственная экспертиза, 8%	32.76	0	2	epgrade:lawful-exclusive,signal:planYearMissing
УО	ВСЕ	1835	2125	Поставка моноблока	70	70	3	epgrade:verified-benefit,signal:hasFact,signal:signed
УО	ВСЕ	1836	2126	Государственная экспертиза, 8%	25.2	0	2	epgrade:lawful-exclusive,signal:planYearMissing
УО	ВСЕ	1837	2127	Разработка ПСД на усиление отдельных конструкций здания	357	0	2	comment:missing_procedure_ref,signal:planYearMissing
УО	ВСЕ	1838	2128	Хозтовары	50	50	3	epgrade:verified-benefit,signal:hasFact,signal:signed
УО	ВСЕ	1839	2129	Разработка ПСД на усиление отдельных конструкций здания	1687.97696	0	2	comment:missing_procedure_ref,signal:planYearMissing
УО	ВСЕ	1840	2130	Государственная экспертиза, 8%	135.03816	0	2	epgrade:lawful-exclusive,signal:planYearMissing
УО	ВСЕ	1841	2131	Разработка ПСД на усиление отдельных конструкций здания	2320	951.2	4	rule:status_on_data_rows,signal:hasFact,signal:highEconomy,signal:signed
УО	ВСЕ	1842	2132	Государственная экспертиза, 8%	185.6	0	2	epgrade:lawful-exclusive,signal:planYearMissing
УО	ВСЕ	1843	2133	Разработка ПСД на усиление отдельных конструкций здания	488.25	0	2	comment:missing_procedure_ref,signal:planYearMissing
УО	ВСЕ	1844	2134	Государственная экспертиза, 8%	39.06	0	2	epgrade:lawful-exclusive,signal:planYearMissing
УО	ВСЕ	1845	2135	Годовое ЭДО	3.6	3.6	3	epgrade:verified-benefit,signal:hasFact,signal:signed
УО	ВСЕ	1846	2136	дератизация помещений	1.5	0	2	epgrade:verified-benefit,signal:overdue
УО	ВСЕ	1847	2137	Аттестация АРМ ГИС Сетевой город	221.7	221.7	3	epgrade:verified-benefit,signal:hasFact,signal:signed
УО	ВСЕ	1848	2138	МФУ для ГИС Сетевой город	40.82	40.82	3	epgrade:verified-benefit,signal:hasFact,signal:signed
УО	ВСЕ	1849	2139	Монтаж откатных ворот и автоматики	780	0	2	comment:missing_procedure_ref,signal:planYearMissing
УО	ВСЕ	1850	2140	Ремонт помещений медицинского блока	2614.92702	0	2	comment:missing_procedure_ref,signal:planYearMissing
УО	ВСЕ	1851	2142	Аттестация раб. места, МФУ, ноутбук	341.43	220.9969	5	epgrade:verified-benefit,signal:economyFlag,signal:epFactDeviation,signal:hasFact,signal:signed
УО	ВСЕ	1852	2143	Восстановление резервного кабеля	248.04	0	2	comment:missing_procedure_ref,signal:planYearMissing
УО	ВСЕ	1853	2147	Обслуживание систем видеонаблюдения	78.2	0	2	epgrade:verified-benefit,signal:planYearMissing
УО	ВСЕ	1854	2148	обслуживание и заправка огнетушителей	6.93	0	2	epgrade:verified-benefit,signal:planYearMissing
УО	ВСЕ	1855	2149	ремонт и обслуживание технологического оборудования, автотранспорта	534.06	0	2	comment:missing_procedure_ref,signal:planYearMissing
УО	ВСЕ	1856	2150	обучение по охране труда, ГО и ЧС, пожарно-техническому минимуму, повышение квалификации	8	8	3	epgrade:verified-benefit,signal:hasFact,signal:signed
УО	ВСЕ	1857	2151	Оборудование объекта системы оповещения	542.77362	0	2	comment:missing_procedure_ref,signal:planYearMissing
УО	ВСЕ	1858	2152	периодический медосмотр	183	73.85	5	epgrade:verified-benefit,rule:status_on_data_rows,signal:epFactDeviation,signal:hasFact,signal:signed
УО	ВСЕ	1859	2153	МФУ и ноутбуки  для ЕГЭ	350	350	4	epgrade:verified-benefit,hygiene:G:double_space,signal:hasFact,signal:signed
УО	ВСЕ	1860	2154	Ремонт тромбона	16.67	16.67	3	epgrade:verified-benefit,signal:hasFact,signal:signed
УО	ВСЕ	1861	2155	Мебель	516	0	2	comment:missing_procedure_ref,signal:planYearMissing
УО	ВСЕ	1862	2159	бензин АИ-92	100	75	6	comment:promise_after_fact,epgrade:verified-benefit,rule:status_on_data_rows,signal:epFactDeviation,signal:hasFact,signal:signed
УО	ВСЕ	1863	2161	лакокрасочные изделия	183	0	2	comment:missing_procedure_ref,signal:planYearMissing
УО	ВСЕ	1864	2162	Поставка моющих средств	1508.07462	1500.53424	5	comment:foreign_text_in_ag,rule:status_on_data_rows,signal:hasFact,signal:lowCompetition,signal:signed
УО	ВСЕ	1865	2163	ИБП FinePower CEE-E 1500 VA	10.1	10.1	3	epgrade:verified-benefit,signal:hasFact,signal:signed
УО	ВСЕ	1866	2164	Услуги по расчистке территории от снега и вывозу снега	175	175	4	epgrade:unfounded,signal:hasFact,signal:signed,signal:unmappedReasonEP
УО	ВСЕ	1867	2165	Средства индивидуальной защиты органов дыхания ГДЭК-У	76.8	76.8	3	epgrade:verified-benefit,signal:hasFact,signal:signed
УО	ВСЕ	1868	2166	Поставка фарша и поджарки из говядины	31.11	31.11	3	epgrade:verified-benefit,signal:hasFact,signal:signed
УО	ВСЕ	1869	2167	Знаки огнетушитель, подставка под огнетушитель, средства индивидуальной защиты	20.62	20.62	3	epgrade:verified-benefit,signal:hasFact,signal:signed
УО	ВСЕ	1870	2168	Комплект терм образователей КТСП-Н	12	12	3	epgrade:verified-benefit,signal:hasFact,signal:signed
УО	ВСЕ	1871	2169	Гусеничный подъемник для инвалидов	247.33333	169.3633	4	rule:status_on_data_rows,signal:hasFact,signal:highEconomy,signal:signed
УО	ВСЕ	1872	2170	Оказание услуг по диспетчеризации и техническому обслуживанию приборов учета тепловой энер	54	54	3	epgrade:verified-benefit,signal:hasFact,signal:signed
УО	ВСЕ	1873	2171	Учебники	127.24	127.24	3	epgrade:lawful-exclusive,signal:hasFact,signal:signed
УО	ВСЕ	1874	2172	Ремонт МФУ	12	12	3	epgrade:verified-benefit,signal:hasFact,signal:signed
УО	ВСЕ	1875	2173	Лазерный дальномер	7.49	7.49	3	epgrade:verified-benefit,signal:hasFact,signal:signed
УО	ВСЕ	1876	2174	Источник бесперебойного питания	40.67	40.67	2	signal:hasFact,signal:signed
УО	ВСЕ	1877	2175	МФУ	88.75	88.75	2	signal:hasFact,signal:signed
УО	ВСЕ	1878	2176	Программа 1 С	49.99	49.99	3	epgrade:verified-benefit,signal:hasFact,signal:signed
УО	ВСЕ	1879	2177	Программа для ЭВМ	93.1	93.1	3	epgrade:verified-benefit,signal:hasFact,signal:signed
УО	ВСЕ	1880	2179	Расчистка территории от снега	6	6	3	epgrade:verified-benefit,signal:hasFact,signal:signed
УО	ВСЕ	1881	2180	Программа для ЭВМ	44.4	44.4	3	epgrade:verified-benefit,signal:hasFact,signal:signed
УО	ВСЕ	1882	2181	Испытания наружной пожарной лестницы (вертикальной) Испытания маршевой пожарных лестниц 	9.6	9.6	4	epgrade:verified-benefit,hygiene:G:edge_space,signal:hasFact,signal:signed
УО	ВСЕ	1883	2182	Дополнительное профессиональное образование по программе профессиональной переподготовки	12	12	3	epgrade:verified-benefit,signal:hasFact,signal:signed
УО	ВСЕ	1884	2183	Омега-3	36.036	36.036	3	epgrade:verified-benefit,signal:hasFact,signal:signed
УО	ВСЕ	1885	2184	Омега-3	34.22	34.22	3	epgrade:verified-benefit,signal:hasFact,signal:signed
УО	ВСЕ	1886	2185	Омега-3	163.32	163.32	3	epgrade:discretionary,signal:hasFact,signal:signed
УО	ВСЕ	1887	2186	Батарейки	39.5	39.5	3	epgrade:verified-benefit,signal:hasFact,signal:signed
УО	ВСЕ	1888	2187	Омега-3	32.58	32.58	3	epgrade:verified-benefit,signal:hasFact,signal:signed
УО	ВСЕ	1889	2189	Поставка мебели	943.57	579.31095	4	signal:economyFlag,signal:hasFact,signal:highEconomy,signal:signed
УО	ВСЕ	1890	2190	Поставка мебели	401.659	401.659	3	epgrade:verified-benefit,signal:hasFact,signal:signed
УО	ВСЕ	1891	2191	Кухонный инвентарь	2484.87	0	2	comment:missing_procedure_ref,signal:planYearMissing
УО	ВСЕ	1892	2192	Поставка продуктов питания	169.4	169.4	3	epgrade:verified-benefit,signal:hasFact,signal:signed
УО	ВСЕ	1893	2193	Поставка продуктов питания	346.9	346.9	3	epgrade:verified-benefit,signal:hasFact,signal:signed
УО	ВСЕ	1894	2194	Фили куринное 2 кв.	45.98	45.98	3	epgrade:verified-benefit,signal:hasFact,signal:signed
УО	ВСЕ	1895	2195	Омега-3	30.576	30.576	3	epgrade:verified-benefit,signal:hasFact,signal:signed
УО	ВСЕ	1896	2196	Рабочие тетради по английскому языку	39.33468	39.33468	3	epgrade:verified-benefit,signal:hasFact,signal:signed
УО	ВСЕ	1897	2197	Сопровождение программного обеспечения	13.2	13.2	3	epgrade:verified-benefit,signal:hasFact,signal:signed
УО	ВСЕ	1898	2198	Филе, бедро куриное	89.71	89.71	3	epgrade:verified-benefit,signal:hasFact,signal:signed
УО	ВСЕ	1899	2199	Поставка Омега3	119.62816	119.62816	3	epgrade:verified-benefit,signal:hasFact,signal:signed
УО	ВСЕ	1900	2200	Проверка гидранта	15.62	15.62	3	epgrade:verified-benefit,signal:hasFact,signal:signed
УО	ВСЕ	1901	2201	Покупка подушек 50*50 пух-о	15.6	15.6	3	epgrade:verified-benefit,signal:hasFact,signal:signed
УО	ВСЕ	1902	2202	Ремонт оборудования	15	15	3	epgrade:verified-benefit,signal:hasFact,signal:signed
УО	ВСЕ	1903	2203	Учебные расходы	89.297	89.297	3	epgrade:verified-benefit,signal:hasFact,signal:signed
УО	ВСЕ	1904	2204	Учебные расходы	7.155	7.155	3	epgrade:verified-benefit,signal:hasFact,signal:signed
УО	ВСЕ	1905	2205	Покупка сантехматериалов	7.02	7.02	3	epgrade:verified-benefit,signal:hasFact,signal:signed
УО	ВСЕ	1906	2206	Оказание услуг по гигиеническому обучению работников Учреждения	74.617	74.617	3	epgrade:verified-benefit,signal:hasFact,signal:signed
УО	ВСЕ	1907	2207	Оказание услуг по изготовлению элемента линейной разметки	23.01	23.01	3	epgrade:verified-benefit,signal:hasFact,signal:signed
УО	ВСЕ	1908	2208	Активация тахографа	15	15	3	epgrade:verified-benefit,signal:hasFact,signal:signed
УО	ВСЕ	1909	2209	Мягкий инвентарь	10939.5	0	2	comment:missing_procedure_ref,signal:planYearMissing
УО	ВСЕ	1910	2210	шланг для душа 150см-175см	10	0	2	epgrade:verified-benefit,signal:planYearMissing
УО	ВСЕ	1911	2211	медицинские аптечки	13.16	0	2	epgrade:verified-benefit,signal:planYearMissing
УО	ВСЕ	1912	2212	Обслуживание вентиляционного оборудования	4.8	4.8	3	epgrade:verified-benefit,signal:hasFact,signal:signed
УО	ВСЕ	1913	2213	 протяжка линии внутри здания интернет	10	0	4	epgrade:verified-benefit,hygiene:G:edge_space,hygiene:G:invisible_char,signal:planYearMissing
УО	ВСЕ	1914	2214	Право пользования для ЭВМ "Контур"	3.6	3.6	3	epgrade:verified-benefit,signal:hasFact,signal:signed
УО	ВСЕ	1915	2215	СИЗОД ГДЗК	38.14	38.14	3	epgrade:verified-benefit,signal:hasFact,signal:signed
УО	ВСЕ	1916	2216	категорирование по взрывопожарной и пожарной опасности 	10.6	10.6	5	epgrade:verified-benefit,hygiene:G:edge_space,hygiene:G:invisible_char,signal:hasFact,signal:signed
УО	ВСЕ	1917	2217	разработка проектно-сметной документации на систему передачи сообщений о пожаре	6	6	3	epgrade:verified-benefit,signal:hasFact,signal:signed
УО	ВСЕ	1918	2218	разработка проектно-сметной документации на установку аварийного освещения 	98	98	5	epgrade:verified-benefit,hygiene:G:edge_space,hygiene:G:invisible_char,signal:hasFact,signal:signed
УО	ВСЕ	1919	2219	обслуживание противопожарного оборудования (огнетушители, краны и рукава)	56.15	49.02	5	epgrade:verified-benefit,rule:status_on_data_rows,signal:epFactDeviation,signal:hasFact,signal:signed
УО	ВСЕ	1920	2220	электроизмерения 	21	21	5	epgrade:verified-benefit,hygiene:G:edge_space,hygiene:G:invisible_char,signal:hasFact,signal:signed
УО	ВСЕ	1921	2221	Поверка диэлектрических ср-в защиты	10	0	2	epgrade:verified-benefit,signal:planYearMissing
УО	ВСЕ	1922	2222	Программное обеспечение	28	0	2	epgrade:verified-benefit,signal:planYearMissing
УО	ВСЕ	1923	2223	Замки дверные	5.4	5.4	3	epgrade:verified-benefit,signal:hasFact,signal:signed
УО	ВСЕ	1924	2224	Оказание услуг по обслуживанию и ремонту по системе передачи тревожных сообщений	45	45	3	epgrade:verified-benefit,signal:hasFact,signal:signed
УО	ВСЕ	1925	2225	Испытание систнмы оповещения СОУЭ, испытание технических средств АУПС	26	26	3	epgrade:verified-benefit,signal:hasFact,signal:signed
УО	ВСЕ	1926	2226	Оказание услуг по повышению квалификации	12.3	12.3	3	epgrade:verified-benefit,signal:hasFact,signal:signed
УО	ВСЕ	1927	2227	Замена, калибровка, установка Тахографа	72	72	3	epgrade:verified-benefit,signal:hasFact,signal:signed
УО	ВСЕ	1928	2228	Поставка соков овощных	143.5	110.495	4	rule:status_on_data_rows,signal:economyConflict,signal:hasFact,signal:signed
УО	ВСЕ	1929	2229	Поставка филе из рыб лососевых пород	547.281	298.26812	4	rule:status_on_data_rows,signal:hasFact,signal:highEconomy,signal:signed
УО	ВСЕ	1930	2230	Заключение о тех состоянии оборудования	2.1	2.1	3	epgrade:verified-benefit,signal:hasFact,signal:signed
УО	ВСЕ	1931	2231	Утилизация оборудования	9.25	9.25	3	epgrade:verified-benefit,signal:hasFact,signal:signed
УО	ВСЕ	1932	2232	Заключение о тех состоянии оборудования	6	6	3	epgrade:verified-benefit,signal:hasFact,signal:signed
УО	ВСЕ	1933	2233	Испытание наружной пожарной лестницы (вертикальной). Испытание маршевых пожарных лестний	9.6	9.6	3	epgrade:verified-benefit,signal:hasFact,signal:signed
УО	ВСЕ	1934	2234	Поставка ПО для заполнение бланков (аттестатов)	2.5	2.5	3	epgrade:verified-benefit,signal:hasFact,signal:signed
УО	ВСЕ	1935	2235	Дополнительное профессиональное образование по программе прфессиональной переподготовки	12	12	3	epgrade:verified-benefit,signal:hasFact,signal:signed
УО	ВСЕ	1936	2236	Ремонт холодильника	9.7	9.7	3	epgrade:verified-benefit,signal:hasFact,signal:signed
УО	ВСЕ	1937	2237	Омага-3	53.69	53.69	3	epgrade:verified-benefit,signal:hasFact,signal:signed
УО	ВСЕ	1938	2238	Заправка и обслуживание картириджей	40	40	3	epgrade:verified-benefit,signal:hasFact,signal:signed
УО	ВСЕ	1939	2239	разработка проектно-сметной документации на систему передачи сообщений о пожаре	12	12	3	epgrade:verified-benefit,signal:hasFact,signal:signed
УО	ВСЕ	1940	2240	Поставка жесткого диска	16.9	16.9	3	epgrade:verified-benefit,signal:hasFact,signal:signed
УО	ВСЕ	1941	2241	Устранение нарушений в работе СОУЭ и приведение в норму соединительных линий в звуковых оп	3667.71812	0	2	comment:missing_procedure_ref,signal:planYearMissing
УО	ВСЕ	1942	2242	светильник ул.консоль Artsun 150w	10	0	2	epgrade:verified-benefit,signal:planYearMissing
УО	ВСЕ	1943	2243	излив д/смесит. На ванну	8	0	2	epgrade:verified-benefit,signal:planYearMissing
УО	ВСЕ	1944	2244	Смеситель д/кухни 	54	0	4	epgrade:verified-benefit,hygiene:G:edge_space,hygiene:G:invisible_char,signal:planYearMissing
УО	ВСЕ	1945	2245	Ремонт трещин стен и потолков	289.4193	287.9722	4	rule:status_on_data_rows,signal:hasFact,signal:lowCompetition,signal:signed
УО	ВСЕ	1946	2246	Шкаф для пособий	2052	0	2	comment:missing_procedure_ref,signal:planYearMissing
УО	ВСЕ	1947	2247	Ремонт лестничных клеток в здании	964.68911	955	4	rule:status_on_data_rows,signal:hasFact,signal:lowCompetition,signal:signed
УО	ВСЕ	1948	2248	Хлеб из пшеничной муки Хлеб из ржано-пшеничной муки Батон Булочка ванильная Булочка особая	487.35	487.35	4	epgrade:verified-benefit,hygiene:G:edge_space,signal:hasFact,signal:signed
УО	ВСЕ	1949	2249	наматрасник 	18	0	4	epgrade:verified-benefit,hygiene:G:edge_space,hygiene:G:invisible_char,signal:planYearMissing
УО	ВСЕ	1950	2250	Учебные расходы	110	110	3	epgrade:verified-benefit,signal:hasFact,signal:signed
УО	ВСЕ	1951	2251	Приобретение штора рулонная	14.13	14.13	3	epgrade:verified-benefit,signal:hasFact,signal:signed
УО	ВСЕ	1952	2252	Поверка средств измерения	25.13	25.13	3	epgrade:verified-benefit,signal:hasFact,signal:signed
УО	ВСЕ	1953	2253	Оказание услуг (опрессовка)	28	28	3	epgrade:verified-benefit,signal:hasFact,signal:signed
УО	ВСЕ	1954	2254	Приобретение пож. Знаков	63.55	63.55	3	epgrade:verified-benefit,signal:hasFact,signal:signed
УО	ВСЕ	1955	2255	Разработка ПСД на усиление отдельных конструкций здания	315	0	2	comment:missing_procedure_ref,signal:planYearMissing
УО	ВСЕ	1956	2256	оказание услуг по ремонту электрической плиты	130	130	3	epgrade:discretionary,signal:hasFact,signal:signed
УО	ВСЕ	1957	2257	Опрессовка системы отопления	28	0	5	comment:execution_claim_no_fact,epgrade:verified-benefit,signal:dateWithoutFact,signal:hasFact,signal:signed
УО	ВСЕ	1958	2258	Государственная экспертиза, 8%	28.56	0	2	epgrade:lawful-exclusive,signal:planYearMissing
УО	ВСЕ	1959	2259	Лампы светодиодные	50	0	1	epgrade:verified-benefit
УО	ВСЕ	1960	2260	Перемотка пож.рукавов	34	0	1	epgrade:verified-benefit
УО	ВСЕ	1961	2261	Гигиеническое обучение	40	40	3	epgrade:verified-benefit,signal:hasFact,signal:signed
УО	ВСЕ	1962	2262	расчистка снега	100	100	3	epgrade:verified-benefit,signal:hasFact,signal:signed
УО	ВСЕ	1963	2263	Медицинский осмотр	396.5	396.5	3	epgrade:verified-benefit,signal:hasFact,signal:signed
УО	ВСЕ	1964	2264	Канцелярские товары	50	50	3	epgrade:verified-benefit,signal:hasFact,signal:signed
УО	ВСЕ	1965	2266	Оснащение нового корпуса СКУД	8138.871	0	2	comment:missing_procedure_ref,signal:planYearMissing
УО	ВСЕ	1966	2267	Система оповещения	15873.47258	0	2	comment:missing_procedure_ref,signal:planYearMissing
УО	ВСЕ	1967	2268	Капитальный ремонт туалетов, не вошел в реализацию в рамках Модернизации	11672.4	0	2	comment:missing_procedure_ref,signal:planYearMissing
УО	ВСЕ	1968	2269	Медосмотр	389.37	389.37	3	epgrade:unfounded,signal:hasFact,signal:signed
УО	ВСЕ	1969	2270	Сангигиена	60	0	1	epgrade:unfounded
УО	ВСЕ	1970	2271	Ремонт асфальтобетонного покрытия	4987.18906	0	2	comment:missing_procedure_ref,signal:planYearMissing
УО	ВСЕ	1971	2272	Ремонт помещений и спальных комнат групповых	3188.84638	0	2	comment:missing_procedure_ref,signal:planYearMissing
УО	ВСЕ	1972	2273	Монтаж системы домофона	390.83869	0	2	comment:missing_procedure_ref,signal:planYearMissing
УО	ВСЕ	1973	2274	Обслуживание технических средств охраны	30.78	0	2	epgrade:verified-benefit,signal:planYearMissing
УО	ВСЕ	1974	2276	Монтаж распашных ворот на пожарном проезде и установка шлагбаума на центральных воротах с 	1494.421	0	2	comment:missing_procedure_ref,signal:planYearMissing
УО	ВСЕ	1975	2277	Оргтехника	660	0	2	comment:missing_procedure_ref,signal:planYearMissing
УО	ВСЕ	1976	2278	Кадетская форма	150	150	3	epgrade:verified-benefit,signal:hasFact,signal:signed
УО	ВСЕ	1977	2279	Система оповещения	470	0	2	comment:missing_procedure_ref,signal:planYearMissing
УО	ВСЕ	1978	2280	Сан-гигиеническое обучение	30	0	2	epgrade:verified-benefit,signal:overdue
УО	ВСЕ	1979	2281	Капитальный ремонт кровли	11288.37526	0	2	comment:missing_procedure_ref,signal:planYearMissing
УО	ВСЕ	1980	2282	Монтаж и замена РИП и АКБ	15.47	15.47	3	epgrade:verified-benefit,signal:hasFact,signal:signed
УО	ВСЕ	1981	2283	Кухонный инвентарь	18.275	18.275	3	epgrade:verified-benefit,signal:hasFact,signal:signed
УО	ВСЕ	1982	2284	Производственный контроль ХАСП	150	50.67186	5	epgrade:discretionary,rule:status_on_data_rows,signal:epFactDeviation,signal:hasFact,signal:signed
УО	ВСЕ	1983	2285	Тех.осмотр	3.151	3.151	3	epgrade:verified-benefit,signal:hasFact,signal:signed
УО	ВСЕ	1984	2286	медицинский осмотр	381.28	381.28	3	epgrade:discretionary,signal:hasFact,signal:signed
УО	ВСЕ	1985	2287	приобретение пож сред защиты	100.2	100.2	3	epgrade:discretionary,signal:hasFact,signal:signed
УО	ВСЕ	1986	2288	Изготовление плана эвакуации	72.6	72.6	3	epgrade:discretionary,signal:hasFact,signal:signed
УО	ВСЕ	1987	2289	Аптечка для оказания пер. мед. Помощи	21.45	21.45	3	epgrade:discretionary,signal:hasFact,signal:signed
УО	ВСЕ	1988	2290	Материально-техническое оснащение учреждений (включая средства обучения и воспитания)Поста	224	224	4	comment:foreign_text_in_ag,epgrade:discretionary,signal:hasFact,signal:signed
УО	ВСЕ	1989	2291	Материально-техническое оснащение учреждений (включая средства обучения и воспитания) Пост	392	392	4	comment:foreign_text_in_ag,epgrade:discretionary,signal:hasFact,signal:signed
УО	ВСЕ	1990	2292	Поставка хоз товаров	189.61783	189.62	4	comment:foreign_text_in_ag,epgrade:discretionary,signal:hasFact,signal:signed
УО	ВСЕ	1991	2293	Закупка осветительного оборудования	139.15	0	2	comment:missing_procedure_ref,signal:planYearMissing
УО	ВСЕ	1992	2295	Обучение сотрудников безопасным методам и приемам выполнения работ при воздействии вредных	3.4	3.4	3	epgrade:verified-benefit,signal:hasFact,signal:signed
УО	ВСЕ	1993	2296	Дополнительная профессиональная программа профессиональной переподготовки "Специалист по п	20	20	3	epgrade:verified-benefit,signal:hasFact,signal:signed
УО	ВСЕ	1994	2297	Демонтаж, поставка, монтаж АКБ для АПС	55.23	55.23	3	epgrade:verified-benefit,signal:hasFact,signal:signed
УО	ВСЕ	1995	2298	Закупка посуды (кружки)	165	0	2	comment:missing_procedure_ref,signal:planYearMissing
УО	ВСЕ	1996	2299	Обучение по основной программе профессионального обучения по программе профессиональной по	15.1	0	2	epgrade:verified-benefit,signal:planYearMissing
УО	ВСЕ	1997	2300	Стационарный металлодетектор. Арочный 	155	0	3	comment:missing_procedure_ref,hygiene:G:edge_space,signal:planYearMissing
УО	ВСЕ	1998	2301	Светильник потолочный 	292.5	0	3	comment:missing_procedure_ref,hygiene:G:edge_space,signal:planYearMissing
УО	ВСЕ	1999	2302	Питьевой фонтан напольный	284.9	0	2	comment:missing_procedure_ref,signal:planYearMissing
УО	ВСЕ	2000	2303	Двери противопожарные	190	0	2	comment:missing_procedure_ref,signal:planYearMissing
УО	ВСЕ	2001	2304	СОУТ и ОПР	200	0	2	comment:missing_procedure_ref,signal:planYearMissing
УО	ВСЕ	2002	2305	Обучение сотрудников "Оказание первой помощи пострадавшим"	32.8	0	2	epgrade:verified-benefit,signal:planYearMissing
УО	ВСЕ	2003	2306	Бензин 	150	100	6	epgrade:verified-benefit,hygiene:G:edge_space,rule:status_on_data_rows,signal:epFactDeviation,signal:hasFact,signal:signed
УО	ВСЕ	2004	2307	Фронтальный погрузчик	2563.31	0	2	comment:missing_procedure_ref,signal:planYearMissing
УО	ВСЕ	2005	2308	Кухонный инвентарь	148.3	0	2	epgrade:verified-benefit,signal:planYearMissing
УО	ВСЕ	2006	2309	Электрозамеры	76	76	3	epgrade:verified-benefit,signal:hasFact,signal:signed
УО	ВСЕ	2007	2310	Проведение  электроизмерений и испытаний в электроустановках до 1000В, заземление оборудов	283	0	4	epgrade:verified-benefit,hygiene:G:double_space,hygiene:G:edge_space,signal:planYearMissing
УО	ВСЕ	2008	2311	Программа производственного контроля (ХАССП)	39	0	2	epgrade:verified-benefit,signal:planYearMissing
УО	ВСЕ	2009	2312	Ремонт плиты (замена конфорок)	25	25	3	epgrade:verified-benefit,signal:hasFact,signal:signed
УО	ВСЕ	2010	2313	Обучение сотрудников по профессиональной программе 	13.99	0	3	epgrade:verified-benefit,hygiene:G:edge_space,signal:planYearMissing
УО	ВСЕ	2011	2314	Дератизация	26.216	26.216	3	epgrade:verified-benefit,signal:hasFact,signal:signed
УО	ВСЕ	2012	2315	Компьютерное оборудование	701.153	0	2	comment:missing_procedure_ref,signal:planSoon
УО	ВСЕ	2013	2317	Хозяйственные нужды	52.52	52.52	3	epgrade:verified-benefit,signal:hasFact,signal:signed
УО	ВСЕ	2014	2318	Ежегодный медицинский осмотр	472.9	472.9	3	epgrade:verified-benefit,signal:hasFact,signal:signed
УО	ВСЕ	2015	2319	песок природный	20.68	20.68	3	epgrade:verified-benefit,signal:hasFact,signal:signed
УО	ВСЕ	2016	2320	услуги по размещению информационного материала	8.5	8.5	3	epgrade:verified-benefit,signal:hasFact,signal:signed
УО	ВСЕ	2017	2321	техническое обслуживание оборудования систем приточно-вытяжной вентиляции в помещениях сто	136	136	3	epgrade:verified-benefit,signal:hasFact,signal:signed
УО	ВСЕ	2018	2322	оказание услуг по техническому обслуживанию системы видеонаблюдения	31.5	31.5	3	epgrade:verified-benefit,signal:hasFact,signal:signed
УО	ВСЕ	2019	2323	проведение дезинфекционных мероприятий	39.508	39.508	3	epgrade:verified-benefit,signal:hasFact,signal:signed
УО	ВСЕ	2020	2324	услуги по проведению противопожарных мероприятий	32.8	32.8	3	epgrade:verified-benefit,signal:hasFact,signal:signed
УО	ВСЕ	2021	2325	аварийные работы	134.23599	134.23599	3	epgrade:verified-benefit,signal:hasFact,signal:signed
УО	ВСЕ	2022	2326	хозтовары	79.975	79.975	3	epgrade:verified-benefit,signal:hasFact,signal:signed
УО	ВСЕ	2023	2327	омега3	134.68	134.68	3	epgrade:verified-benefit,signal:hasFact,signal:signed
УО	ВСЕ	2024	2329	Ремонт вытяжной системы вентиляции в горячем цеху кухни	150	0	2	epgrade:verified-benefit,signal:planYearMissing
УО	ВСЕ	2025	2330	халат	206.4	0	2	comment:missing_procedure_ref,signal:planYearMissing
УО	ВСЕ	2026	2331	стеллаж из нержавеющей	204	0	2	comment:missing_procedure_ref,signal:planYearMissing
УО	ВСЕ	2027	2332	Государственная экспертиза, 8%	260.82168	260.82168	3	epgrade:lawful-exclusive,signal:hasFact,signal:signed
УО	ВСЕ	2028	2333	Государственная экспертиза, 8%	336	0	1	epgrade:lawful-exclusive
УО	ВСЕ	2029	2335	Государственная экспертиза, 8%	300	0	1	epgrade:lawful-exclusive
УО	ВСЕ	2030	2336	Замена ворот в школьном гараже	284	0	2	comment:missing_procedure_ref,signal:overdue
УО	ВСЕ	2031	2337	Очищенные овощи лагерь	133.152	133.152	3	epgrade:verified-benefit,signal:hasFact,signal:signed
УО	ВСЕ	2032	2338	Мясные полуфабрикаты лагерь	195.9195	195.9195	3	epgrade:verified-benefit,signal:hasFact,signal:signed
УО	ВСЕ	2033	2339	Яйца ЛЯ-02/2026 лагерь	51.66	51.66	3	epgrade:verified-benefit,signal:hasFact,signal:signed
УО	ВСЕ	2034	2340	карта тахографа 	6.5	6.5	4	epgrade:lawful-exclusive,hygiene:G:edge_space,signal:hasFact,signal:signed
УО	ВСЕ	2035	2341	ОСАГО 	13	10.01966	6	epgrade:lawful-exclusive,hygiene:G:edge_space,rule:status_on_data_rows,signal:epFactDeviation,signal:hasFact,signal:signed
УО	ВСЕ	2036	2342	Периодический медицинский осмотр	256.93	256.93	3	epgrade:lawful-exclusive,signal:hasFact,signal:signed
УО	ВСЕ	2037	2343	закупка кухонного инвентаря	18.275	18.275	3	epgrade:verified-benefit,signal:hasFact,signal:signed
УО	ВСЕ	2038	2345	Телефоны с зарядными станциями	85.869	84.6	6	epgrade:unfounded,rule:status_on_data_rows,signal:epFactDeviation,signal:hasFact,signal:methodReasonMismatch,signal:signed
УО	ВСЕ	2039	2346	Картриджи	40	0	2	comment:ep_reason_on_competitive,signal:overdue
УО	ВСЕ	2040	2347	Клавиатуры 	29.4	29.4	5	epgrade:unfounded,hygiene:G:edge_space,signal:hasFact,signal:methodReasonMismatch,signal:signed
УО	ВСЕ	2041	2348	Телефоны с зарядными станциями	85.87	84.6	6	epgrade:unfounded,rule:status_on_data_rows,signal:epFactDeviation,signal:hasFact,signal:methodReasonMismatch,signal:signed
УО	ВСЕ	2042	2349	День воспитателя	50	0	2	epgrade:lawful-exclusive,signal:planSoon
УО	ВСЕ	2043	2350	Ученик года. Сертификаты. Памятные плакетки. Материально-техническое оснащение (флипчарт) 	15	0	3	epgrade:lawful-exclusive,hygiene:G:edge_space,signal:planSoon
УО	ВСЕ	2044	2351	Медалисты: Организационные расходы, памятные подарки 	168	168	4	epgrade:lawful-exclusive,hygiene:G:edge_space,signal:hasFact,signal:signed
УО	ВСЕ	2045	2352	Праздник профессий. оснащение конкурса: Графические планшеты 	30	0	3	epgrade:lawful-exclusive,hygiene:G:edge_space,signal:planSoon
УО	ВСЕ	2046	2353	Фестиваль робототехники	70	0	1	epgrade:lawful-exclusive
УО	ВСЕ	2047	2354	Первые шаги в науку. Сертификаты. Закупка 5 стендов. Закупка канцелярских товаров (бумага,	50	0	2	epgrade:lawful-exclusive,hygiene:G:edge_space
УО	ВСЕ	2048	2355	Последний звонок	200	0	2	epgrade:lawful-exclusive,signal:planSoon
УО	ВСЕ	2049	2356	Юнармия	250	0	2	epgrade:lawful-exclusive,signal:planYearMissing
УО	ВСЕ	2050	2357	Слет Юнармии	50	0	2	epgrade:lawful-exclusive,signal:planSoon
УО	ВСЕ	2051	2358	Спецодежда	547.71	0	2	comment:missing_procedure_ref,signal:planYearMissing
УО	ВСЕ	2052	2359	Кастрюля из нержавеющей стали	150	0	2	comment:missing_procedure_ref,signal:planYearMissing
УО	ВСЕ	2053	2360	Елизовские жители	60	0	1	epgrade:verified-benefit
УО	ВСЕ	2054	2361	А ну-ка, девушки!	30	0	1	epgrade:lawful-exclusive
УО	ВСЕ	2055	2362	Верность профессии (организация): Цветы, рамки для грамот	39	0	1	epgrade:lawful-exclusive
УО	ВСЕ	2056	2363	Премия им. О.Н. Мамченкова (организация): Цветы, рамки для грамот	45.2	0	1	epgrade:lawful-exclusive
УО	ВСЕ	2057	2364	Конференция им О.Н. Мамченкова (организация): Цветы, канцтовары	37.5	0	1	epgrade:lawful-exclusive
УО	ВСЕ	2058	2365	Туристический слет. (продукты питания, кубки, медали, баннер, призы)	100	0	2	epgrade:lawful-exclusive,signal:planSoon
УО	ВСЕ	2059	2366	День учителя	80	0	1	epgrade:lawful-exclusive
УО	ВСЕ	2060	2367	Техническое обслуживание автобусов	60	0	2	epgrade:verified-benefit,signal:planYearMissing
УО	ВСЕ	2061	2368	Анализы лагерь	90	77.1	5	epgrade:verified-benefit,rule:status_on_data_rows,signal:epFactDeviation,signal:hasFact,signal:signed
УО	ВСЕ	2062	2369	Посуда лагерь	40	40	3	epgrade:verified-benefit,signal:hasFact,signal:signed
УО	ВСЕ	2063	2370	Хоз товары лагерь	38.53	38.53	3	epgrade:verified-benefit,signal:hasFact,signal:signed
УО	ВСЕ	2064	2371	Хоз товары лагерь кухня	50	50	3	epgrade:verified-benefit,signal:hasFact,signal:signed
УО	ВСЕ	2065	2372	Моющие средства	13008.638	0	2	comment:missing_procedure_ref,signal:planYearMissing
УО	ВСЕ	2066	2373	Оказание услуг по проведению СОУТ и ОПР	1190.7	0	2	comment:missing_procedure_ref,signal:planYearMissing
УО	ВСЕ	2067	2374	Техническое обслуживание СПС и СОУЭ	110	110	3	epgrade:verified-benefit,signal:hasFact,signal:signed
УО	ВСЕ	2068	2375	Категорирование противопожарных дверей	8	8	3	epgrade:verified-benefit,signal:hasFact,signal:signed
УО	ВСЕ	2069	2376	Обслуживание пожарных окон	4.8	4.8	3	epgrade:verified-benefit,signal:hasFact,signal:signed
УО	ВСЕ	2070	2377	Обслуживание и заправка огнетушителей	5	5	3	epgrade:verified-benefit,signal:hasFact,signal:signed
УО	ВСЕ	2071	2378	Комплектующие к извещателям	8.95237	0	2	epgrade:verified-benefit,signal:planYearMissing
УО	ВСЕ	2072	2379	Приобретение обмундирования для казачьих классов	234.6	234.6	3	epgrade:discretionary,signal:hasFact,signal:signed
УО	ВСЕ	2073	2380	Установка деревянных конструкций временного поддержания перекрытия.	804.0724	804.0724	3	signal:factDateBeforePlan,signal:hasFact,signal:signed
УО	ВСЕ	2074	2381	 Капитальный ремонт части кровли старшей школы	8940.67381	6213.76824	5	hygiene:G:edge_space,rule:status_on_data_rows,signal:hasFact,signal:highEconomy,signal:signed
УО	ВСЕ	2075	2382	Оказание услуг по проведению специальной оценки условий труда (СОУТ)	101.26683	100.25415	4	rule:status_on_data_rows,signal:hasFact,signal:lowCompetition,signal:signed
УО	ВСЕ	2076	2383	Трудовая бригада - обеспечение формой и СИЗами	120.93	120.93	3	epgrade:verified-benefit,signal:hasFact,signal:signed
УО	ВСЕ	2077	2384	Обработка	21.1575	21.1575	3	epgrade:verified-benefit,signal:hasFact,signal:signed
УО	ВСЕ	2078	2385	Ремонт тромбона №2	15.4749	15.4749	3	epgrade:verified-benefit,signal:hasFact,signal:signed
УО	ВСЕ	2079	2386	Поставка мороженого (Лагерь)	376.98	376.98	3	epgrade:verified-benefit,signal:hasFact,signal:signed
УО	ВСЕ	2080	2387	Поставка хлеба и хлебобулочных изделий (Лагерь)	378.0825	378.0825	3	epgrade:verified-benefit,signal:hasFact,signal:signed
УО	ВСЕ	2081	2388	Поставка черешни (Лагерь)	540	420	6	epgrade:unfounded,rule:status_on_data_rows,signal:epFactDeviation,signal:hasFact,signal:signed,signal:unmappedReasonEP
УО	ВСЕ	2082	2389	Ткань подкладочная (9 мая)	1.8	1.8	3	epgrade:verified-benefit,signal:hasFact,signal:signed
УО	ВСЕ	2083	2392	Поставка продуктов питания (Лагерь)	17.71	10.45	5	epgrade:verified-benefit,rule:status_on_data_rows,signal:epFactDeviation,signal:hasFact,signal:signed
УО	ВСЕ	2084	2393	Поставка продуктов питания (Лагерь)	115	114.192	4	epgrade:verified-benefit,signal:epFactDeviation,signal:hasFact,signal:signed
УО	ВСЕ	2085	2394	Бензин 95	50	50	3	epgrade:verified-benefit,signal:hasFact,signal:signed
УО	ВСЕ	2086	2395	Снегоочистка	42.5	42.5	3	epgrade:verified-benefit,signal:hasFact,signal:signed
УО	ВСЕ	2087	2396	Снегоочистка	25.5	25.5	3	epgrade:verified-benefit,signal:hasFact,signal:signed
УО	ВСЕ	2088	2397	Снегоочистка	183.5	183.5	3	epgrade:verified-benefit,signal:hasFact,signal:signed
УО	ВСЕ	2089	2398	Хозяйственные ср-ва	24.06	24.06	3	epgrade:verified-benefit,signal:hasFact,signal:signed
УО	ВСЕ	2090	2399	ПО учет питания	70	70	3	epgrade:verified-benefit,signal:hasFact,signal:signed
УО	ВСЕ	2091	2400	техническое обслуживание пожарного оборудования	1.26	1.26	3	epgrade:verified-benefit,signal:hasFact,signal:signed
УО	ВСЕ	2092	2401	Ремонт пылесоса	5.41	5.41	3	epgrade:verified-benefit,signal:hasFact,signal:signed
УО	ВСЕ	2093	2402	Покупка  инструмента -шуруповерта	8	8	4	epgrade:verified-benefit,hygiene:G:double_space,signal:hasFact,signal:signed
УО	ВСЕ	2094	2403	Обновление программы ЭДО Диадок Контур	3.6	3.6	3	epgrade:verified-benefit,signal:hasFact,signal:signed
УО	ВСЕ	2095	2404	аккумуляторы	24.56	24.56	3	epgrade:verified-benefit,signal:hasFact,signal:signed
УО	ВСЕ	2096	2405	батарейки для АПС	9.9	9.9	3	epgrade:discretionary,signal:hasFact,signal:signed
УО	ВСЕ	2097	2406	знаки	1.6	1.6	3	epgrade:verified-benefit,signal:hasFact,signal:signed
УО	ВСЕ	2098	2408	поверка гидранта	2.9	2.9	3	epgrade:verified-benefit,signal:hasFact,signal:signed
УО	ВСЕ	2099	2409	поставка мебели	1834.6	1036.549	4	rule:status_on_data_rows,signal:hasFact,signal:highEconomy,signal:signed
УО	ВСЕ	2100	2410	Поставка бумажных санитарно-гигиенических изделий	4807.88169	4807.88169	2	signal:hasFact,signal:signed
УО	ВСЕ	2101	2411	Дез.мероприятия к лагерю	8.74	8.74	3	epgrade:lawful-exclusive,signal:hasFact,signal:signed
УО	ВСЕ	2102	2412	Передача данных "Пожар"	30	30	3	epgrade:lawful-exclusive,signal:hasFact,signal:signed
УО	ВСЕ	2103	2413	Разработка ПСД по пожарке	6	6	3	epgrade:lawful-exclusive,signal:hasFact,signal:signed
УО	ВСЕ	2104	2414	Обучение по пожарке	4	4	3	epgrade:lawful-exclusive,signal:hasFact,signal:signed
УО	ВСЕ	2105	2415	омега3	27.846	27.85	3	epgrade:lawful-exclusive,signal:hasFact,signal:signed
УО	ВСЕ	2106	2416	Работы по текущему ремонту кровельного покрытия	197.4375	196.45031	3	signal:hasFact,signal:lowCompetition,signal:signed
УО	ВСЕ	2107	2417	Тачка строительная двухколесная Грабли веерные Москитная сетка для дверей на магнитах Метл	51	50.9985	4	epgrade:lawful-exclusive,hygiene:G:edge_space,signal:hasFact,signal:signed
УО	ВСЕ	2108	2418	замена гидранта	150	150	3	epgrade:verified-benefit,signal:hasFact,signal:signed
УО	ВСЕ	2109	2419	Электрозамеры до 1000в	42	0	2	epgrade:verified-benefit,signal:planYearMissing
УО	ВСЕ	2110	2420	Рыбная продукция ФРМ-02/2026 лаг	45.46477	45.46477	3	epgrade:verified-benefit,signal:hasFact,signal:signed
УО	ВСЕ	2111	2421	Хлебобулочные изделия ХМ-02/2026 лаг	431.118	431.118	3	epgrade:verified-benefit,signal:hasFact,signal:signed
УО	ВСЕ	2112	2422	Мясо МС-01/2026 лаг	155.51	155.51	3	epgrade:verified-benefit,signal:hasFact,signal:signed
УО	ВСЕ	2113	2423	Электронная система "Образование" 	78	78	4	epgrade:verified-benefit,hygiene:G:edge_space,signal:hasFact,signal:signed
УО	ВСЕ	2114	2424	вывеска Брайля	8.43	8.43	3	epgrade:verified-benefit,signal:hasFact,signal:signed
УО	ВСЕ	2115	2425	ЭВМ "Контур-Экстерн"	33.6	33.6	3	epgrade:lawful-exclusive,signal:hasFact,signal:signed
УО	ВСЕ	2116	2427	Учебники и учебные пособия 2026	681.88571	681.88571	3	epgrade:lawful-exclusive,signal:hasFact,signal:signed
УО	ВСЕ	2117	2428	Учебники истории	28.1083	28.1083	3	epgrade:lawful-exclusive,signal:hasFact,signal:signed
УО	ВСЕ	2118	2431	творог	381.48	381.48	4	epgrade:unfounded,signal:hasFact,signal:signed,signal:unmappedReasonEP
УО	ВСЕ	2119	2432	аттестаты	12.44194	12.44194	3	epgrade:lawful-exclusive,signal:hasFact,signal:signed
УО	ВСЕ	2120	2433	медали	8.27	8.27	3	epgrade:lawful-exclusive,signal:hasFact,signal:signed
УО	ВСЕ	2121	2435	Рабочие тетради по английскому языку	16.68744	16.68744	3	epgrade:lawful-exclusive,signal:hasFact,signal:signed
УО	ВСЕ	2122	2436	Ремонт кровли	201.97183	201.97183	3	epgrade:verified-benefit,signal:hasFact,signal:signed
УО	ВСЕ	2123	2437	самоспасатели	45	45	3	epgrade:verified-benefit,signal:hasFact,signal:signed
УО	ВСЕ	2124	2438	противопожарные двери 	200	0	3	comment:missing_procedure_ref,hygiene:G:edge_space,signal:planYearMissing
УО	ВСЕ	2125	2439	разработка проектно-сметной документации (СПИ)	12	12	3	epgrade:verified-benefit,signal:hasFact,signal:signed
УО	ВСЕ	2126	2440	игрушки	591.375	591.375	3	epgrade:verified-benefit,signal:hasFact,signal:signed
УО	ВСЕ	2127	2441	концелярские товары	300	217.92183	5	epgrade:verified-benefit,rule:status_on_data_rows,signal:epFactDeviation,signal:hasFact,signal:signed
УО	ВСЕ	2128	2442	Баннер 9 мая (живая картинка)	40	22	5	epgrade:verified-benefit,rule:status_on_data_rows,signal:epFactDeviation,signal:hasFact,signal:signed
УО	ВСЕ	2129	2443	Водяной нагреватель	49.58	49.58	3	epgrade:verified-benefit,signal:hasFact,signal:signed
УО	ВСЕ	2130	2444	Разработка сметы на кровлю д/с	10	10	3	epgrade:verified-benefit,signal:hasFact,signal:signed
УО	ВСЕ	2131	2445	Оказание услуг по проф. переподготовке специалиста по охране труда	340.66676	0	2	comment:missing_procedure_ref,signal:planYearMissing
УО	ВСЕ	2132	2446	Продукты молочные	382.66	382.66	3	epgrade:verified-benefit,signal:hasFact,signal:signed
УО	ВСЕ	2133	2447	Яйцо	238.68	238.68	3	epgrade:verified-benefit,signal:hasFact,signal:signed
УО	ВСЕ	2134	2448	Рыба	348.75	348.75	3	epgrade:verified-benefit,signal:hasFact,signal:signed
УО	ВСЕ	2135	2449	Овощи свежие (помидоры, огурцы)	66.95	66.95	3	epgrade:verified-benefit,signal:hasFact,signal:signed
УО	ВСЕ	2136	2450	Организация и проведение муниципального фестиваля "Утро над Авачей" 	80	80	4	epgrade:verified-benefit,hygiene:G:edge_space,signal:hasFact,signal:signed
УО	ВСЕ	2137	2451	Организация и проведение мероприятий, посвященным памятным датам (23 февраля,  22 июня, 02	80	20	6	epgrade:verified-benefit,hygiene:G:double_space,rule:status_on_data_rows,signal:epFactDeviation,signal:hasFact,signal:signed
УО	ВСЕ	2138	2452	Организация и проведение муниципальных тематических мероприятий, конкурсов, фестивалей	150	105	5	epgrade:verified-benefit,rule:status_on_data_rows,signal:epFactDeviation,signal:hasFact,signal:signed
УО	ВСЕ	2139	2454	Организация и проведение мероприятий по празднованию 9 Мая- "Дня Победы"	40	40	3	epgrade:verified-benefit,signal:hasFact,signal:signed
УО	ВСЕ	2140	2455	Организация  и обеспечение работы сезонных профильных лагерей(смен), экспедиций, походов, 	50	16.6	7	epgrade:verified-benefit,hygiene:G:double_space,hygiene:G:edge_space,rule:status_on_data_rows,signal:epFactDeviation,signal:hasFact,signal:signed
УО	ВСЕ	2141	2457	Огнетушители	4.7	4.7	3	epgrade:verified-benefit,signal:hasFact,signal:signed
УО	ВСЕ	2142	2458	Хозтовары	8.75	8.75	3	epgrade:verified-benefit,signal:hasFact,signal:signed
УО	ВСЕ	2143	2459	ТО огнетушители	4.665	4.67	3	epgrade:verified-benefit,signal:hasFact,signal:signed
УО	ВСЕ	2144	2460	Капитальный ремонт школы + софинансирование (скатная крыша)	26897.66472	26897.66472	2	signal:hasFact,signal:signed
УО	ВСЕ	2145	2461	Азбука пешехода	45	0	1	epgrade:verified-benefit
УО	ВСЕ	2146	2462	Оснащение ППЭ	25	25	3	epgrade:verified-benefit,signal:hasFact,signal:signed
УО	ВСЕ	2147	2463	Юбилей Допов и руководителей	19	0	2	epgrade:verified-benefit,signal:overdue
УО	ВСЕ	2148	2465	проведение мероприятия 9 мая	355	355	3	epgrade:discretionary,signal:hasFact,signal:signed
УО	ВСЕ	2149	2466	проведение зарницы	350	350	3	epgrade:discretionary,signal:hasFact,signal:signed
УО	ВСЕ	2150	2467	проведение спортивных мероприятий (медали, кубки, грамоты)	200	170.93	3	rule:status_on_data_rows,signal:hasFact,signal:signed
УО	ВСЕ	2151	2468	проведение спортивных мероприятий	80	80	3	epgrade:discretionary,signal:hasFact,signal:signed
УО	ВСЕ	2152	2469	организация военных сборов	200	200	3	epgrade:lawful-exclusive,signal:hasFact,signal:signed
УО	ВСЕ	2153	2470	организация и обеспечение работы лагерей	50	50	3	epgrade:discretionary,signal:hasFact,signal:signed
УО	ВСЕ	2154	2471	предрейсовые и послерейсовые мед.осмотр	77.88	77.88	4	epgrade:unfounded,signal:hasFact,signal:signed,signal:unmappedReasonEP
УО	ВСЕ	2155	2472	контур	3.6	3.6	4	epgrade:unfounded,signal:hasFact,signal:signed,signal:unmappedReasonEP
УО	ВСЕ	2156	2473	система Глонасс	10	10	3	epgrade:verified-benefit,signal:hasFact,signal:signed
УО	ВСЕ	2157	2474	бланк аттестата	7.691	7.691	3	epgrade:verified-benefit,signal:hasFact,signal:signed
УО	ВСЕ	2158	2475	канц.товары	34.526	34.5263	3	epgrade:verified-benefit,signal:hasFact,signal:signed
УО	ВСЕ	2159	2476	моющие средства	49.805	49.805	4	epgrade:unfounded,signal:hasFact,signal:signed,signal:unmappedReasonEP
УО	ВСЕ	2160	2477	обслуживание тревожной кнопки	10	10	4	epgrade:unfounded,signal:hasFact,signal:signed,signal:unmappedReasonEP
УО	ВСЕ	2161	2478	замена тахографа	74.235	74.235	3	epgrade:discretionary,signal:hasFact,signal:signed
УО	ВСЕ	2162	2479	лампы	45.453	45.453	3	epgrade:verified-benefit,signal:hasFact,signal:signed
УО	ВСЕ	2163	2480	ОСАГО 	21.96616	21.96616	4	epgrade:verified-benefit,hygiene:G:edge_space,signal:hasFact,signal:signed
УО	ВСЕ	2164	2481	аккумуляторы для АПС	12.25	12.25	3	epgrade:discretionary,signal:hasFact,signal:signed
УО	ВСЕ	2165	2482	ВСОШ (автобус Контракт, контракт картриджи)	145.5	145.5	3	epgrade:verified-benefit,signal:hasFact,signal:signed
УО	ВСЕ	2166	2483	Открытая муниципальная игра "Лабиринт" 	70	15	6	epgrade:verified-benefit,hygiene:G:edge_space,rule:status_on_data_rows,signal:epFactDeviation,signal:hasFact,signal:signed
УО	ВСЕ	2167	2484	Поэзия страны детства	55	30	5	epgrade:verified-benefit,rule:status_on_data_rows,signal:epFactDeviation,signal:hasFact,signal:signed
УО	ВСЕ	2168	2485	Конкурс знастоков истории Отечества "Взгляд из прошлого"	20	20	3	epgrade:verified-benefit,signal:hasFact,signal:signed
УО	ВСЕ	2169	2486	Всеросииский конкурс юных чтецов "Живая классика	35	15	5	epgrade:verified-benefit,rule:status_on_data_rows,signal:epFactDeviation,signal:hasFact,signal:signed
УО	ВСЕ	2170	2487	Конкурс чтецов "Мост дружбы"	20	20	3	epgrade:verified-benefit,signal:hasFact,signal:signed
УО	ВСЕ	2171	2488	Конкурс чтецов "Во славу отечества"	20	20	3	epgrade:verified-benefit,signal:hasFact,signal:signed
УО	ВСЕ	2172	2489	Патриотический конкурс "Салют Победы"	20	20	3	epgrade:verified-benefit,signal:hasFact,signal:signed
УО	ВСЕ	2173	2490	Мы за безопасность	25	25	3	epgrade:verified-benefit,signal:hasFact,signal:signed
УО	ВСЕ	2174	2491	Инженерные решения	35	35	3	epgrade:verified-benefit,signal:hasFact,signal:signed
УО	ВСЕ	2175	2492	Мероприятие посвященное празднованию 81-ой годовщины Победы	40	40	3	epgrade:verified-benefit,signal:hasFact,signal:signed
УО	ВСЕ	2176	2493	Разработка ПСД	104	10	4	rule:status_on_data_rows,signal:hasFact,signal:highEconomy,signal:signed
УО	ВСЕ	2177	2494	Чевствование победителей ВСОШ	499.461	499.461	3	epgrade:verified-benefit,signal:hasFact,signal:signed
УО	ВСЕ	2178	2495	Мастер-классы в каникулярный период	40	40	3	epgrade:verified-benefit,signal:hasFact,signal:signed
УО	ВСЕ	2179	2496	Сезонная школа	200	199.96	3	epgrade:verified-benefit,signal:hasFact,signal:signed
УО	ВСЕ	2180	2497	Математическая игра "Карусель" Сертификаты. Материально-техническое оснащение (бумага, кар	55	0	2	epgrade:verified-benefit,hygiene:G:edge_space
УО	ВСЕ	2181	2498	Математичкская игра "Домино" Сертификаты. Материально-техническое оснащение (бумага, картр	55	0	2	epgrade:verified-benefit,hygiene:G:edge_space
УО	ВСЕ	2182	2499	Муниципальный этап ВСОШ	558.5	0	1	epgrade:verified-benefit
УО	ВСЕ	2183	2502	Камерная обработка белья	96.7	0	2	epgrade:verified-benefit,signal:planSoon
УО	ВСЕ	2184	2503	Поставка "Яйцо куриное"	224.64	224.64	3	epgrade:verified-benefit,signal:hasFact,signal:signed
УО	ВСЕ	2185	2504	Учебные расходы	59.6	59.6	3	epgrade:verified-benefit,signal:hasFact,signal:signed
УО	ВСЕ	2186	2505	Учебные расходы	78.751	78.751	3	epgrade:verified-benefit,signal:hasFact,signal:signed
УО	ВСЕ	2187	2506	Аварийные работы	100	100	3	epgrade:verified-benefit,signal:hasFact,signal:signed
УО	ВСЕ	2188	2507	Электоизмерения 1 р/ 3года	81	0	2	epgrade:verified-benefit,signal:planYearMissing
УО	ВСЕ	2189	2508	АПС и СОУЭ Крашенинникова 17	313.625	0	2	comment:missing_procedure_ref,signal:overdue
УО	ВСЕ	2190	2509	средства индивидуальной защиты	12.8	0	2	epgrade:verified-benefit,signal:planYearMissing
УО	ВСЕ	2191	2510	испытание диэлектрических СЗ	3.9	3.9	3	epgrade:verified-benefit,signal:hasFact,signal:signed
УО	ВСЕ	2192	2511	Уборка снега	205.5	205.5	3	epgrade:verified-benefit,signal:hasFact,signal:signed
УО	ВСЕ	2193	2512	Услуги связи	209.13	209.13	3	epgrade:verified-benefit,signal:hasFact,signal:signed
УО	ВСЕ	2194	2513	ТО автомобиля	17.8535	0	2	epgrade:verified-benefit,signal:planYearMissing
УО	ВСЕ	2195	2514	ГСМ	70	0	2	epgrade:verified-benefit,signal:planYearMissing
УО	ВСЕ	2196	2515	Оказание услуг по предрейсовому и послерейсовому  медицинскому освидетельствованию   водит	49.4	49.4	4	epgrade:verified-benefit,hygiene:G:double_space,signal:hasFact,signal:signed
УО	ВСЕ	2197	2516	ПО Контур	3.6	3.6	3	epgrade:verified-benefit,signal:hasFact,signal:signed
УО	ВСЕ	2198	2517	Зануление	74	74	3	epgrade:verified-benefit,signal:hasFact,signal:signed
УО	ВСЕ	2199	2518	Производственный контроль (ХААСП)	150	150	3	epgrade:verified-benefit,signal:hasFact,signal:signed
УО	ВСЕ	2200	2519	дезинфекция постельных принадлежностей	189	0	2	epgrade:verified-benefit,signal:planYearMissing
УО	ВСЕ	2201	2520	аппаратура измерительная	9	0	2	epgrade:verified-benefit,signal:planYearMissing
УО	ВСЕ	2202	2521	шкаф для инвентаря	59.5	0	2	epgrade:verified-benefit,signal:planYearMissing
УО	ВСЕ	2203	2522	спец. одежда	24.51	0	2	epgrade:verified-benefit,signal:planYearMissing
УО	ВСЕ	2204	2523	Ремонт центральной калитки	36.6241	36.6241	3	epgrade:verified-benefit,signal:hasFact,signal:signed
УО	ВСЕ	2205	2524	Ремонт лестниц	1200	0	2	comment:missing_procedure_ref,signal:planYearMissing
УО	ВСЕ	2206	2525	Мукомольная продукция лагерь	23.726	23.726	3	epgrade:verified-benefit,signal:hasFact,signal:signed
УО	ВСЕ	2207	2526	Продукты ФудСервис лагерь	318.2	318.2	3	epgrade:verified-benefit,signal:hasFact,signal:signed
УО	ВСЕ	2208	2527	Кипятильник	75.5	75.5	3	epgrade:lawful-exclusive,signal:hasFact,signal:signed
УО	ВСЕ	2209	2528	сан.минимум	18.109	18.109	3	epgrade:lawful-exclusive,signal:hasFact,signal:signed
УО	ВСЕ	2210	2529	платные медицинские услуги	56	56	3	epgrade:verified-benefit,signal:hasFact,signal:signed
УО	ВСЕ	2211	2530	проведение дезинфекционных мероприятий	15.4	15.4	3	epgrade:verified-benefit,signal:hasFact,signal:signed
УО	ВСЕ	2212	2531	производственный контроль	40	40	3	epgrade:unfounded,signal:hasFact,signal:signed
УО	ВСЕ	2213	2532	посуда, хознужды, дез ср-ва	67	67	3	epgrade:verified-benefit,signal:hasFact,signal:signed
УО	ВСЕ	2214	2533	фрукты, овощи	182.5	182.5	3	epgrade:verified-benefit,signal:hasFact,signal:signed
УО	ВСЕ	2215	2534	овощи свежие	32.35	32.35	3	epgrade:verified-benefit,signal:hasFact,signal:signed
УО	ВСЕ	2216	2535	яйцо	9.7	9.7	3	epgrade:verified-benefit,signal:hasFact,signal:signed
УО	ВСЕ	2217	2536	голубцы замороженные	15.4	15.4	3	epgrade:verified-benefit,signal:hasFact,signal:signed
УО	ВСЕ	2218	2537	молоко, кисломолочная продукция, творог, сметана, масло слив, сыр	182.1	182.1	3	epgrade:verified-benefit,signal:hasFact,signal:signed
УО	ВСЕ	2219	2538	филе, бедро куриное охл	9.2	9.2	3	epgrade:verified-benefit,signal:hasFact,signal:signed
УО	ВСЕ	2220	2539	молоко питьевое	14.4	14.4	3	epgrade:verified-benefit,signal:hasFact,signal:signed
УО	ВСЕ	2221	2540	продукты питания (крупы, сахар, консервация и т.д)	57.1	57.1	3	epgrade:verified-benefit,signal:hasFact,signal:signed
УО	ВСЕ	2222	2541	филе рыбы мороженой, продукты рыбные переработанные, кальмар	28.3	28.3	3	epgrade:verified-benefit,signal:hasFact,signal:signed
УО	ВСЕ	2223	2542	говядина замороженная	90.5	85.9	5	epgrade:verified-benefit,rule:status_on_data_rows,signal:epFactDeviation,signal:hasFact,signal:signed
УО	ВСЕ	2224	2543	хлеб и хлебобулочная продукция	99.2	99.2	3	epgrade:verified-benefit,signal:hasFact,signal:signed
УО	ВСЕ	2225	2544	филе куриное, охлажденное (лагерь)	29.645	29.645	3	epgrade:lawful-exclusive,signal:hasFact,signal:signed
УО	ВСЕ	2226	2545	овощи свежие, фрукты для летнего оздоровительного лагеря	169.415	169.415	3	epgrade:verified-benefit,signal:hasFact,signal:signed
УО	ВСЕ	2227	2546	дезинфекционные работы (лагерь)	3.15	3.15	3	epgrade:verified-benefit,signal:hasFact,signal:signed
УО	ВСЕ	2228	2547	Поставка ноутбуков	117.897	117.897	3	epgrade:discretionary,signal:hasFact,signal:signed
УО	ВСЕ	2229	2548	приобретение учебных материалов	100.06	100.06	3	epgrade:verified-benefit,signal:hasFact,signal:signed
УО	ВСЕ	2230	2549	Электромонтажные работы, оборудование ввода подключения к ВРУ школы резервного генератора 	120	108.64934	6	epgrade:unfounded,rule:status_on_data_rows,signal:epFactDeviation,signal:hasFact,signal:signed,signal:unmappedReasonEP
УО	ВСЕ	2231	2550	закупка ламп	1.26	1.26	3	epgrade:verified-benefit,signal:hasFact,signal:signed
УО	ВСЕ	2232	2551	закупка ламп	9.8	9.8	3	epgrade:verified-benefit,signal:hasFact,signal:signed
УО	ВСЕ	2233	2552	обслуживание вентиляционного оборудования	4.8	4.8	3	epgrade:verified-benefit,signal:hasFact,signal:signed
УО	ВСЕ	2234	2553	ГСМ	600	600	3	epgrade:verified-benefit,signal:hasFact,signal:signed
УО	ВСЕ	2235	2554	Мыши компьютерные	12.63675	8.91	6	epgrade:unfounded,rule:status_on_data_rows,signal:epFactDeviation,signal:hasFact,signal:methodReasonMismatch,signal:signed
УО	ВСЕ	2236	2555	Шкаф коммутационный	30.84585	30.84585	2	signal:hasFact,signal:signed
УО	ВСЕ	2237	2556	Шредер	47.34807	47.18	4	epgrade:unfounded,signal:hasFact,signal:methodReasonMismatch,signal:signed
УО	ВСЕ	2238	2557	Модернизация системы  защиты информации 	678.26	678.26037	4	hygiene:G:double_space,hygiene:G:edge_space,signal:hasFact,signal:signed
УО	ВСЕ	2239	2558	Поставка овощей и фруктов (лагрь)	557.45	512.85	5	epgrade:verified-benefit,rule:status_on_data_rows,signal:epFactDeviation,signal:hasFact,signal:signed
УО	ВСЕ	2240	2559	оказание услуг по обеспечению пожарной безопасности	51.72	51.72	3	epgrade:verified-benefit,signal:hasFact,signal:signed
УО	ВСЕ	2241	2560	Опрессовка	25	25	3	epgrade:verified-benefit,signal:hasFact,signal:signed
УО	ВСЕ	2242	2561	приобретение моющих и дезинфицирующих средств	12.55	12.55	3	epgrade:verified-benefit,signal:hasFact,signal:signed
УО	ВСЕ	2243	2562	Медаль «За особые успехи в учении 2 степени»	9.84	9.84	3	epgrade:verified-benefit,signal:hasFact,signal:signed
УО	ВСЕ	2244	2563	Проведение электроизмерений и электроиспытаний в электроустановках напряжением до 1000В се	39	39	3	epgrade:lawful-exclusive,signal:hasFact,signal:signed
УО	ВСЕ	2245	2564	смеситель для ванн	12.8	12.8	3	epgrade:verified-benefit,signal:hasFact,signal:signed
УО	ВСЕ	2246	2565	установка стеклопакетов	22.5	22.5	3	epgrade:verified-benefit,signal:hasFact,signal:signed
УО	ВСЕ	2247	2566	монтаж автоматических уличных ворот	270	0	2	epgrade:lawful-exclusive,signal:planYearMissing
УО	ВСЕ	2248	2567	хлеб	353.65	353.65	3	epgrade:verified-benefit,signal:hasFact,signal:signed
УО	ВСЕ	2249	2568	хлебобулочные изделия	588.6	588.6	3	epgrade:verified-benefit,signal:hasFact,signal:signed
УО	ВСЕ	2250	2569	мед.осмотр (авансовый отчет)	2.616	2.616	3	epgrade:verified-benefit,signal:hasFact,signal:signed
УО	ВСЕ	2251	2570	мед.осмотр (авансовый отчет)	2.616	2.616	3	epgrade:verified-benefit,signal:hasFact,signal:signed
УО	ВСЕ	2252	2571	мед.осмотр	29.68	29.68	3	epgrade:verified-benefit,signal:hasFact,signal:signed
УО	ВСЕ	2253	2572	Слет мальчишек (авансовый отчет)	100	100	3	epgrade:discretionary,signal:hasFact,signal:signed
УО	ВСЕ	2254	2573	Безопасное колесо	86	86	3	epgrade:discretionary,signal:hasFact,signal:signed
УО	ВСЕ	2255	2574	Мебель	612.5	0	2	comment:missing_procedure_ref,signal:planYearMissing
УО	ВСЕ	2256	2575	Приобретение стиральных машин	72.598	72.598	3	epgrade:verified-benefit,signal:hasFact,signal:signed
УО	ВСЕ	2257	2576	Приобретение морского песка	12.335	12.335	3	epgrade:verified-benefit,signal:hasFact,signal:signed
УО	ВСЕ	2258	2577	Запасные части для триммера (масло двухтактное полусинтетическое с дозатором, корд витой к	6.33	6.33	3	epgrade:lawful-exclusive,signal:hasFact,signal:signed
УО	ВСЕ	2259	2578	Грамоты Благодарности	24.4	24.4	3	epgrade:verified-benefit,signal:hasFact,signal:signed
УО	ВСЕ	2260	2579	хоз нужды	10.04	10.04	3	epgrade:verified-benefit,signal:hasFact,signal:signed
УО	ВСЕ	2261	2580	Радиатор отопления	20	20	3	epgrade:verified-benefit,signal:hasFact,signal:signed
УО	ВСЕ	2262	2581	Услуги по обеспечению пожарной безопасности Поверка огнетушителей	11.49	11.49	3	epgrade:verified-benefit,signal:hasFact,signal:signed
УО	ВСЕ	2263	2582	Ремонт кровли и примыканий	165.22473	165.22473	4	epgrade:unfounded,signal:hasFact,signal:signed,signal:unmappedReasonEP
УО	ВСЕ	2264	2583	Оказание платных дезинфекционных работ	6.085	6.085	3	epgrade:discretionary,signal:hasFact,signal:signed
УО	ВСЕ	2265	2584	Электролабораторное обследование электрооборудования	35	35	3	epgrade:discretionary,signal:hasFact,signal:signed
УО	ВСЕ	2266	2585	Поставка москитных сеток	396	396	3	epgrade:discretionary,signal:hasFact,signal:signed
УО	ВСЕ	2267	2586	Поставка мебели	344	344	3	epgrade:discretionary,signal:hasFact,signal:signed
УО	ВСЕ	2268	2587	приобретение автошин для школьного автобуса	42.8	42.8	3	epgrade:discretionary,signal:hasFact,signal:signed
УО	ВСЕ	2269	2588	обследование зелёной зоны на клещей	12.127	12.127	4	epgrade:unfounded,signal:hasFact,signal:signed,signal:unmappedReasonEP
УО	ВСЕ	2270	2589	Поставка мебели	797.596	534.391	4	rule:status_on_data_rows,signal:hasFact,signal:highEconomy,signal:signed
УО	ВСЕ	2271	2590	Ремонт оборудования ( плита)	16.758	16.758	3	epgrade:verified-benefit,signal:hasFact,signal:signed
УО	ВСЕ	2272	2591	Обследование территории на клещи	37.8	37.8	3	epgrade:verified-benefit,signal:hasFact,signal:signed
УО	ВСЕ	2273	2592	Учебные расходы	28.665	28.665	3	epgrade:verified-benefit,signal:hasFact,signal:signed
УО	ВСЕ	2274	2593	Гигиеничекое обучение	77.024	77.024	3	epgrade:verified-benefit,signal:hasFact,signal:signed
УО	ВСЕ	2275	2594	Опрессовка	25	25	3	epgrade:verified-benefit,signal:hasFact,signal:signed
УО	ВСЕ	2276	2595	Ремонтные работы (материалы)	72.514	72.514	3	epgrade:verified-benefit,signal:hasFact,signal:signed
УО	ВСЕ	2277	2596	закупка моющих и чистящих средств	9.5	9.5	3	epgrade:verified-benefit,signal:hasFact,signal:signed
УО	ВСЕ	2278	2597	ЭЦП (для работы в ФИС ФРДО)	8	6	5	epgrade:verified-benefit,rule:status_on_data_rows,signal:epFactDeviation,signal:hasFact,signal:signed
УО	ВСЕ	2279	2598	приобретение отделочных материалов для косметического ремонта в дошкольном отделении	50	49.99885	3	epgrade:verified-benefit,signal:hasFact,signal:signed
УО	ВСЕ	2280	2599	обследование на грызунов	14.7	14.7	3	epgrade:verified-benefit,signal:hasFact,signal:signed
УО	ВСЕ	2281	2600	обслуживание вентиляционного оборудования	4.8	4.8	3	epgrade:verified-benefit,signal:hasFact,signal:signed
УО	ВСЕ	2282	2601	обследование на грызунов, клищей лагерь лето	10.15088	10.15088	3	epgrade:verified-benefit,signal:hasFact,signal:signed
УО	ВСЕ	2283	2602	лабораторные обследования (рото, норо лагерь лето 2026)	22.499	22.499	3	epgrade:verified-benefit,signal:hasFact,signal:signed
УО	ВСЕ	2284	2603	моющие ср-ва лагерь лето	6.46	6.46	3	epgrade:verified-benefit,signal:hasFact,signal:signed
УО	ВСЕ	2285	2604	моющие ср-ва лагерь лето	18.845	18.845	3	epgrade:verified-benefit,signal:hasFact,signal:signed
УО	ВСЕ	2286	2605	рабоч.тетр	14.79	14.79	3	epgrade:verified-benefit,signal:hasFact,signal:signed
УО	ВСЕ	2287	2606	учебники по обществознанию	4.895	4.895	3	epgrade:verified-benefit,signal:hasFact,signal:signed
УО	ВСЕ	2288	2607	Закупка табуретов для столовой	46.41	46.41	3	epgrade:verified-benefit,signal:hasFact,signal:signed
УО	ВСЕ	2289	2608	Продукты питания яйцо	42.672	42.672	3	epgrade:verified-benefit,signal:hasFact,signal:signed
УО	ВСЕ	2290	2609	Продукты питания хлеб и хлебобулочные изделия 	433.29468	433.29468	4	epgrade:verified-benefit,hygiene:G:edge_space,signal:hasFact,signal:signed
УО	ВСЕ	2291	2610	Продукты питания овощи 	47.675	47.675	4	epgrade:verified-benefit,hygiene:G:edge_space,signal:hasFact,signal:signed
УО	ВСЕ	2292	2611	Продукты питания кальмар	24.19	24.19	3	epgrade:verified-benefit,signal:hasFact,signal:signed
УО	ВСЕ	2293	2612	Продукты питания  фрукты и овощи 	482.957	482.957	5	epgrade:verified-benefit,hygiene:G:double_space,hygiene:G:edge_space,signal:hasFact,signal:signed
УО	ВСЕ	2294	2613	Продукты питания  фрукты виноград	135.364	135.364	4	epgrade:verified-benefit,hygiene:G:double_space,signal:hasFact,signal:signed
УО	ВСЕ	2295	2614	Вода питьевая 	18.57	18.57	4	epgrade:verified-benefit,hygiene:G:edge_space,signal:hasFact,signal:signed
УО	ВСЕ	2296	2615	Прохождение мед.(Рото,-астро,-наро,энтеро,короно-вирусы,    кол-во сотр.38 чел)	89.95	89.95	5	epgrade:verified-benefit,hygiene:G:double_space,hygiene:G:missing_space_after_punct,signal:hasFact,signal:signed
УО	ВСЕ	2297	2616	Суточная проба  553 руб.*15 кол-во дней	8.295	8.295	4	epgrade:verified-benefit,hygiene:G:double_space,signal:hasFact,signal:signed
УО	ВСЕ	2298	2617	Дератизация, дезинсекция, Энтомологическое обследовани	19.1536	19.1536	3	epgrade:verified-benefit,signal:hasFact,signal:signed
УО	ВСЕ	2299	2618	Покупка халатов трудовая бригада 	7.83	7.83	4	epgrade:verified-benefit,hygiene:G:edge_space,signal:hasFact,signal:signed
УО	ВСЕ	2300	2619	Покупка  сиз хотоваров  трудовая бригада 	10.985	10.985	5	epgrade:verified-benefit,hygiene:G:double_space,hygiene:G:edge_space,signal:hasFact,signal:signed
УО	ВСЕ	2301	2620	Промывка и опрессовка системы отопления	28	28	3	epgrade:verified-benefit,signal:hasFact,signal:signed
УО	ВСЕ	2302	2621	Промывка и опрессовка системы отопления	28	28	3	epgrade:verified-benefit,signal:hasFact,signal:signed
УО	ВСЕ	2303	2622	Промывка и опрессовка системы отопления	28	0	5	comment:execution_claim_no_fact,epgrade:verified-benefit,signal:dateWithoutFact,signal:hasFact,signal:signed
УО	ВСЕ	2304	2623	Промывка и опрессовка системы отопления	28	0	5	comment:execution_claim_no_fact,epgrade:verified-benefit,signal:dateWithoutFact,signal:hasFact,signal:signed
УО	ВСЕ	2305	2624	Поверка приборов учета	49.5	0	2	epgrade:verified-benefit,signal:planYearMissing
УО	ВСЕ	2306	2625	Промывка и опрессовка системы отопления	24	24	3	epgrade:verified-benefit,signal:hasFact,signal:signed
УО	ВСЕ	2307	2626	Промывка и опрессовка системы отопления	30	25	5	epgrade:verified-benefit,rule:status_on_data_rows,signal:epFactDeviation,signal:hasFact,signal:signed
УО	ВСЕ	2308	2627	Промывка и опрессовка системы отопления	27	0	3	epgrade:verified-benefit,hygiene:C:registry_mismatch,signal:planYearMissing
УО	ВСЕ	2309	2628	Лакокрасочные изделия ( Краска, кисти , эмаль, шпатлевка для текущ. ремонта)	60	60	4	epgrade:verified-benefit,hygiene:G:space_before_punct,signal:hasFact,signal:signed
УО	ВСЕ	2310	2629	Лакокрасочные изделия ( Краска, кисти , эмаль, шпатлевка для текущ. ремонта)	68.826	68.826	4	epgrade:verified-benefit,hygiene:G:space_before_punct,signal:hasFact,signal:signed
УО	ВСЕ	2311	2631	Форма (выезд на всероссийский конкурс, индивидуальный пошив)	119	0	2	epgrade:verified-benefit,signal:planYearMissing
УО	ВСЕ	2312	2632	Промывка и опрессовка системы отопления	28	28	3	epgrade:verified-benefit,signal:hasFact,signal:signed
УО	ВСЕ	2313	2633	Промывка и опрессовка системы отопления	28	27	5	epgrade:verified-benefit,rule:status_on_data_rows,signal:epFactDeviation,signal:hasFact,signal:signed
УО	ВСЕ	2314	2634	Поверка приборов УУТЭ, замена насоса	61	0	2	epgrade:verified-benefit,signal:planYearMissing
УО	ВСЕ	2315	2635	Промывка и опрессовка системы отопления	27	24.99	5	epgrade:verified-benefit,rule:status_on_data_rows,signal:epFactDeviation,signal:hasFact,signal:signed
УО	ВСЕ	2316	2636	Поверка приборов учета	16	16	3	epgrade:verified-benefit,signal:hasFact,signal:signed
УО	ВСЕ	2317	2637	Промывка и опрессовка системы отопления	28	28	3	epgrade:verified-benefit,signal:hasFact,signal:signed
УО	ВСЕ	2318	2638	Поверка приборов учета	23.605	23.605	3	epgrade:verified-benefit,signal:hasFact,signal:signed
УО	ВСЕ	2319	2639	Промывка и опрессовка системы отопления	28	28	3	epgrade:verified-benefit,signal:hasFact,signal:signed
УО	ВСЕ	2320	2640	Промывка и опрессовка системы отопления	27	25	5	epgrade:verified-benefit,rule:status_on_data_rows,signal:epFactDeviation,signal:hasFact,signal:signed
УО	ВСЕ	2321	2641	Поверка тепловычислителя	17	0	2	epgrade:verified-benefit,signal:planYearMissing
УО	ВСЕ	2322	2642	Промывка и опрессовка системы отопления	28	28	3	epgrade:verified-benefit,signal:hasFact,signal:signed
УО	ВСЕ	2323	2643	Поверка приборов учета	12.59	0	2	epgrade:verified-benefit,signal:planYearMissing
УО	ВСЕ	2324	2644	Промывка и опрессовка системы отопления	27	25	5	epgrade:verified-benefit,rule:status_on_data_rows,signal:epFactDeviation,signal:hasFact,signal:signed
УО	ВСЕ	2325	2645	Поверка приборов учета	17.115	0	2	epgrade:verified-benefit,signal:planYearMissing
УО	ВСЕ	2326	2646	Промывка и опрессовка системы отопления	27	25	5	epgrade:verified-benefit,rule:status_on_data_rows,signal:epFactDeviation,signal:hasFact,signal:signed
УО	ВСЕ	2327	2647	Промывка и опрессовка системы отопления	28	28	3	epgrade:verified-benefit,signal:hasFact,signal:signed
УО	ВСЕ	2328	2648	Промывка и опрессовка системы отопления	28	28	3	epgrade:verified-benefit,signal:hasFact,signal:signed
УО	ВСЕ	2329	2649	Промывка и опрессовка системы отопления	25	25	3	epgrade:verified-benefit,signal:hasFact,signal:signed
УО	ВСЕ	2330	2650	Промывка и опрессовка системы отопления	44.5	0	2	epgrade:verified-benefit,signal:planYearMissing
УО	ВСЕ	2331	2651	Промывка и опрессовка системы отопления	22	0	2	epgrade:verified-benefit,signal:planYearMissing
УО	ВСЕ	2332	2652	Поверка приборов учета	28.52	28.52	3	epgrade:verified-benefit,signal:hasFact,signal:signed
УО	ВСЕ	2333	2653	Промывка и опрессовка системы отопления	45	0	5	comment:execution_claim_no_fact,epgrade:verified-benefit,signal:dateWithoutFact,signal:hasFact,signal:signed
УО	ВСЕ	2334	2654	Промывка и опрессовка системы отопления 2 здания	45	45	3	epgrade:verified-benefit,signal:hasFact,signal:signed
УО	ВСЕ	2335	2655	Промывка и опрессовка системы отопления	45	45	3	epgrade:verified-benefit,signal:hasFact,signal:signed
УО	ВСЕ	2336	2656	Промывка и опрессовка системы отопления	43	0	2	epgrade:verified-benefit,signal:planYearMissing
УО	ВСЕ	2337	2657	Промывка и опрессовка системы отопления	43.5	0	2	epgrade:verified-benefit,signal:planYearMissing
УО	ВСЕ	2338	2658	Поверка приборов учета	49.06	49.06	3	epgrade:verified-benefit,signal:hasFact,signal:signed
УО	ВСЕ	2339	2659	Промывка и опрессовка системы отопления	28	0	5	comment:execution_claim_no_fact,epgrade:verified-benefit,signal:dateWithoutFact,signal:hasFact,signal:signed
УО	ВСЕ	2340	2660	Промывка и опрессовка системы отопления	45	0	5	comment:execution_claim_no_fact,epgrade:verified-benefit,signal:dateWithoutFact,signal:hasFact,signal:signed
УО	ВСЕ	2341	2661	Поверка приборов учета	36	36	3	epgrade:verified-benefit,signal:hasFact,signal:signed
УО	ВСЕ	2342	2662	яйцо свежее	98	98	3	epgrade:verified-benefit,signal:hasFact,signal:signed
УО	ВСЕ	2343	2663	консервация	300	300	3	epgrade:lawful-exclusive,signal:hasFact,signal:signed
УО	ВСЕ	2344	2664	овощи корнеплодные,клубнеплодные	432.1	432.1	4	epgrade:lawful-exclusive,hygiene:G:missing_space_after_punct,signal:hasFact,signal:signed
УО	ВСЕ	2345	2665	филе кур	232.99999999999997	232.99999999999997	3	epgrade:verified-benefit,signal:hasFact,signal:signed
УО	ВСЕ	2346	2666	полуфабрикаты	428.46000000000004	428.46000000000004	3	epgrade:verified-benefit,signal:hasFact,signal:signed
УО	ВСЕ	2347	2667	продукты питания	595	595	3	epgrade:lawful-exclusive,signal:hasFact,signal:signed
УО	ВСЕ	2348	2668	Ванилин Кофейный напиток Крупа рисовая (рис) Лимонная кислота Сахар-песок Сухофрукты Чай	83.294	83.294	3	epgrade:lawful-exclusive,signal:hasFact,signal:signed
УО	ВСЕ	2349	2669	Хлеб из пшеничной муки Хлеб из ржано-пшеничной муки Батон Булочка ванильная Булочка особая	322.4097	322.4097	4	epgrade:lawful-exclusive,hygiene:G:edge_space,signal:hasFact,signal:signed
УО	ВСЕ	2350	2670	филе куриное	32.07	32.07	3	epgrade:lawful-exclusive,signal:hasFact,signal:signed
УО	ВСЕ	2351	2671	Учебные расходы	100.73	100.73	3	epgrade:verified-benefit,signal:hasFact,signal:signed
УО	ВСЕ	2352	2672	Бак для сбора ТБО	30	30	3	epgrade:lawful-exclusive,signal:hasFact,signal:signed
УО	ВСЕ	2353	2673	проведение акарицидной обработки	6.347	6.347	3	epgrade:verified-benefit,signal:hasFact,signal:signed
УО	ВСЕ	2354	2674	пожарные испытания 2 полугодие	13.2	13.2	3	epgrade:verified-benefit,signal:hasFact,signal:signed
УО	ВСЕ	2355	2675	испытание диэлектрических СЗ 2 полугодие	2.74	2.74	3	epgrade:verified-benefit,signal:hasFact,signal:signed
УО	ВСЕ	2356	2676	источник бесперебойного питания в здании на ул. Крашенинникова 17 	13.399	0	3	epgrade:verified-benefit,hygiene:G:edge_space,signal:planYearMissing
УО	ВСЕ	2357	2677	оказание услуг по дублированию сигнала о пожаре в подразделение пожарной охраны	12	0	2	epgrade:verified-benefit,signal:planYearMissing
УО	ВСЕ	2358	2678	резервные аккумуляторные батареи (блоки бесперебойного питания) в здании на ул. Крашенинни	31.192	0	3	epgrade:verified-benefit,hygiene:G:edge_space,signal:planYearMissing
УО	ВСЕ	2359	2679	обработка чердака огнезащитным составом в здании на ул. Крашенинникова 17 	313.62463	0	1	hygiene:G:edge_space
УО	ВСЕ	2360	2680	Разработка проекта АПС и СОУЭ на Крашенинникова 17	18	18	3	epgrade:verified-benefit,signal:hasFact,signal:signed
УО	ВСЕ	2361	2681	Поставка армейских термосов	26	26	3	epgrade:verified-benefit,signal:hasFact,signal:signed
УО	ВСЕ	2362	2682	Осветительное оборудование	32.49	32.49	3	epgrade:verified-benefit,signal:hasFact,signal:signed
УО	ВСЕ	2363	2683	дератизация, дезинсекция, акарицидная обработка к пришкольному лагерю	10.359	10.359	3	epgrade:verified-benefit,signal:hasFact,signal:signed
УО	ВСЕ	2364	2684	Приобретение аккумуляторных батарей для АПС	57	57	3	epgrade:verified-benefit,signal:hasFact,signal:signed
УО	ВСЕ	2365	2691	электронная форма учебников	0.7293	0.7293	3	epgrade:lawful-exclusive,signal:hasFact,signal:signed
УО	ВСЕ	2366	2692	учбная литература	1.0439	1.0439	3	epgrade:lawful-exclusive,signal:hasFact,signal:signed
УО	ВСЕ	2367	2693	учбная литература	3.6685	3.6685	3	epgrade:lawful-exclusive,signal:hasFact,signal:signed
УО	ВСЕ	2368	2694	учбная литература	7.3425	7.3425	3	epgrade:lawful-exclusive,signal:hasFact,signal:signed
УО	ВСЕ	2369	2695	учбная литература	790.06411	790.06411	4	epgrade:lawful-exclusive,signal:epRisk,signal:hasFact,signal:signed
УО	ВСЕ	2370	2696	электронная форма учебников	17.6121	17.6121	3	epgrade:lawful-exclusive,signal:hasFact,signal:signed
УО	ВСЕ	2371	2697	монитор,ноутбук	72.15	72.15	4	epgrade:verified-benefit,hygiene:G:missing_space_after_punct,signal:hasFact,signal:signed
УО	ВСЕ	2372	2698	канц. товары	1.8	1.8	3	epgrade:verified-benefit,signal:hasFact,signal:signed
УО	ВСЕ	2373	2699	стенд учебный	28.8	28.8	3	epgrade:verified-benefit,signal:hasFact,signal:signed
УО	ВСЕ	2374	2700	картриджи	9.32	9.32	3	epgrade:verified-benefit,signal:hasFact,signal:signed
УО	ВСЕ	2375	2701	микроскопы	207.888	207.888	3	epgrade:verified-benefit,signal:hasFact,signal:signed
УО	ВСЕ	2376	2702	спортивное оборудование	121	121	3	epgrade:verified-benefit,signal:hasFact,signal:signed
УО	ВСЕ	2377	2703	физика оснащение	136.524	136.524	3	epgrade:verified-benefit,signal:hasFact,signal:signed
УО	ВСЕ	2378	2704	аттестаты	3.99502	3.99502	3	epgrade:verified-benefit,signal:hasFact,signal:signed
УО	ВСЕ	2379	2705	монитор	11	11	3	epgrade:verified-benefit,signal:hasFact,signal:signed
УО	ВСЕ	2380	2706	канц. товары	30	30	3	epgrade:verified-benefit,signal:hasFact,signal:signed
УО	ВСЕ	2381	2707	заправка картриджей	80	80	3	epgrade:verified-benefit,signal:hasFact,signal:signed
УО	ВСЕ	2382	2708	ПО-аттестаты	2.5	2.5	3	epgrade:verified-benefit,signal:hasFact,signal:signed
УО	ВСЕ	2383	2709	клавиатура,мышь,кабель,твердотельный накопитель	28.332	28.332	4	epgrade:verified-benefit,hygiene:G:missing_space_after_punct,signal:hasFact,signal:signed
УО	ВСЕ	2384	2710	дипломы	12.3	12.3	3	epgrade:verified-benefit,signal:hasFact,signal:signed
УО	ВСЕ	2385	2711	ПО Касперский	71.1	71.1	3	epgrade:verified-benefit,signal:hasFact,signal:signed
УО	ВСЕ	2386	2712	благодарности,грамоты	9.8	9.8	4	epgrade:verified-benefit,hygiene:G:missing_space_after_punct,signal:hasFact,signal:signed
УО	ВСЕ	2387	2713	ПО школьное питание	70	70	3	epgrade:verified-benefit,signal:hasFact,signal:signed
УО	ВСЕ	2388	2714	флаг	4.6	4.6	3	epgrade:verified-benefit,signal:hasFact,signal:signed
УО	ВСЕ	2389	2715	ПО Сбис	11.1	11.1	3	epgrade:verified-benefit,signal:hasFact,signal:signed
УО	ВСЕ	2390	2716	парты,стулья ученические	548.515	548.515	4	epgrade:verified-benefit,hygiene:G:missing_space_after_punct,signal:hasFact,signal:signed
УО	ВСЕ	2391	2717	программа энергосбережения	9.9	0	1	epgrade:verified-benefit
УО	ВСЕ	2392	2718	Учебные расходы	100.73	100.73	3	epgrade:verified-benefit,signal:hasFact,signal:signed
УО	ВСЕ	2393	2719	Покупка песка	13	0	2	epgrade:verified-benefit,signal:planYearMissing
УО	ВСЕ	2394	2720	Обучение по пожарной профилактике	12	12	3	epgrade:verified-benefit,signal:hasFact,signal:signed
УО	ВСЕ	2395	2721	Производственный контроль (2 квартал)	67.978	35.21002	5	epgrade:verified-benefit,rule:status_on_data_rows,signal:epFactDeviation,signal:hasFact,signal:signed
УО	ВСЕ	2396	2722	Авансовый отчет по аварийному ремонту холодильного оборудования	12	0	2	epgrade:verified-benefit,signal:planYearMissing
УО	ВСЕ	2397	2723	Покупка перчатки моющие трудовая бригада	31.817	31.817	3	epgrade:verified-benefit,signal:hasFact,signal:signed
УО	ВСЕ	2398	2724	Покупка посуда пришкольный лагерь 	13.9821	13.9821	4	epgrade:verified-benefit,hygiene:G:edge_space,signal:hasFact,signal:signed
УО	ВСЕ	2399	2725	Покупка моющие для посуды пришкольный лагерь 	3.9902	3.9902	4	epgrade:verified-benefit,hygiene:G:edge_space,signal:hasFact,signal:signed
УО	ВСЕ	2400	2726	Покупка порошок стиральный трудовая бригада	17.96	17.96	3	epgrade:verified-benefit,signal:hasFact,signal:signed
УО	ВСЕ	2401	2727	ЭЦП 	4	4	4	epgrade:verified-benefit,hygiene:G:edge_space,signal:hasFact,signal:signed
УО	ВСЕ	2402	2728	Стройматериалы	33.905	33.905	3	epgrade:verified-benefit,signal:hasFact,signal:signed
УО	ВСЕ	2403	2729	Поставка детской мебели	127	127	3	epgrade:verified-benefit,signal:hasFact,signal:signed
УО	ВСЕ	2404	2730	Поставка товара	470.022	470.022	3	epgrade:verified-benefit,signal:hasFact,signal:signed
УО	ВСЕ	2405	2731	Закупка оснащения в учебные кабинеты школы (стул ученический 87 шт., ростовая группа 5,6,7	558.277	0	3	epgrade:unfounded,signal:planSoon,signal:unmappedReasonEP
УО	ВСЕ	2406	2732	эмаль, ролики, кисти, уайт-спирит, рукоятки для валиков	70	70	3	epgrade:lawful-exclusive,signal:hasFact,signal:signed
УО	ВСЕ	2407	2733	учебники и методич.материалы	529.35025	529.35025	4	epgrade:unfounded,signal:hasFact,signal:signed,signal:unmappedReasonEP
УО	ВСЕ	2408	2734	Электрозамеры	34.7	34.7	3	epgrade:verified-benefit,signal:hasFact,signal:signed
УО	ВСЕ	2409	2735	Авансовый отчет (хоз.нужды)	47.382	47.382	3	epgrade:verified-benefit,signal:hasFact,signal:signed
УО	ВСЕ	2410	2736	Учебные расходы	46.128	46.128	3	epgrade:verified-benefit,signal:hasFact,signal:signed
УО	ВСЕ	2411	2737	Поставка «Хлеба не длительного хранения»	419.958	419.958	3	epgrade:verified-benefit,signal:hasFact,signal:signed
УО	ВСЕ	2412	2738	Поставка «Огурцы свежие»	6.21	6.21	3	epgrade:verified-benefit,signal:hasFact,signal:signed
УО	ВСЕ	2413	2739	Поставка "Филе куриное охлажденное"	32.67	32.67	3	epgrade:verified-benefit,signal:hasFact,signal:signed
УО	ВСЕ	2414	2740	Капитальный ремонт здания МБОУ "Николаевская средняя школа"	62542.77716	0	1	signal:planSoon
УО	ВСЕ	2415	2741	Поставка мебели в МБОУ "Николаевская средняя школа"	9518.47704	0	2	comment:missing_procedure_ref,signal:planSoon
УО	ВСЕ	2416	2742	канц. товары	25	25	3	epgrade:verified-benefit,signal:hasFact,signal:signed
УО	ВСЕ	2417	2743	Твердая обложка для аттестата о среднем общем образовании с отличием	2.645	2.645	3	epgrade:verified-benefit,signal:hasFact,signal:signed
УО	ВСЕ	2418	2744	Макаронные изделия Молоко сгущенное с сахаром 	34.32	34.32	4	epgrade:lawful-exclusive,hygiene:G:edge_space,signal:hasFact,signal:signed
УО	ВСЕ	2419	2745	Томаты свежие Огурцы свежие 	72.96	72.96	4	epgrade:verified-benefit,hygiene:G:edge_space,signal:hasFact,signal:signed
УО	ВСЕ	2420	2746	Поставка продуктов питания (куриное мясо, т.е. бедро, филе, голень и т.д.)	100	100	3	epgrade:verified-benefit,signal:hasFact,signal:signed
УО	ВСЕ	2421	2747	Поставка продуктов питания (хлебобулочные изделия)	250	250	3	epgrade:verified-benefit,signal:hasFact,signal:signed
УО	ВСЕ	2422	2748	Поставка продуктов питания (фрукты и овощи)	273.6	273.6	3	epgrade:verified-benefit,signal:hasFact,signal:signed
УО	ВСЕ	2423	2749	Поставка продуктов питания (яйцо куриное)	154	154	3	epgrade:verified-benefit,signal:hasFact,signal:signed
УО	ВСЕ	2424	2750	Поставка продуктов питания (огурцы и помидоры)	200	200	3	epgrade:verified-benefit,signal:hasFact,signal:signed
УО	ВСЕ	2425	2751	Поставка продуктов питания (куриное мясо, т.е. бедро, филе, голень и т.д.)	100	100	3	epgrade:verified-benefit,signal:hasFact,signal:signed
УО	ВСЕ	2426	2752	Поставка продуктов питания (мукомольная продукция, замороженные овощи, фрукты замороженные	300	300	4	epgrade:verified-benefit,hygiene:G:missing_space_after_punct,signal:hasFact,signal:signed
УО	ВСЕ	2427	2753	Поставка продуктов питания (хлебобулочные изделия)	300	300	3	epgrade:verified-benefit,signal:hasFact,signal:signed
УО	ВСЕ	2428	2754	Поставка продуктов питания (огурцы и помидоры)	273.6	273.6	3	epgrade:verified-benefit,signal:hasFact,signal:signed
УО	ВСЕ	2429	2755	Поставка продуктов питания (яйцо куриное)	154	154	3	epgrade:verified-benefit,signal:hasFact,signal:signed
УО	ВСЕ	2430	2756	Поставка продуктов питания (фрукты и овощи)	350	350	3	epgrade:verified-benefit,signal:hasFact,signal:signed
УО	ВСЕ	2431	2757	Поставка мебели	263.659	263.659	3	epgrade:verified-benefit,signal:hasFact,signal:signed
УО	ВСЕ	2432	2758	Порубка деревьев	10	0	2	epgrade:verified-benefit,signal:planYearMissing
УО	ВСЕ	2433	2759	Учебные расходы	100	100	3	epgrade:verified-benefit,signal:hasFact,signal:signed
УО	ВСЕ	2434	2760	Учебные расходы	89.598	89.598	3	epgrade:verified-benefit,signal:hasFact,signal:signed
УО	ВСЕ	2435	2761	Учебные расходы	46.128	46.128	3	epgrade:verified-benefit,signal:hasFact,signal:signed
УО	ВСЕ	2436	2762	производственный контроль школа лагерь лето	55.33819	55.33819	3	epgrade:lawful-exclusive,signal:hasFact,signal:signed
УО	ВСЕ	2437	2763	продукты питания лагерь лето	45.59519	45.59519	3	epgrade:verified-benefit,signal:hasFact,signal:signed
УО	ВСЕ	2438	2764	продукты питания лагерь лето	284.5866	284.5866	3	epgrade:verified-benefit,signal:hasFact,signal:signed
УО	ВСЕ	2439	2765	продукты питания лагерь лето	76.42779999999999	76.42779999999999	3	epgrade:verified-benefit,signal:hasFact,signal:signed
УО	ВСЕ	2440	2766	продукты питания лагерь лето	27.225	27.225	3	epgrade:verified-benefit,signal:hasFact,signal:signed
УО	ВСЕ	2441	2767	продукты питания лагерь лето	405.9517	405.9517	3	epgrade:verified-benefit,signal:hasFact,signal:signed
УО	ВСЕ	2442	2768	продукты питания лагерь лето	89.3738	89.3738	3	epgrade:verified-benefit,signal:hasFact,signal:signed
УО	ВСЕ	2443	2769	продукты питания лагерь лето	7.416	7.416	3	epgrade:verified-benefit,signal:hasFact,signal:signed
УО	ВСЕ	2444	2770	продукты питания лагерь лето	182.736	182.736	3	epgrade:verified-benefit,signal:hasFact,signal:signed
УО	ВСЕ	2445	2771	продукты питания лагерь лето	111.5092	111.5092	3	epgrade:verified-benefit,signal:hasFact,signal:signed
УО	ВСЕ	2446	2772	продукты питания лагерь лето	14	14	3	epgrade:verified-benefit,signal:hasFact,signal:signed
УО	ВСЕ	2447	2773	продукты питания лагерь лето	47.3086	47.3086	3	epgrade:verified-benefit,signal:hasFact,signal:signed
УО	ВСЕ	2448	2774	ГСМ лагерь авансовый отчет	0.976	0.976	3	epgrade:verified-benefit,signal:hasFact,signal:signed
УО	ВСЕ	2449	2775	медикоменты лагерь авансовый отчет	6.8782	6.8782	3	epgrade:verified-benefit,signal:hasFact,signal:signed
УО	ВСЕ	2450	2776	мед.осмотр (авансовый отчет)	1.49	1.49	3	epgrade:verified-benefit,signal:hasFact,signal:signed
УО	ВСЕ	2451	2777	Закупка стульев и столешниц (субвенция)	348.55	0	2	comment:missing_procedure_ref,signal:planYearMissing
УО	ВСЕ	2452	2779	Обследование территории на наличие клещей	9.61748	9.61748	3	epgrade:verified-benefit,signal:hasFact,signal:signed
УО	ВСЕ	2453	2780	Яйцо куриное	450	0	2	epgrade:verified-benefit,signal:overdue
УО	ВСЕ	2454	2781	Куры-бройлеры	450	0	2	epgrade:verified-benefit,signal:overdue
УО	ВСЕ	2455	2782	Филе куриное	450	0	2	epgrade:verified-benefit,signal:overdue
УО	ВСЕ	2456	2783	Корнеплоды	450	0	2	epgrade:verified-benefit,signal:overdue
УО	ВСЕ	2457	2784	Картофель	600	0	2	epgrade:verified-benefit,signal:overdue
УО	ВСЕ	2458	2786	Хлебобулочные изделия	600	0	3	epgrade:unfounded,signal:overdue,signal:unmappedReasonEP
УО	ВСЕ	2459	2787	Фрукты свежие	500	0	3	epgrade:unfounded,signal:overdue,signal:unmappedReasonEP
УО	ВСЕ	2460	2788	Овощи (огурцы, помидоры)	450	0	2	epgrade:verified-benefit,signal:overdue
УО	ВСЕ	2461	2789	Рыбные продукты	500	0	3	epgrade:unfounded,signal:overdue,signal:unmappedReasonEP
УО	ВСЕ	2462	2790	Пельмени мясные	300	0	2	epgrade:verified-benefit,signal:overdue
УО	ВСЕ	2463	2791	Пельмени рыбные	450	0	2	epgrade:verified-benefit,signal:overdue
УО	ВСЕ	2464	2792	Вареники	330	0	2	epgrade:verified-benefit,signal:overdue
УО	ВСЕ	2465	2793	Моющие средства	63.24557	63.245	3	epgrade:discretionary,signal:hasFact,signal:signed
УО	ВСЕ	2466	2794	Моющие средства	48.50694	40.74	5	epgrade:discretionary,rule:status_on_data_rows,signal:epFactDeviation,signal:hasFact,signal:signed
УО	ВСЕ	2467	2795	Филе куриное	22.385	22.385	3	epgrade:verified-benefit,signal:hasFact,signal:signed
УО	ВСЕ	2468	2796	Полуфабрикаты (котлеты)	135.28725	135.28725	3	epgrade:verified-benefit,signal:hasFact,signal:signed
УО	ВСЕ	2469	2797	Полуфабрикаты (фарш)	45.96	45.96	3	epgrade:verified-benefit,signal:hasFact,signal:signed
УО	ВСЕ	2470	2798	Томаты , огурцы свежие	60	60	4	epgrade:verified-benefit,hygiene:G:space_before_punct,signal:hasFact,signal:signed
УО	ВСЕ	2471	2799	Филе куриное 2 полугодие	54.45	54.45	3	epgrade:verified-benefit,signal:hasFact,signal:signed
УО	ВСЕ	2472	2800	Хлебобулочные изделия	481.715	481.715	3	epgrade:verified-benefit,signal:hasFact,signal:signed
УО	ВСЕ	2473	2801	продукты питания (крупы, сахар, консервация, соки, масло растительное, соль, изюм, сухофру	480	469.29	5	epgrade:verified-benefit,rule:status_on_data_rows,signal:epFactDeviation,signal:hasFact,signal:signed
УО	ВСЕ	2474	2802	Миксер	89.5	89.5	3	epgrade:verified-benefit,signal:hasFact,signal:signed
УО	ВСЕ	2475	2803	Посуда	28.568	28.568	3	epgrade:verified-benefit,signal:hasFact,signal:signed
УО	ВСЕ	2476	2804	хоз.инвентарь	34.21	34.21	3	epgrade:verified-benefit,signal:hasFact,signal:signed
УО	ВСЕ	2477	2805	мед.услуги	29.5	29.5	3	epgrade:verified-benefit,signal:hasFact,signal:signed
УО	ВСЕ	2478	2806	камерная дезинфекция	60	60	3	epgrade:verified-benefit,signal:hasFact,signal:signed
УО	ВСЕ	2479	2807	аккарицидная обработка	10.5	10.5	3	epgrade:verified-benefit,signal:hasFact,signal:signed
УО	ВСЕ	2480	2808	обслуживание вентиляции	4.8	4.8	3	epgrade:verified-benefit,signal:hasFact,signal:signed
УО	ВСЕ	2481	2809	лампы, светильники	33.55	33.55	3	epgrade:verified-benefit,signal:hasFact,signal:signed
УО	ВСЕ	2482	2810	контур диадок	2.95	2.95	3	epgrade:verified-benefit,signal:hasFact,signal:signed
УО	ВСЕ	2483	2811	мед.услуги	23.116	23.116	3	epgrade:verified-benefit,signal:hasFact,signal:signed
УО	ВСЕ	2484	2812	испыт пожар лестницы	3.2	3.2	3	epgrade:verified-benefit,signal:hasFact,signal:signed
УО	ВСЕ	2485	2813	Покупка знаков  ПБ	4.42	4.42	4	epgrade:verified-benefit,hygiene:G:double_space,signal:hasFact,signal:signed
УО	ВСЕ	2486	2814	Учебные расходы	49.569	49.569	3	epgrade:verified-benefit,signal:hasFact,signal:signed
УО	ВСЕ	2487	2815	Дисплей интерактивный	187.9	187.9	3	epgrade:verified-benefit,signal:hasFact,signal:signed
УО	ВСЕ	2488	2816	Хозтовары	64.08182	64.08182	4	epgrade:unfounded,signal:hasFact,signal:signed,signal:unmappedReasonEP
УО	ВСЕ	2489	2817	ремонт холодильной витрины	10.248	10.248	3	epgrade:verified-benefit,signal:hasFact,signal:signed
УО	ВСЕ	2490	2818	Моющие средства	27.45558	27.45558	3	epgrade:discretionary,signal:hasFact,signal:signed
УО	ВСЕ	2491	2819	Моющие средства	41.15157	41.15157	3	epgrade:discretionary,signal:hasFact,signal:signed
УО	ВСЕ	2492	2820	Моющие средства	46.81479	46.81479	3	epgrade:discretionary,signal:hasFact,signal:signed
УО	ВСЕ	2493	2821	Папки и обложки из бумаги или картона	33.91325	19.33415	4	rule:status_on_data_rows,signal:hasFact,signal:highEconomy,signal:signed
УО	ВСЕ	2494	2822	Поставка робототехники	452.4	452.4	3	epgrade:discretionary,signal:hasFact,signal:signed
УО	ВСЕ	2495	2823	Поставка ламбрекенов и рулонных штор	589.651	589.651	3	epgrade:discretionary,signal:hasFact,signal:signed
УО	ВСЕ	2496	2824	Выполнение работ по облицовке стен кафелем в столовой	130.948	130.948	3	epgrade:discretionary,signal:hasFact,signal:signed
УО	ВСЕ	2497	2825	Моющие средства	112.60068	112.60068	3	epgrade:verified-benefit,signal:hasFact,signal:signed
УО	ВСЕ	2498	2826	Песок	15	0	2	epgrade:verified-benefit,signal:planSoon
УО	ВСЕ	2499	2827	Проекторы и экраны для проекторов	261	261	3	epgrade:discretionary,signal:hasFact,signal:signed
УО	ВСЕ	2500	2828	Выполнение работ по установке питьевых фонтанчиков	247.761	247.761	3	epgrade:discretionary,signal:hasFact,signal:signed
УО	ВСЕ	2501	2829	Поставка робототехники	174	174	3	epgrade:discretionary,signal:hasFact,signal:signed
УО	ВСЕ	2502	2830	выполнение работ по установке защитных сеток для окон в спортивном зале и оградительных ре	586.271	586.271	3	epgrade:discretionary,signal:hasFact,signal:signed
УО	ВСЕ	2503	2831	Краска	30.1338	30.1338	3	epgrade:verified-benefit,signal:hasFact,signal:signed
УО	ВСЕ	2504	2832	Метрологические услуги	27.37192	27.37192	3	epgrade:verified-benefit,signal:hasFact,signal:signed
УО	ВСЕ	2505	2833	Видеокарта	85	81.196	5	epgrade:verified-benefit,rule:status_on_data_rows,signal:epFactDeviation,signal:hasFact,signal:signed
УО	ВСЕ	2506	2834	СИЗ противопожарный	94.5	94.5	3	epgrade:verified-benefit,signal:hasFact,signal:signed
УО	ВСЕ	2507	2835	ТО Огнетушителей	12.96	12.96	3	epgrade:verified-benefit,signal:hasFact,signal:signed
УО	ВСЕ	2508	2836	моющие средства	16.89044	16.89044	4	epgrade:unfounded,signal:hasFact,signal:signed,signal:unmappedReasonEP
УО	ВСЕ	2509	2837	 Услуги по обеспечению пожарной безопасности (сигнализация)	25	25	5	epgrade:verified-benefit,hygiene:G:edge_space,hygiene:G:invisible_char,signal:hasFact,signal:signed
УО	ВСЕ	2510	2838	Обслуживание вентиляции	9.6	9.6	3	epgrade:verified-benefit,signal:hasFact,signal:signed
УО	ВСЕ	2511	2839	Обслуживание огнетушителей	10	10	3	epgrade:verified-benefit,signal:hasFact,signal:signed
УО	ВСЕ	2512	2840	Учебные расходы	988.54634	0	2	epgrade:verified-benefit,signal:epRisk
УО	ВСЕ	2513	2841	Заправка огнетушителей	22.182	0	1	epgrade:verified-benefit
УО	ВСЕ	2514	2842	Вирусологическое обследование	24.6282	0	1	epgrade:verified-benefit
УО	ВСЕ	2515	2843	Авансовый отчет(спецодежда)	4.8195	0	2	epgrade:verified-benefit,signal:planSoon
УО	ВСЕ	2516	2844	Производственный контроль (3,4квартал)	55	0	2	epgrade:verified-benefit,signal:planSoon
УО	ВСЕ	2517	2845	Обслуживание вентеляции МКУ ЕДДС	4.8	4.8	3	epgrade:verified-benefit,signal:hasFact,signal:signed
УО	ВСЕ	2518	2846	Пожарная дверь	38	0	1	epgrade:verified-benefit
УО	ВСЕ	2519	2847	Опрессовка	28	28	4	epgrade:verified-benefit,hygiene:C:registry_mismatch,signal:hasFact,signal:signed
УО	ВСЕ	2520	2848	Ремонт пароконвектомата АПК Атеси с заменой ТЭН-а	22.72	0	2	epgrade:discretionary,signal:planSoon
УО	ВСЕ	2521	2849	Ремонт плиты промышленной электрической с заменой переключателя	8.86	0	2	epgrade:discretionary,signal:planSoon
УО	ВСЕ	2522	2850	ТО огнетушителей, пож.кранов, пож.рукавов в школе и детском саду	75.7	0	3	epgrade:unfounded,signal:planSoon,signal:unmappedReasonEP
УО	ВСЕ	2523	2851	Закупка оснащения в учебные кабинеты школы (шкаф для учебных пособий 13 шт.)	422.46	0	3	epgrade:unfounded,signal:planSoon,signal:unmappedReasonEP
УО	ВСЕ	2524	2852	Закупка оснащения в учебные кабинеты школы (стул ученичекий 62 шт., ростовая группа 3,4,5,	423.88899999999995	0	3	epgrade:unfounded,signal:planSoon,signal:unmappedReasonEP
УО	ВСЕ	2525	2853	Закупка оснащения в учебные кабинеты школы (стол ученический 15 шт., ростовая группа 6, од	178.99300000000002	0	3	epgrade:unfounded,signal:planSoon,signal:unmappedReasonEP
УО	ВСЕ	2526	2854	Закупка оснащения в учебные кабинеты школы (стол ученический 32 шт., ростовая группа 5,6,7	286.175	0	3	epgrade:unfounded,signal:planSoon,signal:unmappedReasonEP
УО	ВСЕ	2527	2855	Закупка оснащения в учебные кабинеты школы (стол ученический лабораторный 8 шт., ростовая 	87.49399999999999	0	3	epgrade:unfounded,signal:planSoon,signal:unmappedReasonEP
УО	ВСЕ	2528	2856	Закупка оснащения в учебные кабинеты школы (стол ученический 17 шт, ростовая группа 3,4,5,	178.159	0	3	epgrade:unfounded,signal:planSoon,signal:unmappedReasonEP
УО	ВСЕ	2529	2857	Закупка оснащения в учебные кабинеты школы (стол ученический 28 шт., ростовая группа 3,4,5	237.074	0	3	epgrade:unfounded,signal:planSoon,signal:unmappedReasonEP
УО	ВСЕ	2530	2858	Закупка оснащения в учебные кабинеты школы	2218.7499999999995	0	4	epgrade:unfounded,signal:epRisk,signal:planSoon,signal:unmappedReasonEP
УО	ВСЕ	2531	2859	Поставка продуктов питания (вода, соки, печенье,вафли,приправы)	600	600	4	epgrade:verified-benefit,hygiene:G:missing_space_after_punct,signal:hasFact,signal:signed
УО	ВСЕ	2532	2860	Услуги по техническому обслуживанию и ремонту легковых автомобилей	26.4	26.4	4	epgrade:unfounded,signal:hasFact,signal:signed,signal:unmappedReasonEP
УО	ВСЕ	2533	2861	Услуги по техническому обслуживанию и ремонту легковых автомобилей	7.5	7.5	4	epgrade:unfounded,signal:hasFact,signal:signed,signal:unmappedReasonEP
УО	ВСЕ	2534	2863	Обращение с ТКО	19.2	19.2	4	epgrade:unfounded,signal:hasFact,signal:signed,signal:unmappedReasonEP
УО	ВСЕ	2535	2864	Услуги по утилизации неопасных отходов прочие (документы)	41.75	41.75	3	epgrade:verified-benefit,signal:hasFact,signal:signed
УО	ВСЕ	2536	2865	Услуги по ремонту оборудования (пищеблок)	14	14	3	epgrade:lawful-exclusive,signal:hasFact,signal:signed
УО	ВСЕ	2537	2866	Аварийное освещение (блок-вставка)  ул.Гришечко,7а кв.89	88	88	4	epgrade:lawful-exclusive,hygiene:G:double_space,signal:hasFact,signal:signed
УО	ВСЕ	2538	2867	Покупка песочниц	124.712	124.712	3	epgrade:lawful-exclusive,signal:hasFact,signal:signed
УО	ВСЕ	2539	2868	Ремонт электроплиты	14	14	3	epgrade:lawful-exclusive,signal:hasFact,signal:signed
УО	ВСЕ	2540	2869	Ремонт электрокотла	24.36	24.36	3	epgrade:lawful-exclusive,signal:hasFact,signal:signed
УО	ВСЕ	2541	2870	Услуги по ремонту оборудования (пищеблок)	21.64	21.64	3	epgrade:lawful-exclusive,signal:hasFact,signal:signed
УО	ВСЕ	2542	2871	Приобретение ТМЦ (сантехника)	60	60	3	epgrade:lawful-exclusive,signal:hasFact,signal:signed
УО	ВСЕ	2543	2872	Приобретение ТМЦ (сантехника)	60	0	1	epgrade:lawful-exclusive
УО	ВСЕ	2544	2873	Приобретение лакокрасочных материалов для ремонта	80	80	3	epgrade:lawful-exclusive,signal:hasFact,signal:signed
УО	ВСЕ	2545	2874	Приобретение стола производственного (по предписанию) 14 штук	190.62	0	2	comment:missing_procedure_ref,signal:planSoon
УО	ВСЕ	2546	2876	Приобретение ковров для групп	100	0	2	comment:missing_procedure_ref,signal:planSoon
УО	ВСЕ	2547	2877	Приобретение жалюзей (по предписанию)	21	0	1	epgrade:lawful-exclusive
УО	ВСЕ	2548	2878	Электроизмерения ( диагностика электросети с помощью приборов, чтобы предотвратить аварии,	34.5	0	1	epgrade:lawful-exclusive
УО	ВСЕ	2549	2879	Приобретения стульев офисных 5 штук	50	0	1	epgrade:lawful-exclusive
УО	ВСЕ	2550	2880	Приобретения спецодежды (10 чел)	50	50	3	epgrade:lawful-exclusive,signal:hasFact,signal:signed
УО	ВСЕ	2551	2881	Приобретения ламп светодиодных, плафонов	106.6	0	1	epgrade:lawful-exclusive
УО	ВСЕ	2552	2882	Приобретения брелка от шлакбаума, Гришечко 7А	6	0	1	epgrade:lawful-exclusive
УО	ВСЕ	2553	2883	Приобретения жалюзей, штор блэкаут для изостудии (2 больших окна)	60	0	1	epgrade:lawful-exclusive
УО	ВСЕ	2554	2884	Приобретения постельного белья, матрасов, подушек	410	0	2	comment:missing_procedure_ref,signal:planSoon
УО	ВСЕ	2555	2885	Приобретения стульев детских	310	0	2	comment:missing_procedure_ref,signal:planSoon
УО	ВСЕ	2556	2886	Ремонт автомобиля, погрузчика	75	0	1	epgrade:lawful-exclusive
УО	ВСЕ	2557	2887	Приобретения АКБ, замена тахографа	75	0	1	epgrade:lawful-exclusive
УО	ВСЕ	2558	2888	Приобретения пылесосов	30	0	1	epgrade:lawful-exclusive
УО	ВСЕ	2559	2889	Приобретения тепловых завес	13.798	13.798	3	epgrade:lawful-exclusive,signal:hasFact,signal:signed
УО	ВСЕ	2560	2890	Приобретения тепловых завес	49.202	0	1	epgrade:lawful-exclusive
УО	ВСЕ	2561	2891	Приобретения бака пищевого 30-40 литров	105	0	1	comment:missing_procedure_ref
УО	ВСЕ	2562	2893	Производственный контроль бассейн, пищеблок)	120	120	3	epgrade:lawful-exclusive,signal:hasFact,signal:signed
УО	ВСЕ	2563	2895	Услуги по ремонту оборудования (пищеблок)	46	0	1	epgrade:lawful-exclusive
УО	ВСЕ	2564	2896	Рельсовая система с классной доской и интерактивной панелью  (программное обеспечение в ко	1392.498	0	2	hygiene:G:double_space,signal:planSoon
УО	ВСЕ	2565	2897	Проведение предрейсовых и послерейсовых медицинских осмотров	44.34295	0	1	epgrade:verified-benefit
УО	ВСЕ	2566	2898	Соут	160.65	0	1	epgrade:verified-benefit
УО	ВСЕ	2567	2899	Закупка краски для косметич ремонта	70	0	1	epgrade:verified-benefit
УО	ВСЕ	2568	2900	Закупка ламп 	46.6	0	2	epgrade:verified-benefit,hygiene:G:edge_space
УО	ВСЕ	2569	2901	Закупка СМС (средства от несостоявшегося аукциона) моющие	27.9936	0	1	epgrade:lawful-exclusive
УО	ВСЕ	2570	2902	Поверка гидранта (осень)	2.9	0	1	epgrade:verified-benefit
УО	ВСЕ	2571	2903	Закупка огнетушителей 	46.915	0	2	epgrade:verified-benefit,hygiene:G:edge_space
УО	ВСЕ	2572	2904	Закупка сантехнич материалов, дверных ручек	13.789	0	1	epgrade:verified-benefit
УО	ВСЕ	2573	2905	пожарное испытание кровли в школе	45.9	0	1	epgrade:verified-benefit
УО	ВСЕ	2574	2906	выполнение работ по замене трубы водоотведения (1 этаж, правое крыло)	589.364	589.364	3	epgrade:discretionary,signal:hasFact,signal:signed
УО	ВСЕ	2575	2907	ремонт ворот	23.2	23.2	3	epgrade:verified-benefit,signal:hasFact,signal:signed
УО	ВСЕ	2576	2908	поверка гигрометров (гигрометр показывает правильную, точную влажность)	14.82544	14.82544	3	epgrade:verified-benefit,signal:hasFact,signal:signed
УО	ВСЕ	2577	2909	обслуживание вентиляции (Диагностика: проверка вентиляторов, двигателей, воздуховодов, эле	4.8	4.8	3	epgrade:verified-benefit,signal:hasFact,signal:signed
УО	ВСЕ	2578	2910	камерная дизенфекция постельного белья (1 раз в год)	46.08	46.08	3	epgrade:verified-benefit,signal:hasFact,signal:signed
УО	ВСЕ	2579	2911	Электролампы (аварийная замена) платные услуги	16.8	16.8	3	epgrade:verified-benefit,signal:hasFact,signal:signed
УО	ВСЕ	2580	2912	Лампы люминесцентные	9.64	9.64	3	epgrade:verified-benefit,signal:hasFact,signal:signed
УО	ВСЕ	2581	2913	Ремонт системы отпления	47.84351	0	2	epgrade:verified-benefit,signal:planYearMissing
УО	ВСЕ	2582	2914	Поставка мебели	256	256	3	epgrade:discretionary,signal:hasFact,signal:signed
УО	ВСЕ	2583	2915	Поставка мебели	360	360	3	epgrade:discretionary,signal:hasFact,signal:signed
УО	ВСЕ	2584	2916	Поставка мебели	360	360	3	epgrade:discretionary,signal:hasFact,signal:signed
УО	ВСЕ	2585	2917	выполнение работ по замене трубы водоотведения (1 этаж, левое крыло)	587.648	587.648	3	epgrade:discretionary,signal:hasFact,signal:signed
УО	ВСЕ	2586	2918	ремонт автобуса	55.7	55.7	3	epgrade:verified-benefit,signal:hasFact,signal:signed
УО	ВСЕ	2587	2919	инструменты для уроков труда (субвенция)	71.15	71.15	4	epgrade:verified-benefit,signal:earlyClosure,signal:hasFact,signal:signed
УО	ВСЕ	2588	2920	поверка пожар.рукавов	14.25	14.25	3	epgrade:verified-benefit,signal:hasFact,signal:signed
УО	ВСЕ	2589	2921	Краска	50	50	3	epgrade:verified-benefit,signal:hasFact,signal:signed
УО	ВСЕ	2590	2922	видеокамера	14.1	14.1	3	epgrade:verified-benefit,signal:hasFact,signal:signed
УО	ВСЕ	2591	2923	вешалки	6.4	6.4	3	epgrade:verified-benefit,signal:hasFact,signal:signed
УО	ВСЕ	2592	2924	ЭЦП	5	0	2	epgrade:verified-benefit,signal:planYearMissing
УО	ВСЕ	2593	2925	тех.осмотр	6	0	2	epgrade:verified-benefit,signal:planYearMissing
УО	ВСЕ	2594	2926	страховка автобуса	2	0	2	epgrade:verified-benefit,signal:planYearMissing
УО	ВСЕ	2595	2927	автозапчасти	70	0	2	epgrade:verified-benefit,signal:planYearMissing
УО	ВСЕ	2596	2928	Ремонт стиральной машины	23.163	23.163	4	epgrade:unfounded,signal:hasFact,signal:signed,signal:unmappedReasonEP
УО	ВСЕ	2597	2930	замена плинтусов и сливная арматура для компакт бачка	55	0	2	epgrade:verified-benefit,signal:planYearMissing
УО	ВСЕ	2598	2931	Поверка расходомеров 	14.03	14.03	4	epgrade:verified-benefit,hygiene:G:edge_space,signal:hasFact,signal:signed
УО	ВСЕ	2599	2932	видеорегистратор	22.424	22.424	3	epgrade:verified-benefit,signal:hasFact,signal:signed
УО	ВСЕ	2600	2933	мед.осмотр	240.01	240.01	3	epgrade:verified-benefit,signal:hasFact,signal:signed
УО	ВСЕ	2601	2934	счетчик воды	12.3	12.3	3	epgrade:verified-benefit,signal:hasFact,signal:signed
УО	ВСЕ	2602	2935	громкоговоритель рупорный	12	12	3	epgrade:verified-benefit,signal:hasFact,signal:signed
УО	ВСЕ	2603	2936	карнавальные костюмы	181.288	181.288	3	epgrade:verified-benefit,signal:hasFact,signal:signed
УО	ВСЕ	2604	2937	краска	68.5467	68.5467	3	epgrade:verified-benefit,signal:hasFact,signal:signed
УО	ВСЕ	2605	2938	Электролампы (аварийная замена) платные услуги	16.8	16.8	3	epgrade:verified-benefit,signal:hasFact,signal:signed
УО	ВСЕ	2606	2940	Элементы питания для пожарной сигнализации	15.31	15.31	3	epgrade:verified-benefit,signal:hasFact,signal:signed
УО	ВСЕ	2607	2941	Моющие средства	50.8	50.8	3	epgrade:verified-benefit,signal:hasFact,signal:signed
УО	ВСЕ	2608	2942	банер	26	26	3	epgrade:verified-benefit,signal:hasFact,signal:signed
УО	ВСЕ	2609	2943	Бензин АИ92	116.4775	0	2	epgrade:verified-benefit,signal:planYearMissing
УО	ВСЕ	2610	2944	содержание жилья (библиотека в многоквартирном доме)	39.04487	0	2	epgrade:verified-benefit,signal:planYearMissing
УО	ВСЕ	2611	2945	уборочный инвентарь	23.1354	0	2	epgrade:verified-benefit,signal:planYearMissing
УО	ВСЕ	2612	2946	обслуживание вентиляции	4.8	4.8	3	epgrade:verified-benefit,signal:hasFact,signal:signed
УО	ВСЕ	2613	2947	бланки строой отчётности	6.8	0	2	epgrade:verified-benefit,signal:planYearMissing
УО	ВСЕ	2614	2948	сифон	7.6	0	2	epgrade:verified-benefit,signal:planYearMissing
УО	ВСЕ	2615	2949	Дезар 2шт.	50	0	2	epgrade:verified-benefit,signal:planYearMissing
УО	ВСЕ	2616	2950	песок морской	9.45	0	2	epgrade:verified-benefit,signal:planYearMissing
УО	ВСЕ	2617	2951	техническое обслуживание мед.изделий	35.85	0	2	epgrade:verified-benefit,signal:planYearMissing
УО	ВСЕ	2618	2952	москитные сетки	62.6	0	2	epgrade:verified-benefit,signal:planYearMissing
УО	ВСЕ	2619	2953	поверка преобразователей	6.83	0	2	epgrade:verified-benefit,signal:planYearMissing
УО	ВСЕ	2620	2954	сан-гигиенические исследования	3.54049	0	2	epgrade:verified-benefit,signal:planYearMissing
УО	ВСЕ	2621	2955	Поставка продукции мукомольно-крупяного производства	5018.6155	5018.6155	2	signal:hasFact,signal:signed
УО	ВСЕ	2622	2956	разработка сметы "Система передачи извещения"	6	0	2	epgrade:verified-benefit,signal:planYearMissing
УО	ВСЕ	2623	2957	аварийно - ремонтные работы	29.88273	0	2	epgrade:verified-benefit,signal:planYearMissing
УО	ВСЕ	2624	2958	батарейки для АПС	4.64	0	2	epgrade:verified-benefit,signal:planYearMissing
УО	ВСЕ	2625	2959	Булочка ванильная 360 шт Булочка особая 460 шт Ватрушка с повидлом 360 шт Вафли 23 шт Пиро	342.7414	0	4	epgrade:unfounded,hygiene:G:edge_space,signal:planSoon,signal:unmappedReasonEP
УО	ВСЕ	2626	2960	Хоз товар (планируется с родительской платы)	9.19	9.19	3	epgrade:verified-benefit,signal:hasFact,signal:signed
УО	ВСЕ	2627	2961	Оказание услуг по камеральной обработке постельного белья	60.8	0	2	epgrade:verified-benefit,signal:planSoon
УО	ВСЕ	2628	2962	Поставка аккумулятора для мониторинговой охранной системы РСПИ «Струна» 	1.95	0	3	epgrade:verified-benefit,hygiene:G:edge_space,signal:overdue
УО	ВСЕ	2629	2963	Техническое обслуживание пожарных огнетушителей	22.565	0	2	epgrade:verified-benefit,signal:overdue
УО	ВСЕ	2630	2964	Медицинский осмотр	402.44	402.44	3	epgrade:lawful-exclusive,signal:hasFact,signal:signed
УО	ВСЕ	2631	2965	Сан. гигиена	128.8	128.8	3	epgrade:lawful-exclusive,signal:hasFact,signal:signed
УО	ВСЕ	2632	2966	ИП Веснин И.А. Обновление и сопровождение программы "Заработная плпта"	40	0	2	epgrade:unfounded,signal:unmappedReasonEP
УО	ВСЕ	2633	2967	Подготовка систем отопления и ГВСк осенне-зимнему отопительному периоду (опрессовка)	25	25	4	epgrade:unfounded,signal:hasFact,signal:signed,signal:unmappedReasonEP
УО	ВСЕ	2634	2968	Камерная дезинфекция постельных принадлежностей 	25	0	3	epgrade:verified-benefit,hygiene:G:edge_space,signal:planSoon
УО	ВСЕ	2635	2969	Закупка оснащения в учебные кабинеты школы (стол ученический 17 шт, ростовая группа 3,4,5,	1446.5	0	1	signal:planSoon
УО	ВСЕ	2636	2970	Моющие, чистящие средства	16.658	0	2	epgrade:verified-benefit,signal:planSoon
УО	ВСЕ	2637	2971	Аварийные работы пожарный трубопровод	25	0	1	epgrade:verified-benefit
УО	ВСЕ	2638	2972	Ремонт холодильной камеры	27.027	27.027	3	epgrade:verified-benefit,signal:hasFact,signal:signed
УО	ВСЕ	2639	2973	Приобретение знака (наклейка) пожарной безопасности	3.75	3.75	3	epgrade:verified-benefit,signal:hasFact,signal:signed
УО	ВСЕ	2640	2974	Учебные расходы	5.565	0	2	epgrade:verified-benefit,signal:planSoon
УО	ВСЕ	2641	2975	Учебные расходы	99.19	0	2	epgrade:verified-benefit,signal:planSoon
УО	ВСЕ	2642	2976	Учебные расходы	99.82	0	2	epgrade:verified-benefit,signal:planSoon
УО	ВСЕ	2643	2977	Санитарно-гигиеническое обучение (на 33 сотрудника; ежегодная закупка в соответствии с Сан	85.37	0	2	epgrade:verified-benefit,signal:planYearMissing
УО	ВСЕ	2644	2978	Ремонт кровли здания детского сада	218.8	0	3	epgrade:unfounded,signal:planSoon,signal:unmappedReasonEP
УО	ВСЕ	2645	2979	Приобретение кроватей	69	0	3	epgrade:verified-benefit,hygiene:C:registry_mismatch,signal:planYearMissing
УО	ВСЕ	2646	2980	Разработка программы ХАСП	35	0	3	epgrade:verified-benefit,hygiene:C:registry_mismatch,signal:planYearMissing
УО	ВСЕ	2647	2981	Замена уличных светильников (10 шт.)	68.75	0	3	epgrade:verified-benefit,hygiene:C:registry_mismatch,signal:planYearMissing
УО	ВСЕ	2648	2982	Поставка говядины замороженной (2 полугодие)	600	0	2	epgrade:verified-benefit,signal:planYearMissing
УО	ВСЕ	2649	2983	Поставка молока питьевого в тетра-пак упаковке	12	0	2	epgrade:verified-benefit,signal:planYearMissing
УО	ВСЕ	2650	2984	Овощи консервированные ( 2 полугодие)	240	0	2	epgrade:verified-benefit,signal:planYearMissing
УО	ВСЕ	2651	2985	Творог	57	0	2	epgrade:verified-benefit,signal:planYearMissing
УО	ВСЕ	2652	2986	Сметана	65	0	2	epgrade:verified-benefit,signal:planYearMissing
УО	ВСЕ	2653	2987	Масло сливочное ( 2 полугодие)	255	0	2	epgrade:verified-benefit,signal:planYearMissing
УО	ВСЕ	2654	2988	Фрукты (лимоны,яблоки, груши, бананы) ( 2 полугодие)	300	0	3	epgrade:verified-benefit,hygiene:G:missing_space_after_punct,signal:planYearMissing
УО	ВСЕ	2655	2989	Мукомольная продукция (мука, пшено)	20	0	2	epgrade:verified-benefit,signal:planYearMissing
УО	ВСЕ	2656	2990	аварийно ремонтные работы, ремонт кровли	48	0	2	epgrade:verified-benefit,signal:planYearMissing
УО	ВСЕ	2657	2991	аварийно - ремонтные работы (ремонт кровли)	156	0	2	epgrade:verified-benefit,signal:planYearMissing
УО	ВСЕ	2658	2992	аварийно ремонтные работы (замена труб в здании и на территории д.сада)	122.8777	0	2	epgrade:verified-benefit,signal:planYearMissing
УО	ВСЕ	2659	2993	Расходомер ВЭПС (не прошел поверку)	30.1	0	2	epgrade:verified-benefit,signal:planYearMissing
УО	ВСЕ	2660	2994	Замеры сопротивления изоляции	32	0	2	epgrade:verified-benefit,signal:planYearMissing
УО	ВСЕ	2661	2995	Оказание платных мед услуг	27.12	27.12	3	epgrade:discretionary,signal:hasFact,signal:signed
УО	ВСЕ	2662	2996	Оказание услуг по авторскому надзору и корректировке проекта ПСД	50	50	3	epgrade:discretionary,signal:hasFact,signal:signed
УО	ВСЕ	2663	2997	выполнение работ по монтажу щита управления и прокладки кабельных линий	585.238	585.238	3	epgrade:discretionary,signal:hasFact,signal:signed
УО	ВСЕ	2664	2998	выполнение работ по монтажу кабельных линий и пусконаладочных работ	377.811	377.811	3	epgrade:discretionary,signal:hasFact,signal:signed
УО	ВСЕ	2665	2999	Покупка со средств приносящих доход (Родительская плата) поддона в связи с аварийным состо	7.7	7.7	4	epgrade:verified-benefit,hygiene:G:edge_space,signal:hasFact,signal:signed
УО	ВСЕ	2666	3000	стирально-сушильная машина	83.799	0	2	epgrade:verified-benefit,signal:planYearMissing
УО	ВСЕ	2667	3001	Пластиковые окна	119.952	119.952	3	epgrade:verified-benefit,signal:hasFact,signal:signed
УО	ВСЕ	2668	3002	Твердотельный накопитель	9.798	0	2	epgrade:verified-benefit,signal:overdue
УО	ВСЕ	2669	3003	Замена пришедшего в негодность прибора измерения. 	34.2699	34.2699	4	epgrade:verified-benefit,hygiene:G:edge_space,signal:hasFact,signal:signed
УО	ВСЕ	2670	3004	Жалюзи ( за счет собственных средств(платные услуги)	7.39	7.39	3	epgrade:verified-benefit,signal:hasFact,signal:signed
УО	ВСЕ	2671	3005	Охрана труда обучение	71.2	71.2	3	epgrade:verified-benefit,signal:hasFact,signal:signed
УО	ВСЕ	2672	3006	Мониторы, подключаемые к компьютеру	54.38	53.58	5	epgrade:unfounded,signal:epFactDeviation,signal:hasFact,signal:methodReasonMismatch,signal:signed
УО	ВСЕ	2673	3007	Нанесение разметки в спортивном зале	150	0	2	epgrade:unfounded,signal:unmappedReasonEP
УО	ВСЕ	2674	3008	Ремонт наружного освещения (ЛСР 2 кв. 2026 года, дефектная ведомость	130.11498	0	3	epgrade:unfounded,signal:planSoon,signal:unmappedReasonEP
УО	ВСЕ	2675	3009	Хлеб недлительного хранения (сумма 1094,02989 это внебюджет) 	3000.19794	0	2	hygiene:G:edge_space,signal:planSoon
УО	ВСЕ	2676	3010	поверка гигрометров	10.2419	0	2	epgrade:verified-benefit,signal:planYearMissing
УО	ВСЕ	2677	3011	обработка постельного белья	20	0	2	epgrade:verified-benefit,signal:planYearMissing
УО	ВСЕ	2678	3012	Куры-блойлеры на 4 квартал	19	0	2	epgrade:verified-benefit,signal:planYearMissing
